annotation_id,image_id,category_id,bbox_x,bbox_y,bbox_w,bbox_h,score
1,1,16551,544.74,68.04,407.88,407.11,0.9915
2,1,27926,586.16,677.76,260.23,477.69,0.9786
3,1,24850,173.06,740.4,180.97,298.05,0.9684
4,1,1900,158.84,251.3,185.08,129.28,0.9595
5,10,16548,97.92,806.87,244.27,234.72,0.9919
6,10,1900,644.34,847.29,175.32,197.76,0.9659
7,10,29451,101.99,235.14,408.89,225.99,0.9643
8,10,21771,643.24,284.64,185.15,187.09,0.962
9,100,16548,585.21,131.36,231.62,222.52,0.9879
10,100,1900,136.84,238.17,175.96,173.68,0.9739
11,100,18110,40.15,760.7,309.04,279.37,0.9702
12,100,33009,504.7,789.26,402.18,211.77,0.9498
13,1003,16232,646.84,180.64,193.19,179.53,0.9944
14,1003,34597,23.35,145.08,479.91,440.93,0.9819
15,1003,3483,607.19,786.22,271.55,214.97,0.9782
16,1003,27733,105.23,765.88,329.0,276.64,0.9598
17,1004,16232,141.46,890.21,198.41,190.13,0.9924
18,1004,34597,493.98,643.98,482.02,467.03,0.9806
19,1004,27733,554.29,251.61,317.3,271.26,0.9796
20,1004,3483,122.76,302.84,269.16,211.73,0.9698
21,1005,16232,617.62,172.45,189.69,184.93,0.9918
22,1005,34597,8.46,119.72,464.17,442.04,0.9806
23,1005,3483,579.51,751.98,273.52,218.6,0.9782
24,1005,27733,75.52,724.1,325.77,274.36,0.7002
25,1005,35206,84.67,726.41,318.42,288.82,0.5501
26,1006,25367,33.8,179.5,457.09,420.72,0.9915
27,1006,25469,44.94,857.65,378.81,206.61,0.9887
28,1006,20238,614.56,195.52,226.31,216.53,0.9856
29,1006,3483,611.66,840.8,262.61,195.48,0.9729
30,1007,25469,9.85,817.2,377.04,210.25,0.9873
31,1007,25367,19.39,160.53,449.69,411.46,0.9858
32,1007,20238,585.23,188.95,224.92,218.23,0.9857
33,1007,3483,576.33,806.49,277.03,204.96,0.9802
34,1009,16262,549.07,191.39,249.58,227.17,0.9878
35,1009,25469,9.13,818.08,378.73,209.45,0.987
36,1009,3483,574.74,807.02,279.26,203.9,0.9802
37,1009,22347,78.52,195.63,202.52,198.2,0.9775
38,1010,25469,45.1,858.74,379.69,206.34,0.9886
39,1010,16262,578.97,198.11,250.78,228.04,0.9862
40,1010,22347,93.73,204.62,199.5,200.23,0.9846
41,1010,3483,608.66,843.95,267.65,194.91,0.9716
42,1012,16548,608.09,158.55,232.56,225.14,0.9862
43,1012,27926,567.76,633.24,253.18,474.21,0.971
44,1012,24850,134.22,693.99,190.5,305.97,0.9682
45,1012,1900,142.07,240.88,186.71,130.11,0.9475
46,1013,16548,102.88,866.51,241.02,235.62,0.9906
47,1013,27926,140.65,142.27,253.88,447.97,0.9834
48,1013,1900,632.11,893.19,194.06,137.44,0.9774
49,1013,24850,638.94,275.15,179.45,280.93,0.9703
50,1014,16548,635.91,161.86,240.8,223.77,0.9882
51,1014,27926,587.54,677.83,258.43,477.54,0.9775
52,1014,24850,172.24,737.26,181.16,300.5,0.9655
53,1014,1900,155.77,250.52,191.7,128.95,0.9634
54,1015,30308,49.03,134.11,411.85,395.63,0.992
55,1015,35206,660.6,178.57,216.2,417.35,0.9887
56,1015,20877,119.11,772.27,326.99,229.53,0.9764
57,1015,3483,652.44,738.28,203.91,287.02,0.9681
58,1016,30308,527.2,721.46,424.86,414.14,0.9945
59,1016,35206,99.0,668.99,232.57,422.74,0.9885
60,1016,20877,544.75,294.76,321.13,236.94,0.9822
61,1016,3483,142.12,286.32,209.48,268.61,0.9732
62,1018,30308,424.81,749.69,495.24,301.4,0.9921
63,1018,27733,548.12,255.94,320.09,262.62,0.9785
64,1018,29667,89.22,855.55,226.39,214.62,0.9716
65,1018,3483,125.32,304.58,268.81,208.72,0.9666
66,1019,30308,87.3,215.41,466.38,292.17,0.9767
67,1019,3483,606.64,784.35,269.78,217.77,0.9731
68,1019,27733,119.31,771.02,314.67,275.89,0.9596
69,1019,29667,668.74,171.73,224.69,204.01,0.9587
70,102,16548,610.52,134.99,237.24,227.91,0.9855
71,102,1900,151.65,252.21,184.69,170.4,0.9749
72,102,33009,528.63,834.91,395.29,201.55,0.9738
73,102,18110,73.56,806.5,306.8,272.67,0.965
74,1020,3483,579.86,752.04,273.78,218.49,0.9777
75,1020,30308,57.08,196.24,462.48,287.1,0.9581
76,1020,29667,638.38,164.85,220.6,205.38,0.9574
77,1020,27733,77.72,730.92,329.7,273.12,0.9159
78,1022,16551,618.74,21.96,286.56,472.56,0.9865
79,1022,29451,32.25,795.33,428.73,233.96,0.9768
80,1022,33208,589.67,812.19,207.45,201.19,0.9702
81,1022,1900,141.94,237.11,175.29,185.34,0.948
82,1023,16551,648.52,25.92,289.91,485.62,0.9876
83,1023,29451,58.45,844.86,429.23,219.78,0.9823
84,1023,33208,619.15,846.5,203.77,192.66,0.9755
85,1023,1900,167.23,244.09,171.18,195.21,0.9576
86,1025,16262,116.07,840.68,256.35,240.54,0.9894
87,1025,28763,637.14,859.99,225.94,216.23,0.9879
88,1025,20877,547.0,297.2,323.3,234.45,0.9836
89,1025,3483,141.63,285.44,211.42,269.89,0.9721
90,1026,16262,634.09,195.72,250.14,228.05,0.9846
91,1026,28763,128.62,200.51,217.19,213.71,0.9838
92,1026,20877,116.01,770.24,328.41,234.54,0.9755
93,1026,3483,649.76,741.72,208.32,283.0,0.9703
94,1027,16232,599.09,259.29,191.48,188.66,0.9923
95,1027,3351,354.92,880.71,187.99,197.68,0.9805
96,1027,13900,191.84,291.89,197.26,226.48,0.97
97,1028,16232,133.47,775.03,195.33,193.49,0.9922
98,1028,3351,391.03,154.65,183.45,194.78,0.9819
99,1028,13900,550.94,716.01,200.08,239.04,0.974
100,1029,16232,178.08,863.73,191.41,192.55,0.9907
101,1029,3351,434.69,214.47,182.86,189.59,0.9818
102,1029,13900,588.79,802.63,197.78,235.58,0.9727
103,1030,35206,570.47,122.9,248.72,387.99,0.9812
104,1030,3483,580.92,752.34,272.62,215.97,0.9779
105,1030,34597,29.55,134.95,477.98,424.46,0.9752
106,1030,27733,76.63,723.06,324.96,274.53,0.7338
107,1030,35206,85.64,726.63,317.67,289.33,0.5086
108,1034,19861,650.31,284.05,206.27,171.1,0.9879
109,1034,28763,644.51,878.82,223.59,222.45,0.9842
110,1034,36637,100.92,906.99,260.18,164.2,0.9706
111,1034,3483,151.19,215.55,248.53,228.94,0.9677
112,1039,25469,44.96,858.39,379.74,207.03,0.9888
113,1039,16262,576.85,199.71,253.1,227.23,0.9879
114,1039,28763,117.52,210.61,219.37,210.67,0.9874
115,1039,3483,611.15,842.5,263.62,193.98,0.9718
116,104,21325,613.16,760.11,179.55,232.87,0.9791
117,104,18357,99.45,611.51,259.08,356.48,0.9781
118,104,3351,324.95,203.79,180.74,190.93,0.9744
119,1041,16262,168.99,841.82,259.14,233.5,0.9874
120,1041,25469,575.16,236.62,370.86,208.25,0.9867
121,1041,28763,648.25,852.0,220.88,214.09,0.9857
122,1041,3483,124.4,274.2,270.19,192.71,0.9738
123,1043,35206,514.27,609.28,239.11,425.78,0.9885
124,1043,18357,49.56,630.92,271.17,343.4,0.9791
125,1043,3351,312.27,169.42,182.75,186.7,0.9789
126,1044,35206,546.71,709.53,244.77,417.97,0.9886
127,1044,3351,353.37,225.1,185.86,186.46,0.9773
128,1044,18357,88.86,726.11,278.11,342.84,0.9685
129,1045,28763,125.09,207.04,216.86,212.08,0.9835
130,1045,29667,593.03,175.5,223.62,205.54,0.977
131,1045,3483,620.58,713.11,212.35,283.0,0.975
132,1045,20877,47.56,756.27,316.4,255.8,0.9691
133,1046,28763,145.22,216.57,220.44,211.16,0.987
134,1046,20877,75.93,798.97,323.04,243.84,0.9743
135,1046,3483,649.51,742.4,207.88,281.63,0.9729
136,1046,29667,621.48,176.14,229.62,202.82,0.9703
137,1047,28763,620.97,842.63,222.06,216.63,0.9866
138,1047,20877,592.49,263.94,319.06,243.27,0.9836
139,1047,3483,139.72,281.51,210.47,268.7,0.973
140,1047,29667,133.95,850.41,230.59,221.09,0.9703
141,1050,22627,79.86,175.03,337.33,480.7,0.9819
142,1050,2483,645.42,94.9,197.94,479.29,0.9781
143,1050,5094,134.13,839.48,276.94,282.05,0.9772
144,1050,22362,603.51,782.2,264.6,409.97,0.9553
145,1051,5094,552.8,184.45,275.48,269.19,0.9856
146,1051,4378,136.26,107.42,214.28,445.67,0.9854
147,1051,23223,493.36,661.88,374.35,461.75,0.9854
148,1051,2483,91.51,678.46,221.35,477.24,0.9851
149,1053,23223,79.89,84.84,366.83,472.22,0.9831
150,1053,5094,102.63,796.4,280.13,274.74,0.9822
151,1053,2483,614.56,60.54,217.73,476.48,0.9814
152,1053,4378,586.08,699.67,226.08,472.97,0.964
153,1055,3483,572.75,760.09,277.52,216.69,0.9782
154,1055,29667,651.47,179.02,214.43,207.56,0.9609
155,1055,31885,46.9,48.77,426.6,462.81,0.96
156,1055,27733,67.03,728.33,334.16,265.91,0.8834
157,1056,31885,61.89,63.05,428.08,476.7,0.9794
158,1056,3483,600.86,795.21,267.04,210.35,0.9739
159,1056,27733,101.76,775.83,336.9,261.52,0.964
160,1056,29667,680.35,182.14,220.53,212.78,0.954
161,1057,12778,74.04,69.89,336.82,508.81,0.9813
162,1057,25438,106.94,827.15,254.11,259.98,0.9794
163,1057,2483,608.59,74.8,243.01,465.12,0.9786
164,1057,4378,641.28,714.4,219.57,459.73,0.9613
165,1058,12778,75.18,105.77,338.59,500.94,0.9866
166,1058,4378,651.56,710.99,216.16,471.31,0.9743
167,1058,2483,589.16,120.37,255.17,438.37,0.9724
168,1058,25438,107.99,839.69,259.16,264.47,0.9716
169,1060,2483,117.27,686.74,209.62,473.08,0.9893
170,1060,22627,519.94,637.26,364.07,469.97,0.9855
171,1060,13395,102.2,44.5,252.63,489.96,0.9839
172,1060,25438,554.3,205.97,247.7,248.57,0.9818
173,1064,20238,617.64,194.18,223.95,220.65,0.9887
174,1064,25469,45.5,857.82,378.88,207.22,0.9885
175,1064,34597,44.84,113.31,488.88,446.29,0.9774
176,1064,3483,612.04,841.5,261.84,195.03,0.972
177,1065,20238,140.55,851.39,228.35,227.71,0.9896
178,1065,25469,572.22,237.59,373.88,206.8,0.9871
179,1065,34597,477.91,668.17,485.31,467.3,0.9827
180,1065,3483,124.03,275.49,270.91,191.56,0.9717
181,1067,27653,667.67,256.06,225.88,201.8,0.9908
182,1067,16262,121.51,853.18,256.42,233.66,0.9875
183,1067,31885,562.69,678.72,396.76,517.74,0.9824
184,1067,3483,131.66,295.74,273.29,174.42,0.9571
185,1069,16548,637.28,161.9,241.86,224.64,0.9881
186,1069,1900,627.2,891.02,187.68,139.86,0.9787
187,1069,21771,116.83,200.52,185.0,187.45,0.9607
188,1069,21026,135.52,865.24,175.73,179.99,0.9407
189,1070,16548,98.29,865.54,244.72,235.66,0.9896
190,1070,1900,175.53,280.54,188.4,143.31,0.9748
191,1070,21771,689.17,880.96,191.46,193.37,0.9668
192,1070,21026,673.27,273.6,174.64,176.73,0.9628
193,1073,36637,639.24,173.25,175.04,251.52,0.9827
194,1073,22347,111.42,197.28,201.77,192.51,0.9826
195,1073,3483,539.31,766.79,258.62,238.58,0.9803
196,1073,27777,141.69,769.42,174.59,211.38,0.9704
197,1075,16551,92.45,583.86,333.13,474.72,0.9901
198,1075,4543,598.69,138.75,213.24,202.49,0.9677
199,1075,29871,600.02,776.24,208.68,222.55,0.9671
200,1075,3544,101.53,153.56,203.21,211.26,0.9567
201,1076,4543,127.09,914.69,219.76,213.67,0.9873
202,1076,16551,538.3,191.22,322.6,438.3,0.9842
203,1076,29871,167.42,284.15,199.38,211.9,0.9784
204,1076,3544,668.52,896.39,215.61,217.84,0.9734
205,1077,16551,124.1,644.5,334.16,459.32,0.9875
206,1077,29871,629.0,814.86,205.04,218.75,0.9825
207,1077,3544,115.7,158.38,207.05,211.64,0.9699
208,1077,4543,630.08,143.72,220.05,204.25,0.9634
209,1079,22347,118.96,216.81,205.52,202.56,0.9799
210,1079,3483,645.01,746.6,208.3,273.23,0.9749
211,1079,20877,72.98,795.91,324.64,247.1,0.9725
212,1079,29667,625.1,184.81,225.24,206.0,0.9634
213,108,2483,604.2,95.81,240.36,460.78,0.9816
214,108,25438,139.15,834.06,256.4,261.41,0.9788
215,108,12778,107.58,40.08,285.71,536.48,0.9764
216,108,22362,577.55,751.49,265.05,410.35,0.9676
217,1080,22347,100.57,208.66,202.74,198.84,0.9806
218,1080,29667,592.01,181.76,229.47,200.18,0.9784
219,1080,3483,619.52,716.31,211.62,280.4,0.9733
220,1080,20877,44.55,757.97,320.98,248.58,0.9699
221,1081,16551,479.31,200.16,452.0,330.29,0.9905
222,1081,44199,82.73,189.16,264.4,221.14,0.9808
223,1081,1900,610.6,900.0,193.24,140.04,0.9693
224,1081,21026,124.88,863.64,176.76,180.33,0.9308
225,1085,16232,624.77,216.21,192.55,184.22,0.9919
226,1085,25367,19.59,134.98,460.73,405.33,0.9915
227,1085,3483,618.87,713.2,212.91,279.0,0.9793
228,1085,20877,88.77,722.84,327.62,242.54,0.974
229,1087,16551,78.44,588.61,305.62,485.26,0.9881
230,1087,10221,628.98,204.81,211.76,211.3,0.9757
231,1087,3544,132.56,168.8,202.39,207.97,0.9677
232,1087,31705,562.93,666.4,262.84,439.36,0.9533
233,1089,10221,113.71,835.95,221.99,218.53,0.9876
234,1089,16551,582.56,174.8,293.16,463.04,0.9857
235,1089,3544,634.8,877.22,211.55,223.75,0.9714
236,1089,31705,140.79,128.29,261.22,418.72,0.9643
237,109,25367,574.79,712.9,401.15,509.46,0.9895
238,109,19861,649.21,284.49,207.52,169.26,0.9884
239,109,35206,108.25,775.19,296.75,400.15,0.9876
240,109,3483,149.34,214.11,249.85,230.85,0.9672
241,1092,16548,81.08,912.67,243.39,238.69,0.989
242,1092,1900,655.14,849.93,197.56,165.77,0.976
243,1092,44199,131.98,249.4,243.58,229.42,0.9756
244,1092,33009,563.77,214.13,333.6,290.43,0.9746
245,1093,19861,650.01,284.45,206.88,170.3,0.9872
246,1093,16262,102.13,857.07,258.0,235.43,0.9851
247,1093,34597,492.23,672.16,483.77,472.67,0.9794
248,1093,3483,150.81,215.32,247.86,229.86,0.9679
249,1095,19861,136.91,872.13,212.04,170.97,0.9881
250,1095,16262,639.55,184.87,253.53,223.52,0.9852
251,1095,34597,34.89,112.27,476.83,436.45,0.9748
252,1095,3483,600.72,861.76,253.97,241.31,0.9742
253,1096,16551,471.51,110.1,441.86,330.15,0.9816
254,1096,6563,159.25,671.15,223.35,365.95,0.9707
255,1096,3544,88.82,188.27,205.51,211.47,0.9626
256,1096,27993,560.48,771.8,291.57,249.55,0.9296
257,1097,16551,508.34,121.41,443.52,330.89,0.9857
258,1097,6563,192.72,716.42,212.64,359.35,0.9725
259,1097,3544,107.9,196.55,205.0,213.03,0.9663
260,1097,27993,588.75,811.52,284.6,234.0,0.9429
261,1098,16551,17.27,781.68,472.05,346.16,0.9859
262,1098,6563,580.33,231.07,209.93,337.15,0.9826
263,1098,3544,675.38,855.79,216.18,218.92,0.973
264,1098,27993,132.9,251.08,283.68,237.51,0.9558
265,110,25367,26.31,44.95,399.63,494.3,0.9919
266,110,35206,581.24,96.64,286.26,388.54,0.9879
267,110,19861,137.24,871.32,212.09,171.63,0.9875
268,110,3483,597.85,858.99,254.96,243.04,0.9758
269,1100,36637,639.11,174.1,177.21,249.84,0.9857
270,1100,3483,534.78,772.73,264.82,231.46,0.9787
271,1100,31885,56.84,101.36,401.96,491.64,0.9694
272,1100,27777,144.74,775.67,173.26,205.56,0.9629
273,1101,36637,666.78,178.17,183.81,256.95,0.9879
274,1101,31885,70.6,131.85,415.9,484.08,0.9864
275,1101,3483,567.76,804.26,255.09,228.5,0.9772
276,1101,27777,172.9,808.99,173.66,206.65,0.9679
277,1105,35206,599.32,127.57,257.73,400.13,0.9912
278,1105,22347,110.21,206.82,206.59,204.9,0.981
279,1105,3483,608.3,784.81,272.19,217.8,0.9725
280,1105,27733,105.25,766.7,330.4,275.96,0.959
281,1109,28763,134.87,220.83,217.3,213.12,0.9884
282,1109,16262,629.25,186.27,249.34,230.25,0.9845
283,1109,27653,93.73,850.99,225.01,208.49,0.9785
284,1109,3483,585.64,842.58,283.2,177.61,0.9562
285,1111,28763,109.36,185.1,211.38,211.14,0.9776
286,1111,29667,600.96,166.47,221.1,203.1,0.9698
287,1111,3483,559.37,810.0,282.35,180.78,0.9586
288,1111,27653,57.69,811.42,229.88,210.37,0.9512
289,1114,30308,546.86,704.19,416.04,412.42,0.994
290,1114,35206,103.89,685.31,198.73,432.06,0.9917
291,1114,27653,666.77,255.33,226.73,201.36,0.9906
292,1114,3483,139.6,294.84,265.52,170.97,0.9576
293,1115,30308,26.1,136.33,392.68,383.07,0.9949
294,1115,35206,646.69,142.93,201.12,412.79,0.9915
295,1115,27653,57.65,810.34,233.31,209.66,0.9771
296,1115,3483,561.41,811.4,284.0,180.83,0.9579
297,1116,30308,38.13,148.76,399.11,407.34,0.9935
298,1116,35206,678.83,152.84,200.69,425.88,0.9898
299,1116,27653,93.87,848.94,226.63,215.44,0.9732
300,1116,3483,596.66,845.72,267.82,173.23,0.9469
301,1118,16548,98.63,883.36,242.84,232.44,0.9888
302,1118,6563,587.03,233.74,205.11,343.24,0.9842
303,1118,29871,198.52,250.87,173.41,231.25,0.9835
304,1118,3544,678.58,852.16,211.69,224.26,0.9711
305,1119,16548,640.74,144.79,236.84,226.42,0.9866
306,1119,6563,190.49,708.18,212.34,364.39,0.9759
307,1119,29871,629.06,834.16,177.3,232.61,0.9747
308,1119,3544,110.4,196.56,206.19,214.92,0.9655
309,112,16551,153.47,583.55,302.58,472.49,0.9876
310,112,10221,639.1,195.98,218.2,217.03,0.9825
311,112,33009,545.68,807.49,397.42,214.42,0.9789
312,112,3544,124.98,226.95,207.78,208.52,0.9766
313,1121,25469,575.71,188.25,323.07,269.7,0.9853
314,1121,28763,611.48,862.27,226.75,214.55,0.9797
315,1121,3483,126.2,273.77,268.96,191.66,0.9737
316,1121,29667,136.94,867.53,230.79,220.24,0.9653
317,1123,25367,487.54,658.62,464.14,453.01,0.9891
318,1123,16262,154.11,811.33,258.89,233.44,0.9864
319,1123,27733,553.66,251.38,317.61,272.19,0.9809
320,1123,3483,122.14,303.2,270.4,211.0,0.9701
321,1125,25367,53.67,164.67,451.19,418.43,0.9858
322,1125,16262,590.93,230.67,251.63,227.31,0.9798
323,1125,3483,607.87,785.58,272.08,216.26,0.9739
324,1125,27733,115.14,762.14,317.28,273.64,0.9563
325,1126,16262,112.36,845.26,255.9,233.3,0.989
326,1126,20877,547.97,297.91,324.21,234.47,0.9846
327,1126,3483,143.18,284.36,210.7,268.72,0.9738
328,1126,31885,521.09,724.57,444.69,485.17,0.9734
329,1129,20238,112.37,853.0,229.89,231.18,0.9887
330,1129,22347,681.79,823.48,213.85,212.0,0.981
331,1129,27733,555.7,248.97,316.37,275.11,0.9756
332,1129,3483,121.96,301.77,270.29,211.97,0.9705
333,113,10221,131.82,845.45,221.51,222.42,0.9868
334,113,16551,531.06,229.6,311.34,454.07,0.9854
335,113,33009,73.93,267.8,370.16,219.8,0.9779
336,113,3544,656.71,829.02,216.34,212.36,0.9736
337,1135,16551,600.67,51.88,291.26,487.61,0.9874
338,1135,33009,527.37,830.43,390.19,205.73,0.9749
339,1135,1900,152.17,252.28,184.61,170.72,0.9707
340,1135,18110,74.86,801.19,307.55,277.57,0.9661
341,1136,16551,90.36,694.43,297.75,506.35,0.9845
342,1136,1900,645.1,849.77,191.9,182.31,0.9808
343,1136,33009,72.23,251.13,390.25,214.99,0.977
344,1136,18110,611.71,234.56,297.76,272.45,0.9633
345,1138,20238,594.46,173.63,216.93,216.44,0.9827
346,1138,34597,19.51,61.43,393.7,516.66,0.9783
347,1138,27653,57.34,813.66,236.54,211.6,0.9636
348,1138,3483,567.57,809.54,283.11,183.6,0.9587
349,114,16551,122.25,530.12,309.74,484.91,0.9896
350,114,10221,611.81,191.32,209.89,212.05,0.9842
351,114,3544,106.81,216.8,203.37,213.56,0.9742
352,114,33009,525.61,764.5,397.52,223.14,0.937
353,1140,20238,624.12,176.56,223.39,221.06,0.985
354,1140,34597,30.78,94.29,414.3,513.42,0.979
355,1140,27653,95.16,853.63,224.52,206.06,0.9637
356,1140,3483,598.52,844.9,267.92,173.93,0.9582
357,1141,12081,62.62,104.06,235.53,431.4,0.9869
358,1141,23223,576.47,565.23,293.91,524.39,0.9786
359,1141,25438,554.41,194.74,248.42,250.53,0.9781
360,1141,2483,66.46,658.05,302.89,432.21,0.9728
361,1142,23223,72.74,126.77,290.34,534.3,0.9889
362,1142,25438,119.74,819.45,254.24,261.06,0.9782
363,1142,2483,568.87,118.98,297.68,443.53,0.9756
364,1142,12081,646.58,700.09,248.05,457.82,0.9651
365,1143,23223,70.61,169.53,300.56,514.6,0.983
366,1143,25438,120.35,832.27,260.65,266.91,0.973
367,1143,12081,650.5,702.39,260.23,460.86,0.9645
368,1143,2483,560.1,166.27,300.91,416.19,0.9596
369,1144,25469,45.43,857.9,378.78,207.06,0.9882
370,1144,16262,573.17,203.46,256.67,226.88,0.9846
371,1144,31885,51.74,179.3,413.11,473.11,0.9797
372,1144,3483,611.24,840.88,263.44,195.31,0.9719
373,1148,16232,146.34,728.07,195.79,192.03,0.9932
374,1148,3351,387.76,160.9,177.61,190.4,0.969
375,1148,41768,539.88,632.28,272.72,302.54,0.7463
376,1148,15280,549.2,635.86,271.24,309.69,0.4538
377,1149,16232,189.61,814.24,194.08,192.33,0.9927
378,1149,3351,427.65,220.86,180.76,188.27,0.9801
379,1149,41768,569.21,729.35,275.07,284.85,0.8952
380,115,25367,485.3,640.04,443.84,470.14,0.989
381,115,36637,105.11,882.51,264.92,175.97,0.9816
382,115,27733,552.11,250.47,314.99,268.77,0.9785
383,115,3483,121.3,303.89,271.14,209.16,0.9697
384,1150,34597,69.87,42.2,434.52,493.13,0.9789
385,1150,3483,563.12,805.93,257.69,229.93,0.974
386,1150,27777,171.08,808.95,176.34,206.71,0.965
387,1150,29667,628.48,163.12,228.95,205.02,0.9529
388,1153,16232,642.7,167.65,195.75,189.3,0.9925
389,1153,19861,137.24,871.86,212.32,170.56,0.9876
390,1153,22347,143.03,205.92,204.33,202.88,0.9793
391,1153,3483,597.74,858.69,255.18,243.63,0.9746
392,1154,19861,102.96,832.61,214.64,176.56,0.9895
393,1154,16232,612.66,166.37,193.88,181.36,0.9883
394,1154,22347,124.98,197.96,204.21,200.68,0.9763
395,1154,3483,571.05,827.33,262.81,246.27,0.9627
396,1155,16232,144.97,897.34,194.97,189.23,0.9892
397,1155,19861,650.53,284.67,206.78,168.91,0.9888
398,1155,22347,640.74,856.64,215.88,212.45,0.9853
399,1155,3483,152.22,215.21,246.94,230.09,0.9705
400,1156,16262,576.97,318.27,252.86,229.04,0.9813
401,1156,3351,392.91,854.72,189.7,200.07,0.9802
402,1156,13900,183.48,287.08,198.25,223.22,0.9728
403,1157,3351,354.17,182.68,182.83,192.13,0.9833
404,1157,13900,548.95,717.11,211.7,237.78,0.9686
405,1157,16262,117.56,688.55,251.93,235.78,0.9621
406,1158,3351,396.59,240.49,182.82,190.02,0.9801
407,1158,13900,588.4,809.88,206.19,230.61,0.9746
408,1158,16262,159.44,773.81,253.95,234.07,0.9737
409,1159,16232,647.07,288.3,190.84,193.11,0.9938
410,1159,3351,402.13,805.96,186.98,196.49,0.9779
411,1159,18357,144.23,304.98,246.24,349.09,0.9639
412,1161,16232,130.33,812.23,193.5,189.66,0.9929
413,1161,3351,388.16,280.38,183.01,182.24,0.9795
414,1161,18357,573.88,623.06,257.15,360.08,0.9655
415,1163,16551,38.24,606.16,304.3,474.95,0.9867
416,1163,10221,664.41,198.32,220.97,210.46,0.9771
417,1163,29451,493.47,804.38,404.62,242.57,0.9724
418,1163,3544,118.43,178.04,207.05,207.14,0.9711
419,1164,16551,10.84,555.15,303.33,487.31,0.9864
420,1164,10221,631.92,192.33,213.51,208.61,0.9822
421,1164,3544,99.8,171.31,203.57,207.72,0.967
422,1164,29451,472.64,763.58,411.01,249.76,0.9477
423,1166,36637,133.36,824.47,179.35,270.11,0.9902
424,1166,25367,556.68,682.04,418.31,484.38,0.9881
425,1166,25469,572.69,192.52,326.25,269.75,0.9805
426,1166,3483,125.73,274.38,269.43,191.88,0.9717
427,1167,25367,35.4,89.7,401.01,480.63,0.9916
428,1167,36637,676.42,169.21,172.15,262.0,0.9885
429,1167,25469,87.83,836.31,327.11,286.48,0.9773
430,1167,3483,609.17,843.08,264.72,193.77,0.9715
431,1168,30308,26.65,28.64,366.78,409.84,0.9943
432,1168,25469,51.73,793.04,335.45,279.55,0.9801
433,1168,3483,577.37,807.65,274.94,203.6,0.9783
434,1168,29667,588.32,163.19,220.64,213.0,0.9702
435,1170,30308,36.69,34.4,374.11,427.18,0.9952
436,1170,25469,86.93,836.12,329.39,286.87,0.9773
437,1170,3483,608.95,841.71,265.17,195.58,0.97
438,1170,29667,616.84,167.64,228.42,211.25,0.9657
439,1171,16548,576.81,746.14,239.85,231.23,0.9897
440,1171,10221,96.91,787.79,218.41,217.56,0.9836
441,1171,3544,120.14,170.67,202.44,211.87,0.9733
442,1171,4543,629.93,149.07,212.71,203.55,0.9689
443,1173,16548,153.95,285.58,238.23,224.31,0.9884
444,1173,4543,101.9,904.5,212.23,211.15,0.9881
445,1173,10221,651.3,263.26,213.82,207.9,0.9756
446,1173,3544,643.92,873.73,219.06,217.36,0.9705
447,1174,30308,566.1,764.51,409.9,412.92,0.9939
448,1174,27653,668.98,252.46,228.02,206.62,0.9897
449,1174,29667,124.5,857.59,229.46,220.09,0.9753
450,1174,3483,132.27,295.12,273.03,174.71,0.957
451,1176,30308,21.72,82.74,400.71,404.89,0.9929
452,1176,27653,93.03,848.86,227.61,213.69,0.9749
453,1176,29667,630.28,168.88,225.37,203.52,0.9653
454,1176,3483,597.76,846.82,265.62,172.94,0.9537
455,1178,20238,574.79,192.31,219.11,212.46,0.985
456,1178,3483,543.76,768.21,255.44,239.55,0.9797
457,1178,31885,101.8,60.34,394.02,477.84,0.9675
458,1178,27777,142.04,772.29,173.66,209.47,0.9673
459,118,3351,458.66,843.25,184.49,192.49,0.9825
460,118,16688,419.06,74.66,440.02,511.66,0.9729
461,118,13900,62.07,317.83,232.56,207.98,0.9656
462,1180,3351,395.91,916.37,188.0,195.05,0.985
463,1180,21325,185.38,306.44,168.71,227.42,0.981
464,1180,19232,491.08,229.06,334.1,258.67,0.9552
465,1184,16548,144.01,881.18,243.34,232.99,0.9899
466,1184,1900,189.73,270.76,186.71,145.7,0.9739
467,1184,24850,672.53,826.33,189.47,304.54,0.9718
468,1184,21026,686.01,266.74,176.81,178.05,0.9499
469,1185,16548,599.32,152.1,236.76,223.72,0.9882
470,1185,1900,609.9,901.46,193.68,139.97,0.9702
471,1185,24850,131.39,137.69,189.0,301.67,0.9693
472,1185,21026,124.51,863.97,177.03,178.7,0.9243
473,1186,2483,87.77,687.19,230.25,463.59,0.9864
474,1186,4378,136.1,109.48,216.28,447.27,0.9859
475,1186,5094,552.25,185.07,277.53,269.39,0.984
476,1186,19552,507.12,557.28,330.62,487.82,0.9819
477,1187,2483,611.02,61.38,229.57,472.89,0.9814
478,1187,19552,107.63,167.88,315.63,489.75,0.9803
479,1187,5094,100.01,796.0,286.06,274.59,0.9787
480,1187,4378,587.01,709.48,223.26,465.75,0.971
481,1189,22627,92.43,132.16,306.95,495.37,0.9868
482,1189,2483,590.0,82.74,242.07,464.98,0.9831
483,1189,3743,111.84,785.54,329.6,321.26,0.9825
484,1189,12081,596.17,697.01,244.02,466.84,0.9712
485,119,3351,291.63,193.86,187.83,192.67,0.9757
486,119,13900,650.43,706.73,224.14,222.3,0.9699
487,119,16688,59.71,582.37,459.6,550.2,0.9539
488,1190,22627,89.39,173.15,313.5,466.34,0.9816
489,1190,2483,586.84,125.02,231.22,441.95,0.9809
490,1190,3743,114.57,799.69,337.49,326.35,0.9805
491,1190,12081,609.42,705.27,250.89,473.21,0.9703
492,1191,12081,105.87,95.72,239.1,433.3,0.9887
493,1191,3743,490.74,163.53,322.39,299.59,0.986
494,1191,2483,95.57,678.53,248.02,455.17,0.9859
495,1191,22627,522.08,582.02,315.0,485.08,0.9857
496,1192,16551,82.73,692.27,302.52,499.21,0.9833
497,1192,1900,645.45,849.26,192.16,182.37,0.9799
498,1192,33009,73.2,250.53,391.63,214.77,0.977
499,1192,24850,646.23,203.4,179.16,281.85,0.9624
500,1194,16551,611.08,59.29,284.74,490.42,0.988
501,1194,33009,540.69,830.56,387.39,204.52,0.9769
502,1194,1900,151.93,251.75,184.62,171.32,0.9733
503,1194,24850,165.7,816.9,179.94,305.27,0.9706
504,1196,35206,139.42,707.74,238.7,419.64,0.9886
505,1196,28763,611.65,885.26,219.72,219.1,0.9838
506,1196,27777,639.44,293.89,167.01,198.63,0.9838
507,1196,3483,176.19,276.58,252.86,222.76,0.9778
508,1197,35206,614.84,140.89,220.97,415.44,0.9899
509,1197,3483,569.52,803.26,255.39,230.49,0.9804
510,1197,28763,158.98,173.67,215.31,213.5,0.9776
511,1197,27777,173.98,811.2,175.32,205.08,0.9725
512,1198,28763,124.21,212.14,217.89,210.94,0.9867
513,1198,20238,600.65,196.28,226.47,217.39,0.9837
514,1198,3483,569.94,804.43,253.6,230.06,0.9771
515,1198,27777,173.77,811.82,174.29,204.8,0.9696
516,1199,20238,152.64,851.33,232.27,226.88,0.9865
517,1199,27777,642.57,293.39,164.57,200.1,0.9841
518,1199,28763,645.09,849.72,220.53,218.65,0.9795
519,1199,3483,176.44,271.76,252.82,224.28,0.9729
520,120,3351,334.71,253.4,182.2,188.52,0.982
521,120,16688,108.82,679.43,448.59,549.69,0.9656
522,120,13900,682.92,796.47,227.78,216.41,0.9577
523,1201,16548,581.21,210.29,231.06,228.0,0.9881
524,1201,12247,580.4,817.97,206.93,158.16,0.9685
525,1201,3544,143.19,178.47,198.53,211.52,0.9571
526,1201,21026,97.37,815.22,185.09,185.59,0.9149
527,1204,22074,703.07,271.96,169.38,181.44,0.9828
528,1204,3351,393.49,856.68,191.89,200.91,0.9746
529,1204,32310,68.08,208.83,324.9,258.59,0.9709
530,1206,22074,105.99,863.38,171.42,182.75,0.9815
531,1206,3351,397.53,222.13,182.85,188.12,0.9701
532,1206,32310,574.61,808.77,339.56,278.62,0.963
533,1207,16232,154.93,825.17,192.44,192.4,0.9914
534,1207,27777,639.4,293.32,167.09,199.29,0.9835
535,1207,22347,688.31,811.46,206.53,207.42,0.9798
536,1207,3483,176.46,275.87,251.84,223.23,0.977
537,1209,16232,643.53,247.11,187.43,182.51,0.993
538,1209,22347,100.97,255.85,203.85,204.14,0.9835
539,1209,3483,569.89,804.02,254.64,228.99,0.9805
540,1209,27777,174.32,810.99,175.1,206.46,0.9714
541,1210,35206,658.92,182.06,220.5,407.99,0.989
542,1210,34597,58.77,124.38,503.41,413.18,0.9788
543,1210,20877,119.29,773.73,328.04,228.51,0.9756
544,1210,3483,651.49,739.8,204.85,283.02,0.97
545,1212,35206,98.46,679.03,233.41,415.05,0.9874
546,1212,20877,548.31,297.01,328.3,237.7,0.9818
547,1212,34597,441.02,691.67,513.34,428.88,0.9818
548,1212,3483,137.28,284.36,212.96,267.76,0.9731
549,1213,2483,654.06,74.14,213.08,471.69,0.9854
550,1213,22627,95.24,2.4,311.35,491.19,0.984
551,1213,25438,125.65,835.13,253.85,257.36,0.9793
552,1213,5886,588.14,679.29,240.07,508.95,0.9607
553,1214,2483,648.79,102.37,202.63,463.88,0.9799
554,1214,22627,99.78,42.78,301.78,490.54,0.9771
555,1214,25438,127.99,846.02,256.8,265.16,0.9733
556,1214,5886,588.4,677.95,256.69,514.5,0.9683
557,1216,27926,148.23,174.42,260.64,446.63,0.9882
558,1216,10221,136.45,847.58,224.15,221.03,0.9846
559,1216,16551,619.41,179.29,282.36,463.61,0.981
560,1216,3544,659.75,861.14,215.02,217.75,0.9751
561,1219,16551,62.13,578.6,335.14,463.3,0.992
562,1219,10221,654.24,207.41,218.42,209.45,0.9742
563,1219,29345,573.63,663.0,275.75,458.57,0.9707
564,1219,3544,97.96,230.01,204.39,213.37,0.9674
565,122,25367,40.76,88.2,378.84,482.21,0.9905
566,122,3483,577.85,805.65,273.99,206.64,0.9793
567,122,25469,50.79,794.61,336.86,276.41,0.9774
568,122,29667,588.31,164.1,221.61,212.61,0.9691
569,1220,16551,96.08,630.14,329.67,455.6,0.9898
570,1220,10221,686.73,217.3,219.21,209.7,0.9773
571,1220,3544,119.98,245.41,205.16,209.74,0.9745
572,1220,29345,602.95,705.35,271.44,439.67,0.9742
573,1222,25367,82.64,106.95,337.98,496.19,0.9911
574,1222,36637,616.03,200.22,182.38,247.2,0.9857
575,1222,27653,56.31,812.78,235.99,212.41,0.9577
576,1222,3483,560.82,810.33,285.17,182.02,0.9557
577,1224,25367,104.88,116.68,333.53,515.37,0.9919
578,1224,36637,642.94,209.38,184.79,252.71,0.9878
579,1224,27653,93.28,852.86,224.72,207.61,0.974
580,1224,3483,587.57,841.96,281.23,177.9,0.9559
581,1226,35206,578.35,98.0,290.15,390.59,0.9887
582,1226,19861,138.05,872.64,210.71,169.96,0.988
583,1226,31885,125.76,11.85,323.7,534.75,0.982
584,1226,3483,597.83,859.8,255.96,241.41,0.9744
585,1227,35206,108.38,777.69,297.93,399.91,0.9887
586,1227,19861,650.14,284.63,207.57,169.45,0.9879
587,1227,31885,545.59,693.05,330.88,558.7,0.9731
588,1227,3483,150.99,214.39,246.53,233.16,0.9692
589,1232,31885,548.82,657.55,399.73,518.1,0.9849
590,1232,20877,596.16,262.59,317.43,246.44,0.9837
591,1232,3483,143.47,283.03,212.02,267.09,0.9719
592,1232,29667,133.35,846.61,230.35,222.01,0.9664
593,1235,16548,615.98,147.35,239.67,224.16,0.9873
594,1235,21771,161.18,798.53,187.09,192.26,0.9787
595,1235,33009,539.96,830.5,386.94,205.59,0.9764
596,1235,1900,151.22,251.58,184.84,171.19,0.9743
597,1237,16548,609.98,189.02,238.33,224.75,0.9874
598,1237,44199,626.96,808.85,169.1,271.78,0.975
599,1237,1900,106.95,268.51,185.23,128.72,0.9747
600,1237,31705,164.7,680.41,251.06,436.15,0.9643
601,1238,16548,128.81,842.0,244.67,237.9,0.9924
602,1238,44199,204.57,238.87,160.83,263.36,0.9743
603,1238,1900,690.58,877.8,189.59,137.69,0.9662
604,1238,31705,564.59,163.82,250.94,418.23,0.9533
605,1239,1900,89.38,255.17,177.71,133.48,0.9867
606,1239,16548,581.51,177.84,234.26,227.57,0.9863
607,1239,44199,599.86,771.2,170.88,286.99,0.9828
608,1239,31705,133.96,632.58,259.16,447.87,0.9203
609,124,16551,4.97,766.17,369.88,457.3,0.991
610,124,1900,175.32,279.21,190.26,144.06,0.9719
611,124,21771,688.2,881.74,191.49,193.72,0.9649
612,124,21026,672.56,271.6,175.12,178.35,0.9625
613,1242,16551,543.09,87.38,291.09,466.67,0.9911
614,1242,44199,631.37,811.62,168.85,273.86,0.9834
615,1242,29345,80.36,714.82,286.77,438.85,0.9745
616,1242,1900,158.94,257.57,120.32,206.89,0.959
617,1243,30308,44.29,150.75,393.22,415.28,0.9948
618,1243,35206,599.18,120.89,255.15,405.84,0.9896
619,1243,3483,609.25,785.13,271.24,217.17,0.9731
620,1243,27733,110.82,768.37,326.89,269.75,0.9583
621,1244,30308,553.59,697.48,399.71,419.16,0.9951
622,1244,35206,119.17,730.17,272.06,415.79,0.9888
623,1244,27733,552.76,251.77,317.5,271.42,0.981
624,1244,3483,120.92,303.71,272.37,209.04,0.9676
625,1245,30308,39.91,130.95,376.02,399.08,0.9945
626,1245,35206,571.56,117.07,245.57,393.45,0.9762
627,1245,3483,580.53,752.8,272.44,216.01,0.9747
628,1245,27733,77.26,722.72,323.0,275.21,0.7273
629,1245,35206,87.53,731.8,322.0,279.94,0.5337
630,1246,16262,575.77,191.71,248.59,226.07,0.9864
631,1246,3483,541.45,768.59,257.2,239.75,0.9795
632,1246,34597,40.6,59.34,433.01,494.61,0.9791
633,1246,27777,145.63,772.46,172.67,212.93,0.97
634,1248,16262,140.37,843.96,258.73,233.99,0.9874
635,1248,34597,508.93,650.99,454.72,497.85,0.9797
636,1248,27777,639.42,293.61,169.92,197.75,0.9787
637,1248,3483,178.63,273.91,250.37,222.85,0.9714
638,125,16551,620.34,29.84,347.24,446.79,0.9889
639,125,1900,626.7,891.0,188.68,139.91,0.9757
640,125,21771,117.6,198.74,183.21,188.16,0.9636
641,125,21026,136.35,864.44,175.98,180.63,0.9494
642,1250,12778,107.24,61.14,282.09,523.92,0.9778
643,1250,2483,608.73,106.88,212.24,444.37,0.9748
644,1250,4378,592.38,706.63,232.55,476.22,0.9744
645,1250,5094,102.11,806.66,288.07,280.93,0.9641
646,1251,2483,90.48,689.3,227.21,454.6,0.9877
647,1251,5094,555.92,184.85,269.25,267.43,0.9854
648,1251,4378,135.9,102.83,214.54,449.12,0.9837
649,1251,12778,545.85,626.56,298.9,531.44,0.9814
650,1252,30308,58.09,90.79,406.61,404.05,0.9931
651,1252,3483,645.77,748.4,207.73,270.59,0.9749
652,1252,20877,73.33,796.75,323.94,246.39,0.9684
653,1252,29667,623.61,182.72,228.22,204.93,0.9651
654,1254,30308,46.72,74.71,395.98,387.56,0.9903
655,1254,29667,596.3,178.19,219.93,205.88,0.9787
656,1254,3483,617.72,715.18,214.27,282.66,0.977
657,1254,20877,42.56,755.92,321.62,250.78,0.9701
658,1256,16551,94.15,657.66,302.56,490.23,0.9879
659,1256,19607,655.27,270.72,155.37,147.68,0.9756
660,1256,31705,129.0,108.7,245.26,418.78,0.9661
661,1256,1900,646.0,829.42,158.65,205.84,0.9523
662,126,16551,593.64,23.49,338.68,435.64,0.9868
663,126,1900,598.99,856.28,188.81,152.12,0.9775
664,126,21771,98.6,192.41,186.66,184.59,0.953
665,126,21026,103.35,827.37,180.27,183.23,0.8888
666,1261,16232,647.11,226.24,196.46,181.79,0.9913
667,1261,22347,139.98,164.2,207.56,202.86,0.9856
668,1261,27653,92.81,848.53,227.79,215.32,0.9752
669,1261,3483,597.95,845.75,266.2,174.14,0.956
670,1262,16232,617.37,216.84,190.19,182.0,0.9903
671,1262,3483,560.48,811.99,283.95,178.71,0.9594
672,1262,27653,58.15,810.2,232.3,212.8,0.9567
673,1262,22347,123.97,161.47,202.9,197.36,0.9524
674,1263,16232,141.74,842.66,199.27,189.85,0.9922
675,1263,27653,668.3,254.81,225.56,200.95,0.9908
676,1263,22347,645.75,898.27,210.63,214.08,0.9874
677,1263,3483,131.79,294.19,273.98,174.65,0.9566
678,1264,36637,233.09,317.43,198.63,242.15,0.9898
679,1264,3351,391.2,861.31,187.41,193.57,0.978
680,1264,31863,636.15,316.15,209.8,212.3,0.9525
681,1265,36637,509.23,663.11,203.45,252.32,0.9912
682,1265,3351,354.04,172.37,185.0,196.06,0.9776
683,1265,31863,81.54,701.77,208.16,212.19,0.9574
684,1269,36637,220.18,765.5,207.76,248.78,0.9936
685,1269,13900,612.8,768.41,174.54,255.36,0.9797
686,1269,3351,362.03,230.46,184.27,187.19,0.9744
687,127,6192,136.9,174.13,278.53,523.51,0.9861
688,127,2483,639.84,124.29,197.66,460.09,0.9814
689,127,5094,132.8,855.45,286.25,282.53,0.9798
690,127,22362,610.91,778.05,269.81,420.18,0.9556
691,1270,16548,112.84,850.45,243.73,238.18,0.9893
692,1270,27926,141.2,141.58,254.21,451.26,0.9826
693,1270,1900,632.6,895.05,193.08,137.53,0.9801
694,1270,18110,640.09,281.97,299.14,274.93,0.9676
695,1272,16548,626.18,176.07,239.29,226.82,0.9873
696,1272,27926,582.09,673.6,258.83,481.24,0.9803
697,1272,18110,44.7,760.74,305.68,258.31,0.9773
698,1272,1900,154.23,249.53,193.84,128.54,0.9669
699,1273,6192,548.69,596.98,289.41,533.38,0.9891
700,1273,2483,108.06,688.26,225.66,478.62,0.9878
701,1273,13395,105.29,29.68,247.88,490.98,0.9823
702,1273,25438,551.29,204.67,248.95,248.3,0.9778
703,1274,6192,105.24,82.41,285.63,541.94,0.9884
704,1274,2483,599.61,53.43,220.93,475.44,0.9815
705,1274,25438,122.88,811.98,249.39,251.22,0.9799
706,1274,13395,581.01,713.75,251.46,507.77,0.9487
707,1278,3832,142.63,612.53,311.87,410.71,0.9786
708,1278,3351,417.28,254.58,184.32,181.86,0.975
709,1278,38162,613.93,701.53,203.73,296.62,0.9719
710,1279,16551,90.79,757.81,299.03,508.35,0.9913
711,1279,21771,672.95,284.79,188.63,181.05,0.9731
712,1279,1900,649.46,859.15,195.59,154.96,0.9696
713,1279,31705,117.37,121.06,250.88,410.76,0.9677
714,128,6192,135.1,140.85,281.66,548.59,0.9871
715,128,2483,645.88,85.4,196.06,487.79,0.9819
716,128,5094,132.71,845.28,284.06,276.18,0.9799
717,128,22362,600.33,789.06,263.33,413.41,0.9565
718,1280,16551,567.34,0,287.38,462.01,0.9874
719,1280,1900,123.41,256.69,190.18,157.61,0.9732
720,1280,21771,87.31,805.71,195.67,189.35,0.9631
721,1280,31705,594.8,677.31,268.67,449.02,0.9496
722,1282,3743,496.02,121.84,316.59,304.76,0.9895
723,1282,2483,61.9,648.63,205.5,472.99,0.9846
724,1282,13395,76.07,82.29,239.83,480.68,0.9814
725,1282,19552,496.76,581.06,326.55,503.22,0.9803
726,1284,19552,116.97,114.71,321.26,515.5,0.9835
727,1284,3743,104.41,827.85,335.41,322.49,0.9828
728,1284,2483,664.06,89.99,208.31,477.66,0.9771
729,1284,13395,620.44,681.99,243.13,503.56,0.9761
730,129,6192,518.28,543.32,284.48,523.37,0.9892
731,129,5094,522.9,143.53,273.33,269.49,0.9845
732,129,2483,86.7,655.14,201.66,474.29,0.9836
733,129,22362,82.33,68.08,253.04,397.98,0.9768
734,1290,16548,532.4,138.47,233.37,224.75,0.9884
735,1290,29345,582.28,531.09,267.04,454.37,0.9715
736,1290,18110,42.28,733.88,310.03,276.74,0.9619
737,1290,1900,161.49,253.29,119.99,207.81,0.9619
738,1293,30308,103.62,94.42,319.35,431.13,0.9945
739,1293,20238,574.85,191.7,220.89,214.64,0.9844
740,1293,3483,538.23,774.65,267.45,232.39,0.9759
741,1293,27777,149.55,773.56,169.11,213.59,0.9637
742,1294,35206,677.06,152.2,203.28,426.69,0.9899
743,1294,34597,0,38.7,442.8,475.32,0.9812
744,1294,27653,93.92,851.97,223.19,209.39,0.9787
745,1294,3483,585.85,841.63,281.83,178.57,0.9556
746,1295,35206,646.7,146.94,200.15,407.16,0.9912
747,1295,34597,0,10.45,423.8,481.75,0.9761
748,1295,3483,562.59,812.07,280.68,180.45,0.9613
749,1295,27653,55.49,813.92,235.73,212.05,0.9613
750,1296,35206,106.7,686.98,199.3,430.63,0.9914
751,1296,27653,667.91,254.99,225.4,201.56,0.9906
752,1296,34597,551.99,715.71,424.01,503.85,0.9807
753,1296,3483,139.43,294.56,264.89,170.59,0.9555
754,1297,16548,150.62,246.24,232.5,222.88,0.9888
755,1297,4543,147.39,891.67,219.91,212.01,0.986
756,1297,12420,690.23,271.91,178.85,178.21,0.9835
757,1297,3544,645.5,911.61,213.03,225.53,0.9728
758,1298,16548,618.11,829.2,230.64,228.21,0.9869
759,1298,4543,608.75,167.34,213.14,202.31,0.984
760,1298,12420,114.88,855.74,187.46,189.45,0.9812
761,1298,3544,137.01,137.58,208.02,209.84,0.9674
762,13,16232,142.46,324.6,197.84,191.09,0.9923
763,13,3351,430.84,852.32,186.76,198.19,0.9826
764,13,33880,445.14,241.85,461.24,274.58,0.9782
765,130,30308,498.56,767.82,477.44,312.83,0.9911
766,130,36637,132.77,828.7,188.62,255.93,0.9895
767,130,27777,639.72,295.02,166.45,198.27,0.9833
768,130,3483,177.72,276.08,251.22,221.85,0.9751
769,1300,27653,93.59,848.48,226.47,215.42,0.9753
770,1300,31885,70.24,135.03,446.65,462.93,0.9738
771,1300,29667,630.43,169.76,226.02,202.71,0.9652
772,1300,3483,597.89,845.98,265.36,173.68,0.9495
773,1302,29667,600.72,166.01,220.62,204.01,0.97
774,1302,31885,61.31,115.21,434.01,442.48,0.9689
775,1302,27653,57.23,811.15,232.23,209.94,0.9677
776,1302,3483,558.44,811.74,285.17,179.2,0.9577
777,1305,16551,84.85,667.45,325.45,471.59,0.9904
778,1305,44199,129.63,298.8,285.92,142.07,0.9826
779,1305,1900,633.83,894.76,194.44,137.16,0.9777
780,1305,27926,594.49,163.0,256.91,437.52,0.9758
781,1309,28763,576.04,866.4,226.13,218.68,0.9877
782,1309,27733,542.61,253.47,330.16,259.92,0.9789
783,1309,29667,89.71,855.94,225.19,214.79,0.9742
784,1309,3483,122.17,303.41,270.83,209.63,0.9718
785,1311,28763,168.55,181.24,210.48,210.27,0.9835
786,1311,3483,579.29,752.82,273.0,216.92,0.9793
787,1311,29667,639.26,163.53,219.79,207.06,0.9454
788,1311,27733,77.88,730.31,328.42,274.34,0.9064
789,1312,22627,55.85,54.14,334.37,483.54,0.9855
790,1312,2483,612.48,61.33,252.38,454.87,0.9775
791,1312,5094,107.67,801.5,280.29,274.08,0.9682
792,1312,5886,588.08,680.47,244.0,512.32,0.955
793,1315,3351,422.98,874.78,187.23,198.11,0.9814
794,1315,16688,138.96,91.26,275.38,610.08,0.9487
795,1315,19232,544.89,201.93,297.96,292.42,0.9471
796,1316,3351,327.75,161.92,180.38,188.34,0.9694
797,1316,16688,507.22,465.35,291.34,644.02,0.9668
798,1316,19232,78.68,692.17,312.29,308.65,0.9348
799,132,36637,666.92,177.28,184.49,256.35,0.9898
800,132,30308,26.48,180.55,457.91,305.13,0.9838
801,132,3483,568.82,804.32,253.92,229.33,0.9812
802,132,27777,174.78,810.29,173.7,204.99,0.9702
803,1322,6192,484.95,597.74,332.07,500.37,0.9897
804,1322,2483,88.84,684.04,228.36,465.12,0.9846
805,1322,5094,555.01,185.29,271.06,268.46,0.984
806,1322,4378,135.38,108.83,217.23,442.85,0.9808
807,1323,6192,125.04,108.16,326.09,518.1,0.989
808,1323,2483,612.24,61.14,221.41,475.29,0.9825
809,1323,5094,101.76,795.06,282.57,274.55,0.9749
810,1323,4378,585.31,702.45,222.85,471.23,0.9647
811,1326,20238,597.91,839.74,225.3,219.53,0.9801
812,1326,3351,368.85,241.9,183.97,189.59,0.9763
813,1326,18357,146.67,674.2,282.83,343.64,0.9654
814,1327,16548,167.03,816.78,239.71,231.13,0.987
815,1327,29451,516.72,240.7,403.88,226.81,0.978
816,1327,44199,173.68,240.34,194.48,256.6,0.9776
817,1327,1900,645.21,845.81,174.54,198.82,0.9696
818,1328,16548,578.63,215.81,238.11,226.02,0.9873
819,1328,29451,57.94,843.3,428.36,221.0,0.9813
820,1328,44199,623.24,816.3,206.08,257.83,0.969
821,1328,1900,168.26,245.23,165.78,192.93,0.959
822,1329,16548,551.59,209.24,231.2,224.85,0.9889
823,1329,44199,593.69,782.83,214.68,269.45,0.9777
824,1329,29451,34.11,795.73,425.98,233.16,0.9721
825,1329,1900,146.97,235.87,167.38,190.2,0.9435
826,1330,35206,607.7,122.75,236.21,410.23,0.991
827,1330,34597,78.94,150.45,475.95,451.17,0.9792
828,1330,25469,89.94,834.89,325.76,287.41,0.9759
829,1330,3483,608.79,844.36,267.39,193.13,0.9676
830,1331,35206,585.41,109.57,215.97,406.08,0.99
831,1331,3483,577.38,806.06,275.88,204.88,0.9814
832,1331,34597,64.32,119.38,458.01,452.27,0.9811
833,1331,25469,55.4,789.23,336.92,283.36,0.9777
834,1332,35206,136.49,724.55,242.19,422.26,0.9893
835,1332,34597,451.41,630.52,478.26,472.97,0.983
836,1332,25469,571.84,192.51,326.03,270.72,0.9817
837,1332,3483,124.08,275.09,270.34,191.88,0.9719
838,1333,36637,160.89,286.33,190.06,241.4,0.9911
839,1333,3351,402.55,918.53,189.01,196.44,0.9758
840,1333,20014,572.18,281.68,344.41,314.13,0.9706
841,1337,16548,574.52,189.7,236.8,224.35,0.987
842,1337,18110,74.87,806.54,306.33,268.77,0.975
843,1337,29451,493.0,819.31,397.93,267.08,0.9749
844,1337,1900,167.64,243.25,168.45,193.55,0.9586
845,134,35206,647.35,142.26,200.76,414.15,0.9916
846,134,31885,42.07,17.45,347.86,505.9,0.9846
847,134,27653,57.88,810.75,231.65,211.7,0.963
848,134,3483,559.55,809.41,287.72,182.91,0.9593
849,1340,16548,182.05,824.65,245.42,234.45,0.9902
850,1340,1900,645.14,860.18,196.59,159.59,0.9737
851,1340,31705,129.38,104.9,247.36,421.13,0.9644
852,1340,24850,586.91,285.03,282.56,172.0,0.9632
853,1345,31885,162.64,136.44,410.53,486.83,0.9767
854,1345,25469,87.36,835.23,327.59,286.73,0.9755
855,1345,3483,610.74,841.02,262.53,195.03,0.9742
856,1345,29667,617.05,168.6,227.03,212.19,0.9619
857,1347,31885,428.73,621.24,407.33,501.06,0.9862
858,1347,25469,578.95,193.15,319.44,269.44,0.9854
859,1347,3483,126.83,274.35,268.66,191.93,0.9701
860,1347,29667,138.89,868.74,232.14,219.73,0.963
861,1348,22074,687.09,323.9,174.64,183.92,0.9807
862,1348,3351,364.06,877.24,185.93,196.05,0.9768
863,1348,31863,185.4,259.95,205.85,209.28,0.9447
864,135,35206,676.29,151.3,203.86,427.06,0.9911
865,135,31885,48.47,29.14,360.32,520.2,0.9882
866,135,27653,93.43,851.55,224.66,210.23,0.9682
867,135,3483,585.98,842.92,283.47,176.94,0.9542
868,1350,22074,120.95,828.62,174.61,180.73,0.9799
869,1350,3351,426.56,221.91,181.98,190.93,0.9633
870,1350,31863,583.39,854.5,212.4,210.04,0.9465
871,1353,16232,155.44,824.71,191.41,194.29,0.9919
872,1353,27777,639.37,293.79,167.16,199.31,0.9821
873,1353,34597,501.89,655.33,473.56,494.89,0.9798
874,1353,3483,176.22,276.84,252.79,223.19,0.9765
875,1354,30308,568.7,741.12,354.24,458.74,0.9941
876,1354,36637,171.07,798.96,185.9,255.31,0.9888
877,1354,20877,545.78,298.07,324.78,235.1,0.9844
878,1354,3483,137.74,283.99,212.28,269.47,0.9721
879,1355,30308,64.44,59.44,336.72,420.02,0.9941
880,1355,36637,604.18,202.1,178.44,250.1,0.9843
881,1355,3483,618.32,714.59,214.01,278.13,0.9762
882,1355,20877,87.18,729.41,331.27,238.94,0.9742
883,1357,16548,574.17,170.38,230.83,220.55,0.9875
884,1357,12420,624.27,812.89,191.63,189.3,0.9805
885,1357,6563,157.22,674.13,222.16,367.63,0.9727
886,1357,3544,94.15,221.61,203.66,210.14,0.9651
887,1358,16548,600.73,174.24,239.67,227.14,0.9893
888,1358,12420,654.38,845.19,184.79,188.61,0.9762
889,1358,6563,192.27,717.66,210.68,360.68,0.9755
890,1358,3544,109.93,232.48,206.42,210.33,0.9598
891,1359,16548,140.19,853.75,240.98,233.49,0.9914
892,1359,6563,582.33,230.44,208.79,339.35,0.9829
893,1359,12420,166.31,278.29,181.59,180.23,0.9817
894,1359,3544,675.75,822.23,213.52,219.26,0.9573
895,136,16551,81.81,646.95,315.8,492.57,0.9863
896,136,44199,131.73,250.59,244.08,229.43,0.9787
897,136,33009,558.45,206.63,345.19,296.37,0.9778
898,136,1900,654.96,853.74,196.02,161.02,0.9718
899,1361,3351,358.22,147.64,180.94,192.59,0.9813
900,1361,29667,625.68,687.88,233.6,221.85,0.9693
901,1361,19232,162.95,646.39,248.83,358.25,0.9507
902,1363,33880,418.64,243.53,469.45,285.52,0.9865
903,1363,16262,123.74,298.25,255.78,230.45,0.9859
904,1363,3351,434.98,882.88,186.1,197.15,0.9808
905,1366,27653,671.72,253.83,222.55,203.87,0.9904
906,1366,22347,665.35,837.58,207.64,207.63,0.9896
907,1366,29667,126.58,852.91,230.32,216.08,0.9693
908,1366,3483,131.68,295.17,273.25,173.65,0.9538
909,1367,22347,105.65,223.15,201.65,197.03,0.9749
910,1367,29667,600.77,165.96,220.52,203.17,0.97
911,1367,3483,558.95,810.23,285.1,182.22,0.9575
912,1367,27653,56.2,811.05,232.16,212.07,0.9425
913,1369,19861,136.86,871.27,211.89,170.78,0.9874
914,1369,16262,640.06,184.64,251.56,227.8,0.9851
915,1369,22347,118.44,207.24,205.85,205.48,0.9788
916,1369,3483,597.61,859.47,255.45,243.98,0.9709
917,1371,19861,103.27,832.83,213.31,176.13,0.9906
918,1371,16262,611.33,178.27,254.68,223.85,0.984
919,1371,22347,100.38,202.14,205.98,198.52,0.9704
920,1371,3483,571.78,827.76,262.29,247.32,0.9639
921,1372,3743,66.98,812.01,341.41,329.37,0.9801
922,1372,22627,72.84,104.35,325.16,468.49,0.9771
923,1372,2483,593.42,137.7,279.07,407.05,0.9669
924,1372,5886,607.39,693.84,246.37,518.97,0.923
925,1376,16551,85.8,697.78,299.95,501.55,0.985
926,1376,1900,642.87,855.57,195.41,172.61,0.9811
927,1376,33208,162.4,297.72,201.8,192.4,0.9776
928,1376,33009,586.79,242.53,359.99,240.79,0.9745
929,1377,16551,606.63,62.15,284.1,478.5,0.9883
930,1377,1900,152.27,254.67,185.37,163.1,0.9773
931,1377,33208,647.02,808.75,209.04,195.67,0.9711
932,1377,33009,36.69,818.84,379.83,242.26,0.9685
933,1378,35206,109.33,777.87,296.03,399.55,0.9901
934,1378,19861,649.18,284.36,207.57,169.99,0.9894
935,1378,22347,623.87,867.13,216.27,209.59,0.9772
936,1378,3483,152.34,214.53,246.7,232.88,0.9706
937,1379,35206,582.0,95.08,285.7,390.24,0.9875
938,1379,19861,139.22,873.76,212.9,169.61,0.9873
939,1379,22347,159.86,199.03,207.35,199.5,0.9798
940,1379,3483,597.99,859.21,255.63,244.5,0.9734
941,1381,3351,405.92,840.08,192.74,197.87,0.9754
942,1381,32310,32.16,225.03,356.0,240.97,0.9708
943,1381,21325,628.88,278.74,237.69,141.18,0.9497
944,1384,25367,35.94,99.15,430.42,449.32,0.9923
945,1384,20238,599.44,195.65,227.94,218.17,0.9858
946,1384,3483,569.94,805.16,253.58,230.51,0.9786
947,1384,27777,172.49,811.62,175.42,207.11,0.9651
948,1385,25367,25.74,85.68,418.41,439.07,0.99
949,1385,20238,570.07,188.92,223.78,219.24,0.986
950,1385,3483,543.48,769.07,255.04,239.75,0.9804
951,1385,27777,141.65,770.32,174.92,210.54,0.9616
952,1386,25367,524.51,697.53,442.62,474.38,0.9895
953,1386,20238,152.75,852.49,232.53,226.46,0.9878
954,1386,27777,641.19,293.1,166.36,199.25,0.9829
955,1386,3483,177.36,272.42,252.42,224.89,0.9743
956,1387,20238,601.43,181.98,220.15,217.39,0.991
957,1387,22347,111.47,236.34,205.49,204.05,0.9837
958,1387,20877,141.79,834.16,263.03,313.67,0.9799
959,1387,3483,645.39,752.39,194.19,283.6,0.9744
960,139,35206,585.83,109.88,216.09,406.42,0.9902
961,139,31885,9.35,52.84,383.28,492.36,0.9833
962,139,3483,574.29,807.68,279.2,205.45,0.9802
963,139,25469,51.51,794.53,337.56,286.11,0.9798
964,1390,22627,101.96,178.59,365.57,438.29,0.98
965,1390,25438,157.62,870.15,256.16,272.22,0.9753
966,1390,2483,597.55,120.6,207.89,459.85,0.9729
967,1390,22362,594.46,753.86,274.13,417.04,0.9561
968,1392,22627,98.15,140.31,369.86,448.56,0.9851
969,1392,2483,602.26,86.85,221.36,479.17,0.9809
970,1392,25438,149.52,855.34,256.15,261.77,0.9779
971,1392,22362,590.69,753.68,265.46,403.11,0.9603
972,1393,16262,141.43,844.35,257.08,230.34,0.9881
973,1393,22347,682.11,869.36,215.11,211.81,0.9857
974,1393,27777,639.86,292.75,169.99,199.01,0.9823
975,1393,3483,178.68,272.84,250.73,223.56,0.9756
976,1395,16262,575.32,193.17,248.55,226.0,0.986
977,1395,22347,87.65,190.16,201.18,197.69,0.9795
978,1395,3483,535.93,775.74,264.43,232.13,0.9767
979,1395,27777,142.37,770.87,173.71,210.39,0.9646
980,1396,13395,72.6,87.41,243.67,476.62,0.9835
981,1396,19552,497.47,589.32,347.06,488.6,0.9825
982,1396,2483,86.87,664.55,212.51,482.17,0.977
983,1396,5094,526.75,156.56,270.39,270.14,0.9728
984,140,35206,609.5,121.74,232.61,410.82,0.9886
985,140,31885,20.85,76.23,398.42,504.23,0.9872
986,140,25469,89.1,834.97,325.53,287.26,0.9763
987,140,3483,608.38,840.77,266.3,197.45,0.9716
988,1401,22347,651.99,850.1,207.67,210.26,0.9855
989,1401,25469,575.91,189.06,323.62,269.03,0.9851
990,1401,3483,126.97,273.93,268.38,191.81,0.9708
991,1401,29667,137.31,866.68,231.49,220.03,0.9684
992,1402,20238,85.11,332.62,230.82,225.61,0.9813
993,1402,3351,425.33,883.86,187.29,197.12,0.9808
994,1402,33880,436.52,203.95,400.33,350.86,0.9776
995,1404,3351,365.97,213.76,182.1,188.15,0.9802
996,1404,20238,666.47,760.77,230.18,225.82,0.9791
997,1404,33880,93.89,758.14,404.59,355.07,0.9587
998,1407,3351,381.63,229.22,178.9,183.95,0.9755
999,1407,38162,598.15,790.59,257.22,257.74,0.9733
1000,1407,33880,83.66,693.1,324.96,420.3,0.9708
1001,1408,16548,73.54,807.96,238.22,235.41,0.9882
1002,1408,1900,188.84,273.17,187.99,140.87,0.9758
1003,1408,33208,666.52,900.57,212.94,207.57,0.9752
1004,1408,21026,683.54,267.44,176.04,177.14,0.9543
1005,1411,30308,55.29,141.17,389.34,408.21,0.9935
1006,1411,36637,644.06,209.1,183.51,252.33,0.9877
1007,1411,27653,95.38,853.26,221.94,207.75,0.969
1008,1411,3483,586.18,842.4,284.02,177.02,0.9547
1009,1413,30308,538.76,716.35,417.94,409.09,0.9957
1010,1413,36637,153.63,802.17,192.18,252.71,0.9905
1011,1413,27653,663.47,251.36,226.65,205.47,0.9876
1012,1413,3483,136.07,294.3,268.27,172.54,0.9601
1013,1414,16548,53.63,777.05,237.78,227.59,0.9894
1014,1414,10221,605.43,189.55,213.1,212.26,0.9805
1015,1414,27926,543.49,600.45,275.03,473.98,0.9719
1016,1414,3544,103.95,185.14,206.47,209.63,0.9665
1017,1418,10224,557.11,83.9,251.6,402.1,0.9839
1018,1418,16551,99.42,641.85,297.26,499.92,0.9836
1019,1418,1900,128.45,252.19,188.2,161.86,0.9733
1020,1418,31705,587.06,684.12,263.2,445.88,0.9518
1021,142,16548,589.67,152.42,233.19,226.44,0.9873
1022,142,1900,583.78,866.38,193.51,149.09,0.9744
1023,142,44199,70.28,177.77,259.99,220.55,0.9743
1024,142,21026,90.82,825.57,181.26,181.1,0.933
1025,1420,3351,410.13,870.82,188.14,196.49,0.9777
1026,1420,41768,84.85,243.07,299.71,259.25,0.9762
1027,1420,16688,540.7,59.61,266.32,596.14,0.9439
1028,1421,3351,337.46,168.75,183.36,191.39,0.9803
1029,1421,16688,108.17,514.1,274.04,622.82,0.9649
1030,1421,41768,526.45,723.92,310.06,273.76,0.9602
1031,1424,35206,584.06,129.33,214.86,406.14,0.9887
1032,1424,3483,541.66,768.12,257.74,237.83,0.9749
1033,1424,31885,97.72,75.39,349.27,514.96,0.9681
1034,1424,27777,141.14,771.68,175.47,209.72,0.9657
1035,1425,35206,614.32,141.35,223.93,415.95,0.99
1036,1425,31885,110.94,97.06,360.48,535.54,0.9774
1037,1425,3483,572.33,803.44,252.62,230.14,0.975
1038,1425,27777,173.36,810.62,174.16,206.24,0.9686
1039,1429,16548,119.78,831.91,239.87,225.67,0.991
1040,1429,10221,686.97,217.29,218.73,208.76,0.9794
1041,1429,29345,604.71,708.59,270.79,439.86,0.9741
1042,1429,3544,119.44,245.58,205.27,209.42,0.9739
1043,143,16548,617.76,161.42,239.92,225.12,0.9893
1044,143,44199,86.52,188.45,263.72,221.14,0.9767
1045,143,1900,611.06,901.66,193.27,138.63,0.9688
1046,143,21026,125.08,862.36,177.32,180.96,0.9331
1047,1431,16548,86.23,790.37,242.86,231.47,0.9902
1048,1431,10221,654.46,206.83,217.99,210.13,0.972
1049,1431,29345,571.45,665.81,279.15,451.98,0.9708
1050,1431,3544,100.53,233.12,205.22,210.0,0.967
1051,1433,3351,371.25,171.33,176.78,184.32,0.975
1052,1433,32310,0.87,657.68,291.1,336.62,0.9732
1053,1433,38162,604.07,755.54,302.57,212.43,0.9292
1054,1435,20238,584.19,308.17,231.77,220.13,0.9877
1055,1435,3351,398.38,855.48,185.91,194.74,0.984
1056,1435,13900,168.49,350.23,172.0,244.75,0.9741
1057,1436,20238,110.78,697.36,230.7,234.37,0.9828
1058,1436,13900,594.77,630.69,175.34,263.75,0.9737
1059,1436,3351,352.72,184.95,179.07,188.55,0.9658
1060,1438,16548,202.35,840.02,245.8,237.09,0.9879
1061,1438,6563,581.63,230.99,208.3,337.79,0.9837
1062,1438,12247,174.21,304.91,198.19,126.52,0.9818
1063,1438,3544,701.27,852.65,208.24,217.56,0.9732
1064,1439,16548,508.95,177.6,235.45,227.09,0.9868
1065,1439,12247,588.6,851.51,209.59,127.31,0.9773
1066,1439,6563,160.33,671.44,221.66,365.38,0.9729
1067,1439,3544,72.42,199.79,202.1,199.41,0.9707
1068,1441,3483,579.65,751.89,273.26,218.79,0.9801
1069,1441,22347,117.69,168.53,199.25,198.03,0.9792
1070,1441,27733,75.42,731.89,330.25,272.14,0.9233
1071,1441,36637,596.14,201.8,242.18,173.45,0.9095
1072,1442,22347,132.18,173.71,204.35,203.87,0.9906
1073,1442,3483,608.56,785.45,270.71,216.52,0.9762
1074,1442,27733,119.31,774.12,315.14,273.53,0.9562
1075,1442,36637,626.14,208.81,253.65,177.07,0.9525
1076,1444,3743,482.17,149.49,318.57,302.87,0.9895
1077,1444,23223,528.69,623.21,292.24,530.5,0.988
1078,1444,2483,98.98,695.78,202.12,479.79,0.988
1079,1444,4378,131.12,107.79,225.28,442.54,0.9798
1080,1446,3743,122.05,805.49,332.53,318.56,0.9837
1081,1446,23223,123.68,71.66,286.88,523.86,0.9831
1082,1446,2483,628.77,38.54,197.89,484.71,0.9751
1083,1446,4378,583.25,713.14,233.65,458.43,0.9695
1084,1447,16548,42.86,790.77,238.35,232.58,0.9922
1085,1447,10221,632.07,192.36,214.16,208.54,0.9851
1086,1447,3544,99.78,171.7,204.09,207.9,0.9615
1087,1447,29451,470.94,763.96,408.7,257.59,0.9569
1088,1449,16548,76.32,832.8,237.19,225.78,0.9887
1089,1449,10221,665.34,197.55,220.05,211.04,0.9778
1090,1449,29451,498.22,805.22,410.37,238.02,0.9702
1091,1449,3544,113.5,177.19,213.11,208.36,0.97
1092,1450,25438,119.73,809.62,257.13,258.79,0.9791
1093,1450,2483,599.73,52.04,215.92,478.22,0.9783
1094,1450,12778,114.45,67.64,289.59,528.56,0.9729
1095,1450,13395,578.7,719.89,252.27,501.21,0.9412
1096,1452,2483,597.25,90.85,203.74,451.63,0.9793
1097,1452,12778,115.17,92.52,278.63,528.87,0.9793
1098,1452,25438,123.55,818.83,260.91,270.89,0.9787
1099,1452,13395,587.41,716.61,254.87,513.48,0.9734
1100,1453,18357,49.45,313.66,275.68,318.85,0.9792
1101,1453,3351,459.07,904.51,185.58,193.97,0.979
1102,1453,16688,475.33,118.44,421.84,525.2,0.9718
1103,1455,3351,334.36,192.01,183.85,183.49,0.9768
1104,1455,18357,639.88,656.68,294.8,331.95,0.9716
1105,1455,16688,69.53,616.65,426.14,560.81,0.9669
1106,1458,23223,79.57,170.38,291.44,521.96,0.9862
1107,1458,2483,607.78,77.92,237.96,465.08,0.9823
1108,1458,25438,105.62,826.05,252.45,260.28,0.9784
1109,1458,4378,639.78,712.36,222.57,459.03,0.952
1110,1459,5094,103.8,804.08,282.3,287.04,0.9816
1111,1459,22627,68.56,190.32,317.99,467.29,0.9796
1112,1459,12081,645.9,690.78,254.17,461.18,0.9609
1113,1459,2483,623.55,80.12,219.76,453.05,0.9596
1114,146,16232,154.84,824.44,192.62,192.92,0.9919
1115,146,27777,639.75,293.55,166.38,199.78,0.9841
1116,146,31885,561.52,678.19,397.2,517.83,0.9816
1117,146,3483,167.62,270.12,262.38,231.86,0.9754
1118,1460,12081,70.5,110.8,232.86,431.75,0.9886
1119,1460,2483,58.79,709.82,241.52,463.16,0.9861
1120,1460,22627,537.51,564.06,327.98,483.8,0.9816
1121,1460,5094,552.6,185.5,273.98,268.04,0.9791
1122,1461,22627,60.11,150.96,328.22,478.29,0.9835
1123,1461,5094,106.62,796.33,274.52,277.74,0.9832
1124,1461,2483,628.64,46.44,235.31,467.0,0.9761
1125,1461,12081,642.17,681.75,240.66,462.07,0.9687
1126,1462,27653,666.81,254.23,225.69,202.6,0.9902
1127,1462,25367,510.29,668.68,454.86,474.86,0.9897
1128,1462,20238,132.82,867.65,230.45,231.44,0.9876
1129,1462,3483,129.56,295.48,274.62,173.98,0.9614
1130,1463,25367,49.53,126.88,430.4,449.18,0.9908
1131,1463,20238,622.6,175.65,225.46,221.45,0.9843
1132,1463,27653,93.99,848.24,227.83,215.9,0.9774
1133,1463,3483,588.61,842.74,281.06,177.3,0.9605
1134,1464,25367,31.39,109.1,426.18,441.83,0.9905
1135,1464,20238,594.96,174.48,216.89,216.17,0.9814
1136,1464,27653,58.38,811.53,231.85,211.1,0.9718
1137,1464,3483,562.41,810.5,284.86,180.73,0.9535
1138,1466,16262,594.44,182.72,246.53,225.45,0.9854
1139,1466,22347,105.39,174.56,200.26,198.84,0.9752
1140,1466,3483,565.03,809.86,284.37,184.86,0.9601
1141,1466,27653,55.68,812.34,234.62,211.39,0.9527
1142,1473,16551,562.2,85.04,292.89,494.72,0.9852
1143,1473,19607,147.24,218.38,157.06,150.31,0.9762
1144,1473,1900,616.24,857.6,190.54,166.65,0.9667
1145,1473,21026,124.54,859.88,178.39,184.03,0.9206
1146,1474,34597,53.5,91.9,466.78,454.29,0.9794
1147,1474,3483,607.18,784.41,270.6,215.73,0.9714
1148,1474,36637,626.08,207.44,253.78,176.95,0.9677
1149,1474,27733,111.03,768.02,326.46,269.51,0.9568
1150,1476,3483,580.13,751.51,274.18,217.64,0.9759
1151,1476,34597,40.06,60.52,456.49,457.91,0.9727
1152,1476,36637,594.12,205.76,247.16,169.82,0.9524
1153,1476,27733,77.81,722.2,324.04,276.25,0.8017
1154,1476,35206,87.56,732.5,320.97,278.54,0.4095
1155,1477,36637,91.6,225.64,233.07,221.63,0.9879
1156,1477,18357,352.34,681.09,259.89,362.3,0.9759
1157,1477,3351,651.16,287.21,181.7,189.58,0.9704
1158,148,3351,402.26,848.97,186.74,196.3,0.9817
1159,148,20238,119.43,296.75,227.22,223.43,0.9803
1160,148,19232,501.35,228.31,328.81,268.75,0.9509
1161,1480,16548,170.98,837.09,242.3,232.46,0.9909
1162,1480,6563,592.97,239.21,203.73,338.51,0.9836
1163,1480,10221,165.54,260.51,212.19,207.21,0.9787
1164,1480,3544,642.55,870.98,211.3,219.06,0.9709
1165,1483,35206,109.51,777.16,295.2,399.06,0.9885
1166,1483,19861,648.98,284.19,207.98,169.38,0.9884
1167,1483,28763,629.45,894.25,220.35,224.02,0.987
1168,1483,3483,151.59,214.65,246.29,232.16,0.9667
1169,1485,35206,581.98,97.56,285.75,388.61,0.9897
1170,1485,19861,138.19,871.34,210.9,171.59,0.9871
1171,1485,28763,142.43,163.13,217.44,212.63,0.9855
1172,1485,3483,601.17,861.56,252.12,241.7,0.9734
1173,1488,3351,391.16,202.98,184.63,189.2,0.9805
1174,1488,21325,207.14,820.79,207.63,208.8,0.9748
1175,1488,31863,627.33,827.26,206.48,208.26,0.9616
1176,1489,3351,404.24,847.35,184.68,192.86,0.9821
1177,1489,20238,183.07,280.79,228.13,221.98,0.9616
1178,1489,20014,533.7,289.33,346.09,312.18,0.9515
1179,149,3351,347.49,190.78,179.99,187.86,0.9814
1180,149,20238,590.98,711.97,230.58,229.94,0.9799
1181,149,19232,94.53,691.56,342.78,273.62,0.9433
1182,1492,18147,519.81,300.99,357.67,356.58,0.9762
1183,1492,21325,185.77,277.36,157.44,235.03,0.9747
1184,1492,3351,379.22,899.93,188.02,197.39,0.974
1185,1493,21325,595.3,722.07,161.88,245.04,0.9746
1186,1493,3351,370.58,135.55,180.03,194.12,0.974
1187,1493,18147,46.69,545.07,362.7,383.47,0.9509
1188,1497,19861,96.21,829.88,214.56,181.07,0.9882
1189,1497,29667,607.32,192.08,223.62,211.02,0.9642
1190,1497,3483,560.77,831.35,261.45,249.66,0.9622
1191,1497,34597,58.29,37.39,324.25,533.27,0.9552
1192,15,16232,643.58,791.31,194.96,193.36,0.9934
1193,15,3351,360.73,247.19,183.54,186.64,0.9834
1194,15,33880,18.36,793.48,468.91,269.14,0.9734
1195,150,20238,631.79,804.55,229.01,218.37,0.9809
1196,150,3351,388.83,249.87,183.08,185.57,0.9799
1197,150,19232,126.03,796.95,344.11,267.92,0.9485
1198,1500,3351,350.85,234.9,183.27,186.9,0.9766
1199,1500,38162,193.76,728.44,194.36,307.65,0.9678
1200,1500,41768,570.81,863.72,338.59,178.26,0.9159
1201,151,16548,94.02,821.51,244.92,230.24,0.9883
1202,151,29451,518.03,240.75,401.25,226.69,0.9761
1203,151,33208,189.39,266.81,207.86,195.08,0.9705
1204,151,1900,645.77,842.4,175.33,201.81,0.9684
1205,152,16548,614.89,203.93,236.12,222.6,0.9817
1206,152,29451,33.18,795.89,428.31,233.79,0.9764
1207,152,33208,589.57,812.48,207.65,201.57,0.9703
1208,152,1900,146.37,235.88,169.28,191.13,0.9506
1209,153,16548,643.78,211.34,237.43,227.33,0.9847
1210,153,29451,58.6,843.76,428.93,219.12,0.9836
1211,153,33208,619.75,846.34,202.58,192.98,0.9743
1212,153,1900,167.83,244.36,166.15,194.68,0.957
1213,154,23223,93.69,140.92,310.14,507.43,0.9878
1214,154,2483,612.84,61.29,252.61,453.52,0.9765
1215,154,5094,108.82,798.9,278.94,276.42,0.958
1216,154,5886,587.97,679.5,245.17,513.31,0.9531
1217,155,23223,535.81,572.04,320.89,510.77,0.9859
1218,155,2483,70.82,700.7,250.1,460.41,0.9848
1219,155,5094,548.59,181.73,275.32,267.96,0.9777
1220,155,5886,107.99,77.88,241.76,479.0,0.9743
1221,156,23223,97.59,169.99,308.07,491.74,0.9858
1222,156,5094,108.51,811.13,283.37,283.42,0.9828
1223,156,2483,601.39,110.13,254.54,431.66,0.973
1224,156,5886,590.17,685.2,261.74,515.25,0.955
1225,157,25367,92.72,85.53,407.4,457.01,0.9887
1226,157,16262,575.66,192.24,247.86,225.01,0.9859
1227,157,3483,536.38,773.96,263.53,230.92,0.9806
1228,157,27777,142.23,774.51,174.23,212.65,0.9674
1229,159,25367,108.29,102.43,409.15,465.66,0.9901
1230,159,16262,605.05,197.09,252.94,228.65,0.9857
1231,159,3483,572.44,804.87,252.39,230.14,0.9746
1232,159,27777,174.06,812.23,172.3,203.97,0.9723
1233,160,16551,577.95,260.92,289.98,471.06,0.9873
1234,160,4543,142.19,915.41,217.44,212.22,0.9857
1235,160,23203,204.06,316.26,139.45,136.72,0.9677
1236,160,3544,626.09,885.5,208.96,216.71,0.9653
1237,162,16551,126.26,532.76,291.24,481.55,0.9875
1238,162,3544,156.09,172.37,207.76,207.98,0.9701
1239,162,4543,617.76,146.32,217.05,204.29,0.9678
1240,162,23203,651.38,856.66,138.37,136.1,0.9595
1241,163,16232,643.75,246.25,186.99,182.78,0.9934
1242,163,28763,120.51,168.07,216.23,214.67,0.981
1243,163,3483,569.86,803.49,254.7,230.98,0.98
1244,163,27777,173.18,811.19,175.48,205.1,0.9695
1245,164,16232,154.09,824.57,193.17,193.6,0.9916
1246,164,28763,646.16,887.03,226.01,223.2,0.9863
1247,164,27777,639.09,293.83,167.71,199.22,0.9842
1248,164,3483,176.46,275.05,251.84,223.44,0.9769
1249,165,16232,611.69,231.83,187.25,188.26,0.9913
1250,165,28763,105.65,163.93,209.03,208.64,0.9784
1251,165,3483,537.96,771.24,267.99,233.5,0.9761
1252,165,27777,142.83,771.11,173.75,209.92,0.971
1253,17,35206,122.0,594.59,297.37,389.37,0.9926
1254,17,3351,297.5,167.14,185.61,190.3,0.9711
1255,17,41768,541.25,647.5,281.43,294.03,0.9544
1256,170,6192,126.78,166.13,283.06,526.63,0.9856
1257,170,5094,104.2,803.65,282.45,286.96,0.9766
1258,170,12081,645.14,689.7,255.69,461.43,0.9573
1259,170,2483,615.04,81.69,229.15,457.07,0.9514
1260,172,25367,105.81,62.38,338.82,509.05,0.9916
1261,172,27653,91.65,851.82,227.01,208.72,0.9714
1262,172,29667,630.93,169.76,225.02,202.23,0.968
1263,172,3483,598.93,846.26,265.19,172.16,0.957
1264,173,25367,90.37,50.72,338.71,498.02,0.9931
1265,173,29667,600.96,165.6,220.14,204.36,0.9685
1266,173,3483,559.71,811.01,285.48,180.66,0.9578
1267,173,27653,56.61,812.15,231.1,210.82,0.9508
1268,174,25367,546.36,677.86,351.27,529.95,0.9907
1269,174,27653,668.27,255.94,225.63,202.04,0.9896
1270,174,29667,124.9,857.71,229.61,219.85,0.974
1271,174,3483,132.0,294.38,274.04,175.23,0.9607
1272,175,19861,131.41,871.89,214.7,168.58,0.9891
1273,175,30308,109.51,96.92,295.19,470.49,0.9786
1274,175,3483,593.62,865.12,252.93,242.21,0.9771
1275,175,29667,639.67,191.56,222.78,208.23,0.9529
1276,176,19861,654.21,285.83,209.91,169.44,0.9898
1277,176,30308,592.61,676.28,292.12,487.32,0.9837
1278,176,29667,120.05,835.94,230.99,219.51,0.9686
1279,176,3483,153.44,207.81,248.31,239.17,0.9578
1280,179,20238,152.95,851.62,233.1,226.29,0.987
1281,179,22347,645.7,832.54,209.77,209.15,0.9863
1282,179,27777,643.36,293.32,163.94,200.25,0.9835
1283,179,3483,177.81,272.53,251.04,224.17,0.9748
1284,180,20238,570.49,188.1,222.93,218.98,0.9852
1285,180,3483,537.98,773.99,265.08,231.81,0.9776
1286,180,22347,122.59,225.96,200.41,200.48,0.9745
1287,180,27777,148.45,773.18,170.61,212.46,0.9701
1288,183,16551,32.54,692.1,389.33,409.91,0.986
1289,183,6563,594.7,243.23,205.02,334.76,0.983
1290,183,10221,165.47,260.64,212.82,208.86,0.981
1291,183,3544,641.54,872.84,214.28,219.14,0.9685
1292,185,16548,130.83,740.25,237.77,229.67,0.9881
1293,185,4543,588.23,145.73,212.23,202.12,0.9812
1294,185,3544,138.67,165.72,201.6,207.93,0.9644
1295,185,23203,626.14,825.42,140.23,136.58,0.9626
1296,186,16548,162.99,783.41,235.88,223.46,0.99
1297,186,4543,615.97,143.19,215.85,207.21,0.9724
1298,186,3544,155.82,173.29,207.8,208.06,0.9719
1299,186,23203,652.76,857.36,139.41,136.6,0.9576
1300,189,5094,134.02,853.93,283.82,285.59,0.9852
1301,189,12778,91.45,130.9,280.79,516.03,0.9842
1302,189,2483,639.5,124.33,199.3,460.02,0.9815
1303,189,22362,609.93,780.69,270.83,416.81,0.9569
1304,19,28763,93.27,162.64,219.97,217.91,0.9903
1305,19,3483,607.6,782.02,270.73,217.66,0.9696
1306,19,27733,106.47,767.24,331.29,275.82,0.961
1307,19,36637,623.24,207.4,257.56,174.17,0.9332
1308,191,16551,576.85,559.6,296.0,494.62,0.9894
1309,191,10221,97.6,786.02,217.98,218.23,0.9834
1310,191,3544,120.18,171.35,202.84,210.98,0.9721
1311,191,4543,630.44,150.38,211.69,204.76,0.9676
1312,196,3743,489.31,125.26,318.59,303.65,0.9899
1313,196,2483,91.61,680.53,213.05,460.69,0.9867
1314,196,12778,531.03,502.89,291.38,523.15,0.9794
1315,196,22362,87.17,113.5,255.27,392.5,0.9761
1316,197,3743,115.87,834.47,329.65,318.79,0.9837
1317,197,2483,632.62,64.95,206.39,479.58,0.9831
1318,197,12778,118.25,159.13,286.29,545.4,0.9757
1319,197,22362,597.92,741.99,268.17,410.27,0.9657
1320,198,3743,119.28,836.68,335.22,329.61,0.9822
1321,198,12778,124.78,189.66,276.1,523.94,0.9776
1322,198,2483,623.9,108.06,196.18,460.12,0.9759
1323,198,22362,601.36,745.14,277.49,415.41,0.9511
1324,199,30308,20.17,125.02,415.01,389.95,0.9933
1325,199,3483,570.32,804.41,251.88,229.15,0.9736
1326,199,29667,626.77,160.63,230.48,206.2,0.9601
1327,199,27777,176.89,812.26,168.52,205.82,0.9546
1328,200,30308,552.02,744.51,419.06,400.46,0.9947
1329,200,27777,641.0,296.31,167.69,197.61,0.9833
1330,200,3483,181.15,274.1,250.09,223.91,0.9765
1331,200,29667,127.8,875.79,230.97,220.88,0.9705
1332,202,16262,115.9,841.81,257.16,237.34,0.9895
1333,202,22347,692.24,866.96,209.14,208.97,0.9883
1334,202,20877,548.65,297.51,322.86,235.73,0.9841
1335,202,3483,143.16,284.65,210.73,266.7,0.9711
1336,203,16262,602.22,192.2,247.17,226.51,0.9856
1337,203,22347,81.42,189.89,202.44,204.43,0.9839
1338,203,3483,616.95,713.83,214.86,281.54,0.9773
1339,203,20877,87.72,724.01,327.33,243.06,0.975
1340,204,16262,630.48,199.93,254.52,225.83,0.9847
1341,204,22347,98.72,201.38,200.26,201.47,0.9842
1342,204,20877,116.59,770.41,328.21,233.25,0.9792
1343,204,3483,648.01,744.5,205.16,275.52,0.9725
1344,205,16548,589.38,122.85,229.95,216.43,0.9901
1345,205,3544,108.87,154.95,205.44,212.78,0.972
1346,205,6563,158.2,674.17,223.07,368.5,0.9679
1347,205,23203,618.41,852.29,143.31,140.07,0.9665
1348,210,29667,161.67,746.49,233.29,215.28,0.9858
1349,210,3351,417.12,242.59,184.65,189.16,0.982
1350,210,31863,593.19,871.23,208.99,209.96,0.9529
1351,212,16551,479.06,132.0,432.49,360.74,0.9868
1352,212,1900,625.93,891.15,190.22,140.57,0.9756
1353,212,18110,54.48,135.64,304.21,273.82,0.9747
1354,212,21026,138.86,864.28,176.92,181.89,0.9372
1355,213,16551,453.96,120.45,425.5,353.31,0.9898
1356,213,1900,601.3,855.82,187.07,151.12,0.9783
1357,213,18110,39.42,124.07,298.85,274.07,0.97
1358,213,21026,103.59,827.34,180.27,183.3,0.9197
1359,214,16551,555.54,51.28,292.87,476.4,0.9841
1360,214,33208,595.89,803.24,208.35,197.16,0.9722
1361,214,27926,79.51,617.68,269.89,472.9,0.9686
1362,214,1900,136.02,238.54,191.66,133.84,0.9495
1363,215,16551,590.8,57.95,293.84,490.24,0.9881
1364,215,27926,115.46,665.05,264.22,476.39,0.9732
1365,215,33208,625.19,834.52,207.9,194.69,0.9707
1366,215,1900,154.41,250.18,193.95,128.67,0.9676
1367,217,6192,132.63,128.69,266.59,556.22,0.9892
1368,217,2483,588.7,80.85,243.7,464.94,0.9826
1369,217,3743,111.48,786.81,324.13,319.68,0.981
1370,217,12081,596.96,694.81,241.48,467.42,0.972
1371,219,6192,536.85,542.63,270.2,543.83,0.9895
1372,219,3743,490.72,164.17,322.44,299.26,0.9873
1373,219,2483,96.02,678.59,247.12,455.05,0.9867
1374,219,12081,106.31,86.98,242.02,438.38,0.9849
1375,222,16262,177.71,771.95,247.9,237.79,0.986
1376,222,3351,406.14,202.03,181.83,191.58,0.9818
1377,222,41768,579.36,744.69,287.17,292.31,0.9662
1378,224,25469,85.34,835.38,328.27,284.54,0.9782
1379,224,34597,99.21,66.92,376.31,516.17,0.9749
1380,224,3483,609.08,841.19,264.91,195.65,0.9705
1381,224,29667,617.36,167.69,228.32,210.67,0.9691
1382,225,25469,577.2,193.83,324.86,272.37,0.9821
1383,225,34597,517.73,630.86,403.75,556.23,0.9751
1384,225,3483,125.76,274.26,269.36,193.06,0.9718
1385,225,29667,136.89,869.14,233.29,218.91,0.9651
1386,226,19861,136.71,871.92,212.67,171.39,0.9888
1387,226,22347,107.82,225.71,207.55,202.88,0.9839
1388,226,20238,643.83,188.92,224.0,215.42,0.982
1389,226,3483,599.19,860.3,253.22,242.32,0.9725
1390,229,3743,530.91,148.2,329.74,305.44,0.9894
1391,229,2483,55.54,684.91,270.65,444.3,0.979
1392,229,23223,507.32,649.7,394.07,475.62,0.9771
1393,229,5886,96.33,62.92,246.73,482.2,0.9652
1394,23,25367,6.75,95.57,432.09,430.74,0.9901
1395,23,16262,594.96,181.09,245.48,228.23,0.9854
1396,23,27653,57.54,810.48,231.15,209.39,0.9626
1397,23,3483,565.94,809.26,284.46,184.16,0.9577
1398,231,3743,67.94,809.67,339.49,332.13,0.9815
1399,231,23223,59.13,153.76,380.22,428.81,0.9751
1400,231,2483,589.97,137.28,282.16,415.05,0.9622
1401,231,5886,607.98,698.09,246.14,517.15,0.9377
1402,232,22347,126.64,229.25,207.32,201.54,0.9849
1403,232,3483,599.71,795.01,267.43,211.7,0.9742
1404,232,27733,104.92,772.75,326.77,263.87,0.9663
1405,232,29667,678.55,182.64,223.18,211.29,0.9503
1406,234,3483,572.05,760.75,278.91,216.32,0.9777
1407,234,22347,109.49,220.32,203.02,199.85,0.9747
1408,234,29667,646.84,174.64,222.73,202.03,0.9608
1409,234,27733,65.03,730.66,335.54,261.25,0.8882
1410,236,35206,103.17,687.78,199.22,431.9,0.9919
1411,236,27653,668.13,255.06,224.95,201.42,0.9909
1412,236,28763,609.41,831.91,223.25,219.93,0.9778
1413,236,3483,138.25,294.54,266.78,171.58,0.9601
1414,237,35206,648.05,143.63,199.35,411.4,0.9905
1415,237,28763,135.23,220.67,218.49,206.77,0.9808
1416,237,27653,56.3,814.36,234.34,211.17,0.9648
1417,237,3483,560.24,809.31,287.29,184.06,0.9547
1418,238,16262,628.31,248.68,250.27,226.1,0.9853
1419,238,3351,405.15,831.39,183.8,192.36,0.9793
1420,238,18357,69.98,267.8,300.86,277.05,0.9745
1421,24,25367,18.6,106.38,446.27,443.45,0.9913
1422,24,16262,625.48,187.24,249.26,225.94,0.9868
1423,24,27653,92.97,849.54,228.19,213.29,0.9783
1424,24,3483,597.06,845.92,267.01,173.78,0.954
1425,241,20238,127.63,327.1,228.45,219.96,0.9821
1426,241,3351,411.78,911.5,186.75,199.07,0.9792
1427,241,18147,505.58,259.86,324.17,384.97,0.9605
1428,243,20238,618.23,766.37,234.22,227.01,0.986
1429,243,3351,378.09,181.91,183.61,190.82,0.9774
1430,243,18147,128.95,656.12,332.08,395.05,0.9213
1431,244,16551,569.77,6.71,294.9,484.95,0.9879
1432,244,3544,124.34,162.4,209.3,209.34,0.9765
1433,244,6563,192.51,718.85,210.69,360.21,0.9755
1434,244,23203,646.35,880.98,140.8,138.01,0.9743
1435,247,6192,58.21,150.1,322.49,491.93,0.9855
1436,247,3743,119.5,836.38,333.83,330.23,0.982
1437,247,2483,623.36,102.18,202.04,462.34,0.9787
1438,247,22362,602.81,745.73,277.45,409.47,0.9572
1439,248,6192,54.36,113.73,327.8,510.78,0.9898
1440,248,3743,115.53,833.89,329.86,318.03,0.9842
1441,248,2483,631.81,63.54,208.0,479.53,0.9834
1442,248,22362,596.48,741.73,268.19,408.87,0.9654
1443,249,3743,488.49,119.71,320.23,305.67,0.9889
1444,249,6192,551.9,595.33,343.99,501.39,0.9874
1445,249,2483,89.16,666.68,217.7,478.85,0.9866
1446,249,22362,86.9,114.92,255.34,389.18,0.9737
1447,250,18357,539.46,234.06,244.98,340.23,0.9813
1448,250,3351,379.21,844.34,187.09,195.07,0.9784
1449,250,29667,132.07,204.28,223.62,213.31,0.9656
1450,251,29667,586.61,798.9,231.69,214.42,0.978
1451,251,18357,133.46,597.34,253.48,361.93,0.9747
1452,251,3351,369.41,174.87,182.86,192.02,0.9728
1453,252,18357,173.89,698.05,254.59,358.9,0.9751
1454,252,3351,409.64,235.54,185.32,188.95,0.9747
1455,252,29667,620.23,888.31,232.12,213.0,0.9732
1456,253,3351,446.78,846.7,186.33,196.08,0.9815
1457,253,33880,426.25,253.58,461.87,281.63,0.9783
1458,253,35206,64.35,260.73,406.95,221.54,0.968
1459,256,2483,65.21,672.16,209.6,478.4,0.9862
1460,256,19552,489.53,648.25,326.73,510.96,0.9827
1461,256,25438,544.63,183.6,244.17,252.78,0.9817
1462,256,5886,109.82,76.25,240.0,487.98,0.9698
1463,259,20238,601.81,277.42,226.07,220.59,0.9836
1464,259,41768,90.24,291.65,285.6,280.36,0.9757
1465,259,3351,387.82,893.18,186.54,193.73,0.9716
1466,262,29667,599.51,164.95,222.09,204.7,0.9734
1467,262,34597,67.89,13.26,356.02,528.11,0.9718
1468,262,27653,57.14,810.11,230.98,212.04,0.9618
1469,262,3483,560.01,810.71,282.97,181.27,0.9617
1470,264,27653,668.65,256.04,225.82,201.83,0.9906
1471,264,29667,124.11,857.77,230.73,220.67,0.9756
1472,264,34597,551.23,655.19,384.42,557.15,0.9644
1473,264,3483,131.92,295.15,272.77,173.23,0.9605
1474,265,16232,141.63,840.18,199.25,191.95,0.9916
1475,265,27653,667.22,255.85,225.82,201.73,0.9897
1476,265,25367,591.19,651.71,384.81,509.75,0.9886
1477,265,3483,132.25,295.74,272.59,174.42,0.9554
1478,266,25367,3.41,106.08,403.49,483.16,0.9942
1479,266,16232,646.59,225.49,195.6,184.24,0.993
1480,266,27653,90.7,850.48,229.63,208.54,0.9766
1481,266,3483,597.42,844.9,267.25,174.87,0.9599
1482,27,2483,600.33,89.33,194.72,455.14,0.9812
1483,27,23223,80.51,120.59,294.1,514.7,0.9809
1484,27,25438,122.15,818.84,258.95,268.97,0.9783
1485,27,13395,584.99,709.99,256.85,522.9,0.9695
1486,271,35206,630.62,166.98,216.1,404.77,0.9907
1487,271,22347,102.11,185.59,204.67,198.72,0.9796
1488,271,20877,88.32,724.46,328.05,242.17,0.9766
1489,271,3483,620.18,713.06,211.26,280.22,0.9744
1490,273,35206,99.06,669.73,230.55,421.26,0.9868
1491,273,20877,546.63,295.93,328.79,238.42,0.9849
1492,273,22347,667.59,875.05,212.69,209.0,0.9745
1493,273,3483,141.75,285.85,209.74,268.6,0.972
1494,274,21325,206.72,330.4,151.29,230.53,0.9822
1495,274,3351,420.85,886.44,185.77,195.77,0.9775
1496,274,20014,569.44,254.48,349.89,319.41,0.9526
1497,275,3351,329.56,147.67,181.05,193.49,0.9776
1498,275,21325,577.19,662.53,154.25,246.8,0.9761
1499,275,20014,2.56,644.97,359.21,334.38,0.9607
1500,277,30308,61.91,110.49,410.88,387.55,0.9908
1501,277,19861,136.9,871.23,211.83,170.86,0.9877
1502,277,3483,601.04,861.75,253.34,241.33,0.9744
1503,277,36637,620.88,195.07,259.4,156.38,0.962
1504,278,30308,515.6,744.27,415.65,407.62,0.9946
1505,278,19861,650.23,284.63,206.42,169.94,0.9887
1506,278,36637,103.04,906.68,259.29,164.83,0.9689
1507,278,3483,151.63,214.08,247.65,232.34,0.9676
1508,28,25367,5.21,66.92,424.45,455.61,0.9935
1509,28,35206,614.31,147.78,221.07,413.11,0.9908
1510,28,3483,568.14,804.45,255.28,229.08,0.9795
1511,28,27777,173.63,811.35,175.06,205.74,0.9646
1512,280,16232,134.18,284.9,192.95,195.14,0.9924
1513,280,3832,435.88,272.3,396.86,342.92,0.9759
1514,280,3351,409.4,864.41,186.74,196.9,0.9739
1515,286,30308,14.22,126.38,391.65,393.44,0.9926
1516,286,16262,575.61,192.23,249.87,225.02,0.9864
1517,286,3483,542.52,767.11,256.0,239.84,0.9807
1518,286,27777,141.63,771.34,173.76,209.46,0.9698
1519,287,30308,565.23,712.69,409.79,409.73,0.9949
1520,287,16262,141.09,844.0,258.72,232.0,0.9874
1521,287,27777,642.96,294.35,164.74,199.62,0.9834
1522,287,3483,179.01,273.19,250.55,223.81,0.9745
1523,288,30308,24.18,145.78,399.38,405.66,0.9948
1524,288,16262,605.91,197.17,252.17,228.49,0.9875
1525,288,3483,563.97,807.17,259.81,230.31,0.9792
1526,288,27777,174.07,811.05,173.7,204.42,0.9684
1527,289,6192,96.95,52.35,270.98,552.48,0.9908
1528,289,2483,602.45,95.08,242.89,459.38,0.9834
1529,289,25438,139.76,834.39,256.14,261.71,0.978
1530,289,22362,583.53,750.5,263.58,409.46,0.9651
1531,29,25367,0,57.01,407.45,445.87,0.9943
1532,29,35206,585.34,129.34,214.21,405.64,0.9896
1533,29,3483,538.19,771.36,264.66,233.25,0.9766
1534,29,27777,142.14,770.35,174.41,210.48,0.9652
1535,291,2483,80.75,671.57,251.68,450.96,0.9879
1536,291,6192,572.0,615.18,273.3,549.43,0.9859
1537,291,22362,104.08,103.21,250.77,392.56,0.9804
1538,291,25438,535.71,174.5,247.71,252.84,0.9791
1539,292,12778,533.78,576.22,333.54,511.95,0.9814
1540,292,2483,71.33,665.17,201.42,478.07,0.9806
1541,292,25438,550.21,177.78,241.57,252.01,0.9804
1542,292,5886,111.17,73.51,236.6,489.17,0.9733
1543,295,16232,644.1,290.28,195.82,191.07,0.9956
1544,295,3351,414.21,860.34,186.65,196.46,0.9758
1545,295,20014,121.36,187.56,345.84,317.82,0.9641
1546,298,16548,158.19,779.12,240.25,232.03,0.9912
1547,298,33208,163.68,237.49,204.97,189.83,0.9741
1548,298,1900,689.41,877.68,190.97,136.98,0.9593
1549,298,31705,567.89,163.01,253.88,416.5,0.9519
1550,299,16548,556.78,245.26,234.16,225.79,0.9895
1551,299,1900,89.48,255.94,177.51,132.41,0.9867
1552,299,33208,618.79,847.6,205.46,203.82,0.9736
1553,299,31705,130.28,628.08,265.09,445.41,0.9357
1554,3,16551,518.24,58.3,391.3,404.66,0.9903
1555,3,27926,559.9,630.29,262.24,482.02,0.9754
1556,3,24850,134.12,692.63,190.22,307.73,0.969
1557,3,1900,136.67,241.07,192.98,131.63,0.9495
1558,302,36637,573.33,713.43,227.74,228.95,0.9906
1559,302,3351,309.89,157.54,181.79,195.21,0.9795
1560,302,19232,87.39,628.45,289.63,328.31,0.9597
1561,304,22627,91.18,150.69,312.32,471.68,0.9813
1562,304,2483,619.97,94.1,197.38,447.99,0.9707
1563,304,3743,122.4,814.68,336.61,324.02,0.9618
1564,304,4378,588.57,709.16,234.44,465.43,0.9574
1565,308,36637,119.66,705.48,191.49,270.59,0.9908
1566,308,3351,289.95,204.17,183.08,193.99,0.9746
1567,308,41768,538.81,617.28,291.06,289.61,0.9199
1568,31,16551,579.47,54.21,299.34,479.11,0.9885
1569,31,12420,654.05,846.0,185.45,187.93,0.9805
1570,31,6563,192.23,714.95,211.72,365.14,0.9715
1571,31,3544,110.58,232.81,205.84,209.19,0.9619
1572,310,4543,132.26,867.29,220.86,213.08,0.9873
1573,310,16551,106.28,137.9,312.61,451.95,0.9843
1574,310,3544,654.32,884.53,214.45,220.56,0.9806
1575,310,12247,611.83,318.79,179.35,190.32,0.979
1576,313,34597,0.97,21.16,475.81,418.85,0.9817
1577,313,29667,596.08,178.27,220.36,205.25,0.9776
1578,313,3483,618.89,717.5,211.93,279.93,0.9746
1579,313,20877,45.74,756.33,319.32,249.97,0.967
1580,315,34597,491.53,766.45,484.47,454.82,0.9858
1581,315,20877,594.9,262.15,318.05,245.41,0.9815
1582,315,3483,140.14,278.38,213.44,270.19,0.9724
1583,315,29667,132.47,848.18,231.16,220.77,0.9712
1584,316,16548,165.06,791.49,234.61,228.3,0.9885
1585,316,10221,638.96,195.2,218.48,217.16,0.9826
1586,316,33009,549.84,808.41,389.09,216.37,0.9767
1587,316,3544,123.54,225.53,208.98,210.88,0.9742
1588,317,16548,589.86,282.14,235.68,222.6,0.9886
1589,317,10221,133.46,845.67,221.56,219.11,0.9866
1590,317,33009,72.73,262.68,370.65,222.43,0.9758
1591,317,3544,660.59,826.66,210.48,218.03,0.9754
1592,32,16551,105.8,698.66,295.95,507.42,0.985
1593,32,12420,166.46,278.83,182.72,178.68,0.984
1594,32,6563,583.27,230.46,206.92,338.36,0.983
1595,32,3544,677.61,823.11,205.05,215.61,0.9608
1596,320,35206,630.85,161.94,216.6,406.74,0.9912
1597,320,3483,618.92,712.37,212.82,279.69,0.9755
1598,320,20877,90.11,725.95,331.62,245.86,0.973
1599,320,28763,128.96,193.24,209.1,203.92,0.9592
1600,323,27653,668.06,254.71,225.1,200.69,0.9906
1601,323,36637,153.26,802.19,191.48,250.76,0.9874
1602,323,22347,655.9,875.77,213.19,209.48,0.9849
1603,323,3483,134.16,295.01,273.05,169.68,0.9556
1604,324,36637,642.91,208.36,184.85,252.85,0.9865
1605,324,22347,125.37,193.61,209.15,191.74,0.9847
1606,324,27653,93.95,852.74,223.61,208.79,0.9806
1607,324,3483,587.66,842.44,282.0,176.94,0.9594
1608,325,16262,140.98,845.28,258.94,233.25,0.9874
1609,325,31885,516.9,696.53,393.97,535.52,0.9846
1610,325,27777,639.9,293.39,169.9,198.68,0.9808
1611,325,3483,178.24,274.12,251.13,222.91,0.974
1612,327,16262,607.49,197.81,251.88,231.03,0.9846
1613,327,3483,569.47,805.35,253.58,228.22,0.9775
1614,327,31885,87.41,35.12,391.33,498.7,0.9766
1615,327,27777,176.95,813.75,173.65,208.56,0.9683
1616,328,31885,519.66,647.61,379.89,528.46,0.9819
1617,328,27733,548.0,246.17,319.38,273.56,0.9772
1618,328,3483,121.97,303.61,270.28,210.19,0.9722
1619,328,36637,105.56,880.56,267.83,180.81,0.9651
1620,332,16551,557.8,535.15,295.03,495.85,0.9887
1621,332,4543,581.42,162.59,207.75,201.8,0.9804
1622,332,12420,81.76,820.87,187.23,191.47,0.975
1623,332,3544,123.71,132.83,202.46,206.96,0.9749
1624,334,16232,625.35,216.26,191.37,183.63,0.9917
1625,334,22347,145.92,218.89,203.79,196.02,0.9818
1626,334,20877,87.99,727.58,328.22,243.57,0.9799
1627,334,3483,617.81,713.66,214.09,281.9,0.9787
1628,335,16232,133.74,842.22,199.55,191.68,0.9936
1629,335,22347,622.49,835.9,210.45,211.95,0.9899
1630,335,20877,546.24,297.95,324.81,235.34,0.9843
1631,335,3483,137.62,283.24,212.76,269.05,0.9711
1632,336,16232,656.43,227.94,193.08,181.73,0.9933
1633,336,22347,163.31,227.84,206.17,201.49,0.9869
1634,336,20877,116.62,770.25,331.5,233.57,0.9783
1635,336,3483,649.59,740.58,207.71,283.37,0.9744
1636,337,36637,135.34,830.47,176.82,260.01,0.9903
1637,337,22347,642.02,837.99,211.41,205.87,0.9844
1638,337,25469,571.77,185.45,329.05,273.4,0.984
1639,337,3483,126.39,273.73,268.58,192.22,0.9681
1640,338,36637,645.86,166.68,168.48,254.17,0.9895
1641,338,25469,50.56,795.78,337.09,278.84,0.98
1642,338,3483,573.85,808.95,280.09,202.91,0.9792
1643,338,22347,125.61,221.88,201.51,201.0,0.9695
1644,339,36637,676.73,168.79,172.5,261.89,0.9885
1645,339,22347,144.65,230.5,207.75,203.32,0.9827
1646,339,25469,87.79,836.72,327.2,285.66,0.9787
1647,339,3483,608.59,841.27,265.89,197.41,0.968
1648,340,20238,570.48,188.55,223.91,219.5,0.9855
1649,340,3483,543.46,768.18,255.08,240.56,0.9826
1650,340,34597,22.04,67.2,426.53,498.46,0.9772
1651,340,27777,141.14,771.05,174.74,210.98,0.9598
1652,341,20238,600.57,195.07,228.54,217.91,0.987
1653,341,3483,570.56,804.64,254.25,230.6,0.9779
1654,341,34597,34.05,98.29,435.15,498.26,0.9771
1655,341,27777,173.21,811.51,174.93,205.42,0.968
1656,344,16262,605.4,196.64,253.21,227.65,0.9864
1657,344,28763,147.74,190.44,215.39,208.57,0.9845
1658,344,3483,570.41,803.99,253.6,230.95,0.9776
1659,344,27777,173.98,812.03,172.45,204.37,0.9687
1660,345,16262,576.68,190.83,248.69,224.97,0.987
1661,345,3483,536.39,774.11,264.45,232.52,0.9817
1662,345,28763,128.2,180.36,215.64,214.43,0.978
1663,345,27777,143.05,771.47,172.6,209.19,0.97
1664,346,16232,642.77,246.38,187.98,183.95,0.9934
1665,346,25367,133.27,53.44,343.46,504.03,0.9922
1666,346,3483,570.11,805.12,253.26,227.73,0.9812
1667,346,27777,175.99,811.77,175.11,207.76,0.9556
1668,347,25367,115.28,48.18,334.64,485.45,0.993
1669,347,16232,612.47,232.44,185.69,187.99,0.9919
1670,347,3483,543.82,767.24,256.26,238.64,0.9788
1671,347,27777,142.68,770.09,174.52,211.0,0.9659
1672,349,35206,614.95,145.75,219.8,414.31,0.9906
1673,349,3483,569.84,804.05,253.79,228.92,0.98
1674,349,34597,0,120.18,467.47,446.85,0.9796
1675,349,27777,173.18,810.03,175.95,206.47,0.9657
1676,352,5094,136.0,854.62,284.16,286.12,0.9868
1677,352,19552,109.38,191.01,319.75,476.88,0.9843
1678,352,2483,638.6,126.7,200.15,457.18,0.9819
1679,352,22362,618.07,781.81,269.8,416.47,0.9523
1680,355,12081,70.23,110.44,232.93,432.47,0.9891
1681,355,2483,59.47,708.93,239.91,464.94,0.9863
1682,355,23223,542.3,585.27,304.11,514.83,0.9839
1683,355,5094,551.77,185.43,274.69,267.71,0.9734
1684,356,23223,103.18,111.77,288.79,533.3,0.9858
1685,356,5094,106.45,796.36,273.92,277.68,0.9808
1686,356,2483,632.0,44.2,236.22,463.84,0.9785
1687,356,12081,641.4,681.35,241.24,459.07,0.9678
1688,359,31885,77.24,50.15,358.3,527.78,0.9808
1689,359,3483,570.74,804.33,251.99,229.32,0.9733
1690,359,29667,629.37,158.86,227.17,207.36,0.9547
1691,359,27777,179.42,808.46,168.24,211.51,0.947
1692,361,18147,209.56,178.79,215.19,409.76,0.9884
1693,361,3351,428.52,876.9,189.5,198.63,0.9813
1694,361,16262,646.65,293.49,250.76,228.51,0.9787
1695,364,35206,104.25,253.28,339.07,328.5,0.9901
1696,364,32310,588.68,157.03,232.32,345.96,0.9753
1697,364,3351,405.07,851.0,193.5,196.06,0.9483
1698,372,25469,45.42,858.55,379.06,206.71,0.9878
1699,372,16262,577.23,200.75,255.21,228.97,0.9851
1700,372,34597,2.21,123.21,484.06,449.38,0.9802
1701,372,3483,607.42,844.2,268.23,193.45,0.9718
1702,374,25367,87.34,34.33,420.54,466.42,0.9899
1703,374,3483,645.82,746.82,205.72,274.7,0.9782
1704,374,20877,73.03,796.96,324.31,245.96,0.9674
1705,374,29667,624.7,184.53,225.08,207.04,0.965
1706,379,3351,464.25,856.61,187.61,199.15,0.9822
1707,379,16688,439.81,155.64,502.42,462.72,0.9672
1708,379,31863,137.89,313.28,206.03,208.49,0.9407
1709,38,35206,625.72,161.86,209.71,405.94,0.9901
1710,38,20877,88.71,724.61,327.27,241.88,0.9753
1711,38,3483,621.79,713.11,209.93,279.18,0.9729
1712,38,31885,115.65,34.89,385.38,495.82,0.97
1713,380,3351,285.01,179.11,183.89,193.56,0.9746
1714,380,16688,0,538.7,489.13,512.58,0.9644
1715,380,31863,597.53,713.22,209.84,211.23,0.9456
1716,382,12778,83.19,109.33,386.92,469.04,0.9821
1717,382,3743,65.02,809.96,342.95,331.55,0.9781
1718,382,5886,608.13,698.47,246.8,516.39,0.975
1719,382,2483,594.17,138.36,277.56,407.63,0.9666
1720,384,3743,65.77,803.66,340.96,319.37,0.9837
1721,384,12778,69.26,83.21,407.62,469.77,0.9805
1722,384,2483,597.6,90.96,285.0,439.48,0.9756
1723,384,5886,590.9,704.93,256.47,506.33,0.9746
1724,387,27653,665.79,254.22,227.74,202.62,0.9912
1725,387,20238,133.06,868.41,230.47,229.91,0.9893
1726,387,31885,511.45,655.71,399.16,504.62,0.9875
1727,387,3483,136.85,294.67,267.68,173.22,0.9586
1728,389,16262,605.59,192.33,247.1,226.72,0.9854
1729,389,34597,18.11,111.2,466.56,450.04,0.9801
1730,389,3483,617.72,714.65,213.3,279.91,0.9777
1731,389,20877,86.81,723.17,329.63,243.79,0.9753
1732,390,16262,629.96,200.18,255.54,226.3,0.9868
1733,390,34597,32.49,144.25,479.73,445.44,0.9783
1734,390,3483,648.87,743.05,204.38,275.58,0.9756
1735,390,20877,117.42,767.58,327.5,237.0,0.9689
1736,392,16551,114.95,694.21,292.88,503.93,0.9855
1737,392,33208,666.77,901.4,213.38,207.81,0.976
1738,392,1900,190.23,271.26,185.22,146.59,0.9744
1739,392,21026,683.62,267.73,175.86,177.98,0.9479
1740,393,16551,553.17,44.02,286.18,476.14,0.9882
1741,393,33208,113.48,157.76,205.99,196.67,0.9738
1742,393,1900,584.39,866.14,191.32,147.66,0.9734
1743,393,21026,90.86,826.01,180.95,181.19,0.9215
1744,394,20238,139.81,851.24,227.44,228.01,0.9897
1745,394,25469,575.73,234.93,366.87,209.24,0.9881
1746,394,28763,600.77,855.23,218.62,219.08,0.9815
1747,394,3483,125.65,274.81,269.11,191.47,0.971
1748,395,25469,45.24,859.58,378.93,205.62,0.9887
1749,395,28763,167.14,205.37,215.67,211.62,0.9879
1750,395,20238,614.23,193.23,226.96,221.12,0.9851
1751,395,3483,609.74,845.11,266.45,193.54,0.9685
1752,396,25469,15.28,818.38,377.37,210.74,0.9841
1753,396,20238,585.12,190.42,224.18,214.34,0.9824
1754,396,3483,574.5,807.27,279.74,205.3,0.9803
1755,396,28763,148.5,192.89,212.45,212.72,0.9792
1756,4,16551,126.12,643.42,302.96,501.54,0.9838
1757,4,29345,119.84,153.68,262.14,422.78,0.9702
1758,4,24850,604.09,252.39,294.89,164.32,0.961
1759,4,1900,685.54,806.03,122.48,210.65,0.9294
1760,40,19861,653.98,285.07,210.37,170.48,0.9905
1761,40,31885,619.46,603.64,329.92,565.83,0.979
1762,40,29667,121.74,834.74,229.98,219.05,0.9658
1763,40,3483,152.46,206.85,250.27,239.64,0.9584
1764,400,16548,602.01,123.3,230.42,224.33,0.9849
1765,400,1900,136.07,241.95,182.74,167.06,0.9726
1766,400,33208,622.32,770.49,206.97,200.66,0.9698
1767,400,33009,7.42,771.87,379.75,239.86,0.9172
1768,401,16548,108.78,899.42,241.61,234.66,0.9903
1769,401,1900,643.57,852.85,195.92,176.14,0.9826
1770,401,33208,160.65,298.5,202.44,191.31,0.9724
1771,401,33009,578.88,240.66,374.86,236.89,0.97
1772,404,35206,440.32,702.79,417.51,240.67,0.981
1773,404,18147,11.66,592.18,288.83,416.11,0.9706
1774,404,3351,357.96,141.71,183.84,192.29,0.9596
1775,409,10224,543.9,124.59,370.48,285.9,0.9791
1776,409,16551,0,724.53,462.79,329.78,0.9786
1777,409,1900,135.5,235.18,177.68,180.13,0.9698
1778,409,33009,502.95,790.56,404.73,214.88,0.9562
1779,41,19861,130.67,872.52,213.31,168.28,0.9896
1780,41,31885,56.76,92.36,319.91,542.08,0.9843
1781,41,3483,597.94,864.75,248.1,242.95,0.9739
1782,41,29667,638.59,191.87,223.04,209.52,0.9503
1783,411,10224,37.03,822.24,384.63,306.04,0.9823
1784,411,1900,646.99,846.72,190.03,187.46,0.977
1785,411,33009,80.06,250.76,380.78,211.45,0.9741
1786,411,16551,494.47,194.29,453.13,322.48,0.9706
1787,412,19552,114.09,202.52,302.71,490.58,0.985
1788,412,5094,104.88,804.2,283.01,287.76,0.9813
1789,412,2483,622.92,80.48,221.03,451.86,0.9586
1790,412,12081,645.03,688.99,254.95,462.85,0.9539
1791,413,5094,105.88,796.03,276.24,278.34,0.9839
1792,413,2483,628.6,49.16,235.4,464.9,0.9783
1793,413,19552,106.27,161.54,316.45,505.78,0.9753
1794,413,12081,640.51,680.58,242.08,460.59,0.9696
1795,414,12081,70.76,111.18,232.58,431.94,0.9887
1796,414,2483,57.96,710.4,242.7,461.05,0.9862
1797,414,19552,517.43,546.7,309.05,501.36,0.9806
1798,414,5094,554.23,185.88,271.66,266.32,0.9779
1799,415,19861,140.35,872.65,211.6,169.94,0.9884
1800,415,31885,94.62,92.14,324.49,542.51,0.9852
1801,415,16262,639.1,184.26,254.43,224.27,0.9851
1802,415,3483,598.63,858.99,254.35,243.04,0.9732
1803,416,19861,100.75,831.13,216.93,177.61,0.9891
1804,416,16262,611.36,179.69,251.76,223.4,0.9828
1805,416,31885,75.12,68.05,322.51,537.75,0.9799
1806,416,3483,574.01,826.33,258.8,247.31,0.9631
1807,417,19861,649.3,284.59,207.33,169.54,0.9893
1808,417,16262,102.7,857.27,256.4,234.07,0.9854
1809,417,31885,570.23,614.1,333.07,553.49,0.979
1810,417,3483,151.69,215.04,246.09,233.28,0.9708
1811,419,20238,113.04,854.33,229.27,229.47,0.9895
1812,419,25367,532.0,729.09,444.0,454.18,0.9877
1813,419,27733,553.73,251.45,317.46,271.59,0.9807
1814,419,3483,121.71,303.18,271.74,211.05,0.9706
1815,42,19861,96.45,828.64,213.85,181.64,0.9882
1816,42,31885,32.65,72.31,327.87,527.81,0.9785
1817,42,29667,604.71,193.24,225.03,211.55,0.9641
1818,42,3483,559.81,832.46,260.5,248.41,0.9582
1819,420,25367,0,76.67,438.38,420.84,0.9894
1820,420,20238,612.34,187.12,219.3,213.3,0.9846
1821,420,3483,579.4,751.38,273.75,217.89,0.9793
1822,420,27733,75.45,722.38,325.18,275.9,0.798
1823,420,35206,86.98,724.27,319.75,289.28,0.4312
1824,422,19861,650.34,285.59,208.12,169.45,0.9888
1825,422,34597,546.66,677.82,379.26,550.05,0.9716
1826,422,36637,100.46,904.72,266.82,163.02,0.9663
1827,422,3483,146.87,211.44,250.97,237.16,0.9633
1828,423,19861,101.29,832.51,217.99,176.78,0.9895
1829,423,34597,72.5,0,356.34,526.0,0.9682
1830,423,3483,574.47,826.22,255.96,245.61,0.9637
1831,423,36637,593.18,189.8,253.82,158.35,0.9615
1832,429,34597,65.0,146.65,515.74,373.88,0.9754
1833,429,3483,605.48,783.82,273.06,215.98,0.9698
1834,429,29667,668.63,170.25,223.95,203.65,0.9586
1835,429,27733,111.99,771.94,334.54,276.92,0.9502
1836,430,16551,64.98,607.76,406.17,407.86,0.9872
1837,430,4543,601.44,152.1,209.65,202.27,0.9817
1838,430,3544,176.58,188.56,206.8,213.28,0.9686
1839,430,33878,615.91,784.13,172.14,220.12,0.964
1840,431,16551,100.06,663.62,394.62,401.05,0.9905
1841,431,4543,631.91,154.2,215.44,203.32,0.9673
1842,431,3544,202.04,196.74,203.54,215.52,0.9614
1843,431,33878,643.51,829.26,169.36,213.78,0.9548
1844,432,16551,489.46,221.9,397.39,395.07,0.9912
1845,432,4543,125.92,907.4,220.2,212.98,0.9832
1846,432,3544,581.37,853.58,216.44,221.42,0.9704
1847,432,33878,199.56,248.64,153.21,215.68,0.9687
1848,433,16232,617.01,173.17,189.94,183.5,0.992
1849,433,30308,82.03,110.55,359.69,412.69,0.9919
1850,433,3483,578.81,751.85,275.89,219.82,0.9831
1851,433,27733,75.29,721.42,325.74,276.86,0.7359
1852,433,35206,86.24,724.23,320.28,289.37,0.5208
1853,434,16232,137.7,886.74,204.02,195.17,0.9914
1854,434,30308,524.1,700.35,382.44,431.54,0.9905
1855,434,27733,554.35,250.85,316.21,271.84,0.9794
1856,434,3483,125.34,302.5,268.29,210.49,0.9723
1857,435,16232,646.96,181.18,193.91,177.97,0.9946
1858,435,30308,94.0,122.87,373.86,427.65,0.9929
1859,435,3483,606.67,785.35,273.53,215.76,0.9763
1860,435,27733,106.47,768.03,327.48,275.21,0.959
1861,436,20238,617.92,194.72,222.45,219.57,0.9893
1862,436,25469,44.03,857.83,380.4,207.2,0.9877
1863,436,31885,34.06,145.01,433.7,470.16,0.9802
1864,436,3483,610.51,840.28,263.94,195.57,0.969
1865,44,29667,93.99,714.06,231.63,219.09,0.9828
1866,44,13900,574.17,681.54,182.22,254.57,0.9803
1867,44,3351,371.68,152.69,179.26,187.74,0.9788
1868,443,22627,524.06,678.42,352.98,472.55,0.9886
1869,443,2483,88.52,681.23,238.29,463.12,0.9853
1870,443,4378,76.0,99.66,225.2,444.02,0.9822
1871,443,25438,569.58,186.88,246.69,250.97,0.9822
1872,444,22627,63.95,84.34,337.7,457.97,0.9814
1873,444,4378,648.93,709.87,219.51,472.6,0.9769
1874,444,2483,593.74,124.34,249.83,432.81,0.9755
1875,444,25438,108.37,836.73,257.91,270.39,0.9689
1876,449,16262,626.52,186.85,248.13,227.19,0.9869
1877,449,34597,30.69,112.47,415.66,514.74,0.9797
1878,449,27653,94.29,850.35,222.45,209.75,0.9771
1879,449,3483,597.27,845.22,267.56,173.28,0.955
1880,452,16551,139.12,634.11,308.88,480.1,0.9876
1881,452,44199,172.66,239.61,195.57,257.58,0.9775
1882,452,29451,515.06,240.77,405.29,226.66,0.9774
1883,452,1900,642.96,841.02,173.32,196.95,0.9684
1884,454,2483,103.71,712.57,224.58,466.25,0.9867
1885,454,6192,492.29,583.81,303.09,548.27,0.9856
1886,454,5094,566.86,192.72,274.05,268.38,0.9803
1887,454,5886,125.57,76.31,233.99,489.76,0.9648
1888,455,6192,144.16,99.81,295.0,525.26,0.9888
1889,455,2483,597.08,38.34,221.23,469.38,0.9815
1890,455,5094,92.79,792.23,278.6,274.51,0.9782
1891,455,5886,579.6,682.32,241.89,504.82,0.963
1892,456,6192,150.83,125.68,279.27,521.69,0.9871
1893,456,5094,93.5,803.4,282.65,282.68,0.9846
1894,456,2483,596.19,73.58,212.53,454.21,0.9766
1895,456,5886,580.06,679.34,256.22,520.31,0.9593
1896,457,6192,111.87,162.07,276.65,546.68,0.9894
1897,457,5094,131.16,824.45,277.62,279.68,0.9753
1898,457,2483,635.42,71.12,217.0,475.83,0.9752
1899,457,13395,622.36,672.04,247.88,510.1,0.9687
1900,458,6192,118.78,188.42,267.59,541.66,0.987
1901,458,5094,133.82,839.48,283.27,287.77,0.9813
1902,458,13395,624.82,681.36,263.92,511.5,0.9751
1903,458,2483,621.26,122.44,221.49,443.28,0.9699
1904,459,6192,549.54,518.85,272.47,527.49,0.9882
1905,459,13395,71.21,87.96,244.56,470.29,0.9842
1906,459,2483,83.35,668.08,217.41,482.73,0.9795
1907,459,5094,522.02,154.91,267.46,266.27,0.9772
1908,46,23223,108.79,120.64,297.12,508.88,0.9872
1909,46,2483,594.32,83.21,239.14,457.37,0.985
1910,46,3743,112.9,785.65,327.96,322.96,0.9812
1911,46,12081,596.9,696.05,244.46,467.8,0.9714
1912,460,3743,489.31,122.65,319.54,304.56,0.9895
1913,460,2483,95.16,677.88,207.85,459.32,0.9858
1914,460,23223,513.85,574.09,292.39,520.02,0.9823
1915,460,22362,85.09,114.32,256.35,390.38,0.9784
1916,462,3743,120.46,835.36,334.3,330.35,0.9816
1917,462,23223,136.48,162.12,291.3,505.08,0.9787
1918,462,2483,621.71,99.81,206.28,468.04,0.9785
1919,462,22362,602.09,743.1,277.93,411.86,0.9521
1920,463,27653,664.98,253.3,227.45,203.03,0.9912
1921,463,28763,619.53,870.84,219.23,217.42,0.9879
1922,463,20238,132.0,869.65,232.57,229.35,0.984
1923,463,3483,129.07,295.61,274.66,173.73,0.9552
1924,464,28763,131.67,177.45,212.03,213.56,0.9827
1925,464,20238,591.71,171.39,221.49,215.67,0.9766
1926,464,27653,59.76,810.49,232.66,212.22,0.9727
1927,464,3483,562.01,810.65,285.65,180.43,0.9543
1928,465,28763,150.25,187.36,211.81,210.91,0.9868
1929,465,20238,623.59,175.9,223.5,220.01,0.9812
1930,465,27653,96.28,851.62,228.71,210.08,0.9783
1931,465,3483,599.32,844.25,266.32,174.27,0.9541
1932,468,23223,119.44,123.58,292.49,504.91,0.9861
1933,468,2483,597.95,128.22,209.0,458.43,0.9781
1934,468,25438,152.56,872.95,260.09,264.7,0.9751
1935,468,22362,593.14,752.67,273.91,420.39,0.9586
1936,469,35206,599.86,128.02,257.6,400.65,0.9918
1937,469,28763,142.06,216.61,221.05,212.5,0.9846
1938,469,3483,610.87,787.73,265.13,211.97,0.9665
1939,469,27733,105.44,765.82,331.45,275.81,0.9619
1940,47,12081,106.05,95.75,239.2,433.23,0.9875
1941,47,2483,96.12,677.24,247.38,452.98,0.9869
1942,47,3743,490.27,164.25,323.34,300.05,0.9866
1943,47,23223,533.45,583.15,307.52,516.19,0.9851
1944,472,16548,625.13,148.09,235.67,226.98,0.989
1945,472,6563,189.95,708.98,208.19,365.64,0.9809
1946,472,3544,147.53,182.38,209.14,213.71,0.9753
1947,472,33878,625.52,848.81,226.3,141.31,0.9563
1948,474,16548,115.67,883.89,242.13,233.29,0.9885
1949,474,6563,589.81,234.01,204.33,341.28,0.9836
1950,474,3544,638.01,869.56,213.72,221.89,0.9756
1951,474,33878,147.93,302.61,224.08,148.77,0.9702
1952,475,19552,91.22,152.65,306.51,482.06,0.9868
1953,475,2483,594.9,87.41,206.52,456.6,0.9786
1954,475,25438,122.55,819.4,261.02,270.71,0.9785
1955,475,13395,587.08,710.62,257.43,523.55,0.9737
1956,477,2483,599.33,54.03,219.58,476.62,0.9816
1957,477,25438,120.15,809.77,256.76,258.49,0.9802
1958,477,19552,79.12,104.76,322.61,505.82,0.9742
1959,477,13395,579.0,713.9,252.62,511.27,0.9505
1960,479,25367,53.28,88.1,385.72,468.08,0.9925
1961,479,36637,639.5,173.42,176.43,249.77,0.9855
1962,479,3483,542.27,766.86,256.51,239.39,0.9795
1963,479,27777,141.08,769.96,175.58,210.31,0.9596
1964,481,5094,133.49,841.35,283.44,285.95,0.9849
1965,481,13395,623.54,680.46,263.63,513.29,0.9778
1966,481,22627,70.13,114.63,307.71,487.05,0.9762
1967,481,2483,621.45,122.33,223.01,442.07,0.9664
1968,482,13395,73.86,88.66,242.82,474.6,0.9827
1969,482,22627,552.26,623.92,306.1,492.85,0.9823
1970,482,2483,81.94,669.39,220.7,479.16,0.9804
1971,482,5094,525.57,156.47,271.8,269.82,0.9767
1972,484,3351,420.33,892.37,193.47,193.44,0.9717
1973,484,32310,23.64,317.31,279.17,332.54,0.9705
1974,484,16688,466.49,123.2,430.0,524.27,0.9686
1975,485,3351,329.3,144.21,180.62,192.53,0.9758
1976,485,16688,31.0,523.03,421.24,565.86,0.9701
1977,485,32310,625.87,520.62,275.17,359.9,0.9696
1978,486,3351,370.53,204.02,182.52,188.08,0.9756
1979,486,16688,72.56,613.35,422.46,565.49,0.9671
1980,486,32310,668.05,620.35,279.44,354.05,0.9668
1981,487,16232,646.55,180.74,194.73,179.81,0.9947
1982,487,31885,95.47,60.4,395.24,497.74,0.9835
1983,487,3483,605.69,785.14,272.64,218.1,0.9725
1984,487,27733,105.3,765.27,328.86,276.92,0.9643
1985,493,16548,120.12,886.14,247.52,238.34,0.9901
1986,493,19607,681.06,903.85,162.88,155.22,0.9734
1987,493,1900,186.14,285.56,188.64,164.74,0.972
1988,493,21026,686.74,267.87,171.54,175.79,0.9608
1989,494,16548,587.67,135.0,230.51,225.5,0.9881
1990,494,19607,129.26,211.33,155.13,150.11,0.9801
1991,494,1900,589.31,825.76,190.07,172.14,0.9754
1992,494,21026,90.8,825.92,181.53,181.36,0.934
1993,496,36637,169.01,294.91,185.72,247.62,0.9844
1994,496,3351,394.21,869.34,187.1,193.71,0.9784
1995,496,3832,497.49,181.27,373.71,351.85,0.9744
1996,497,36637,590.51,661.82,192.44,267.3,0.9884
1997,497,3351,352.95,161.65,184.32,186.5,0.98
1998,497,3832,47.04,658.39,384.39,374.31,0.978
1999,499,16262,170.46,842.12,259.07,233.85,0.9887
2000,499,25367,517.76,724.67,456.11,464.93,0.9883
2001,499,25469,573.33,237.02,372.62,208.41,0.9873
2002,499,3483,124.45,274.83,270.08,191.93,0.9721
2003,5,16551,563.17,116.03,289.04,482.33,0.9893
2004,5,29345,611.96,720.54,269.62,438.85,0.9809
2005,5,24850,95.22,893.32,303.29,168.66,0.9573
2006,5,1900,180.32,265.61,123.31,208.92,0.9446
2007,500,25367,21.73,65.63,434.53,432.92,0.9881
2008,500,16262,545.86,194.42,250.29,223.98,0.9876
2009,500,25469,15.76,818.3,375.0,209.95,0.9849
2010,500,3483,578.91,806.08,273.77,204.83,0.9794
2011,501,25469,44.54,857.94,379.38,208.88,0.9881
2012,501,25367,35.44,78.54,443.81,444.3,0.9878
2013,501,16262,577.27,201.62,255.12,228.18,0.9834
2014,501,3483,610.01,841.79,263.99,195.41,0.9724
2015,502,30308,541.1,738.22,423.73,401.59,0.9953
2016,502,20238,140.09,851.75,228.31,226.99,0.9896
2017,502,25469,575.03,237.02,370.17,209.36,0.9873
2018,502,3483,123.76,274.29,270.51,191.56,0.9701
2019,503,30308,22.08,107.62,402.86,388.99,0.991
2020,503,20238,584.02,191.07,227.33,215.88,0.9872
2021,503,25469,8.81,817.64,376.5,209.38,0.9867
2022,503,3483,579.1,804.04,273.4,206.04,0.9806
2023,506,38162,532.11,629.79,207.26,304.66,0.9743
2024,506,3351,353.85,137.83,178.71,195.52,0.9708
2025,506,31863,78.65,696.52,214.9,211.26,0.9592
2026,507,38162,570.53,724.82,204.76,294.87,0.9787
2027,507,3351,392.72,194.32,182.93,189.36,0.9649
2028,507,31863,120.69,780.53,215.41,208.24,0.9557
2029,508,22074,186.29,275.59,169.26,177.53,0.9876
2030,508,18147,533.91,239.16,351.38,358.17,0.9732
2031,508,3351,419.47,868.08,190.43,192.42,0.9727
2032,509,22074,601.32,791.72,175.57,186.81,0.9791
2033,509,3351,327.74,168.0,185.65,194.31,0.9732
2034,509,18147,31.1,606.99,369.56,388.4,0.9465
2035,511,19861,650.2,285.51,208.39,170.09,0.9902
2036,511,25367,568.63,737.79,405.85,510.23,0.9891
2037,511,3483,146.51,212.06,251.7,239.24,0.9614
2038,511,36637,100.08,904.91,267.11,162.63,0.9609
2039,515,35206,614.17,146.46,221.37,413.84,0.991
2040,515,30308,77.08,191.74,435.82,356.19,0.9892
2041,515,3483,570.02,804.94,254.38,228.09,0.9805
2042,515,27777,173.89,810.35,175.48,205.83,0.9711
2043,516,30308,469.29,701.82,452.02,374.25,0.9943
2044,516,35206,139.51,706.67,239.0,419.86,0.9897
2045,516,27777,641.53,296.98,164.74,196.73,0.9825
2046,516,3483,176.46,276.13,251.83,222.7,0.9753
2047,517,36637,643.23,208.83,184.2,252.85,0.9865
2048,517,31885,26.64,31.64,362.28,514.72,0.9838
2049,517,27653,94.1,853.05,221.89,208.18,0.9734
2050,517,3483,596.32,845.98,268.49,173.67,0.9562
2051,518,36637,613.78,203.52,182.12,245.83,0.9829
2052,518,31885,19.33,10.37,360.23,503.37,0.9791
2053,518,27653,55.73,813.13,235.01,212.67,0.9651
2054,518,3483,566.35,809.76,283.64,184.11,0.9631
2055,519,27653,667.63,254.73,225.0,202.07,0.991
2056,519,36637,153.51,801.74,192.42,251.66,0.9899
2057,519,31885,593.79,691.99,380.3,538.88,0.976
2058,519,3483,131.41,294.73,273.31,174.54,0.9583
2059,520,28763,608.31,905.27,222.6,217.24,0.9863
2060,520,27777,641.31,295.19,167.08,198.89,0.9837
2061,520,3483,178.38,271.28,253.24,225.24,0.9739
2062,520,29667,128.63,876.29,229.32,219.89,0.9696
2063,521,28763,138.35,150.78,214.64,203.48,0.9845
2064,521,3483,534.65,772.82,264.12,232.25,0.9805
2065,521,27777,146.01,771.91,171.68,210.23,0.965
2066,521,29667,598.69,155.44,224.68,207.04,0.9509
2067,522,28763,157.36,153.47,220.95,211.94,0.9859
2068,522,3483,571.93,804.06,251.51,228.9,0.9751
2069,522,27777,174.03,811.46,176.16,206.46,0.9596
2070,522,29667,627.13,159.81,230.7,211.65,0.9591
2071,525,16232,140.29,887.21,199.56,192.32,0.9898
2072,525,28763,629.72,863.77,222.67,216.3,0.9858
2073,525,27733,553.94,249.7,317.99,272.71,0.9787
2074,525,3483,123.29,302.18,270.02,211.13,0.9689
2075,526,30308,546.18,714.66,315.4,460.16,0.9901
2076,526,19861,649.48,284.35,207.93,170.02,0.989
2077,526,16262,103.37,857.28,255.04,235.97,0.9865
2078,526,3483,151.59,216.05,247.25,230.8,0.9678
2079,527,19861,137.56,871.44,210.97,171.41,0.9875
2080,527,16262,639.59,184.53,254.4,224.21,0.9868
2081,527,30308,126.52,84.4,321.21,453.07,0.9743
2082,527,3483,600.95,861.48,253.53,241.87,0.974
2083,528,19861,102.28,831.92,216.49,176.99,0.9896
2084,528,30308,114.34,69.94,309.84,439.55,0.9856
2085,528,16262,607.13,182.79,252.6,224.35,0.9839
2086,528,3483,572.11,827.88,261.64,246.11,0.9664
2087,529,25469,45.89,859.23,378.59,207.26,0.9878
2088,529,22347,104.7,235.86,207.59,204.05,0.9875
2089,529,20238,613.59,194.09,229.2,220.35,0.9862
2090,529,3483,610.54,840.93,264.85,196.17,0.9719
2091,53,6192,99.16,120.59,353.55,478.94,0.9876
2092,53,2483,648.44,116.37,205.25,451.14,0.9819
2093,53,25438,128.52,848.0,262.88,268.83,0.9754
2094,53,5886,596.84,680.13,250.3,518.74,0.9478
2095,530,20238,139.32,851.83,228.42,227.78,0.9884
2096,530,22347,680.35,826.52,213.86,211.65,0.9882
2097,530,25469,572.96,237.79,373.37,206.86,0.9865
2098,530,3483,125.68,274.45,269.04,193.15,0.9728
2099,531,20238,584.43,190.75,226.51,215.11,0.9856
2100,531,25469,14.22,817.08,377.12,211.45,0.9843
2101,531,3483,575.48,806.06,277.77,204.88,0.9822
2102,531,22347,88.89,225.21,204.42,196.26,0.9809
2103,532,19552,109.21,127.9,389.68,418.06,0.9825
2104,532,3743,67.5,810.03,341.08,331.42,0.9806
2105,532,2483,592.92,136.81,279.12,408.35,0.9657
2106,532,5886,607.49,699.35,247.11,513.68,0.957
2107,533,3743,67.55,802.65,338.13,319.46,0.9821
2108,533,19552,106.64,79.76,395.77,440.42,0.982
2109,533,2483,598.72,87.61,292.29,443.8,0.9755
2110,533,5886,589.02,703.43,255.46,510.29,0.9705
2111,534,3743,530.17,149.36,331.23,304.07,0.9901
2112,534,19552,442.02,692.57,409.35,440.44,0.9873
2113,534,2483,53.66,684.37,276.3,440.63,0.9805
2114,534,5886,96.55,61.58,247.49,482.98,0.967
2115,535,36637,676.24,170.47,173.47,259.96,0.9875
2116,535,31885,79.02,151.08,397.15,504.76,0.9825
2117,535,25469,87.79,836.24,327.19,286.62,0.9774
2118,535,3483,610.54,843.01,262.93,192.97,0.9702
2119,536,36637,648.76,167.55,162.66,253.88,0.9884
2120,536,31885,64.32,116.75,391.77,498.07,0.9824
2121,536,25469,50.56,795.71,338.74,285.66,0.9803
2122,536,3483,576.49,805.75,275.75,205.49,0.9797
2123,537,36637,133.7,829.49,175.56,261.98,0.9889
2124,537,31885,524.63,600.0,393.77,513.97,0.9855
2125,537,25469,577.72,191.41,319.04,272.92,0.9801
2126,537,3483,126.61,274.41,268.62,192.27,0.9707
2127,539,3351,320.92,135.42,184.53,188.42,0.9721
2128,539,38162,591.58,708.1,203.63,303.5,0.9711
2129,539,20014,9.4,670.49,368.17,335.79,0.9632
2130,54,6192,472.2,641.6,373.76,484.19,0.9867
2131,54,25438,548.23,175.39,247.44,255.84,0.9812
2132,54,2483,70.11,664.54,204.1,481.24,0.9806
2133,54,5886,111.5,72.49,235.93,490.25,0.9741
2134,540,38162,628.06,802.24,205.01,301.22,0.9769
2135,540,3351,363.55,189.93,183.6,185.74,0.9738
2136,540,20014,50.16,754.79,356.23,334.11,0.9647
2137,541,16232,144.79,897.83,195.32,188.25,0.9894
2138,541,19861,649.63,284.82,207.64,170.04,0.9893
2139,541,31885,583.91,649.66,326.69,554.87,0.9757
2140,541,3483,151.29,215.07,246.9,229.89,0.9692
2141,542,19861,101.81,831.99,216.0,176.86,0.99
2142,542,16232,614.44,168.6,188.41,182.15,0.9898
2143,542,31885,67.28,37.98,321.52,520.17,0.9809
2144,542,3483,576.15,824.51,254.52,246.19,0.9685
2145,543,16232,643.1,169.64,194.0,186.75,0.9932
2146,543,19861,137.97,873.77,213.96,169.6,0.9876
2147,543,31885,90.12,62.35,317.29,536.29,0.9775
2148,543,3483,597.86,859.55,254.93,243.81,0.9727
2149,545,22347,664.12,861.14,210.11,212.02,0.9882
2150,545,27777,644.2,297.08,165.13,197.97,0.9846
2151,545,3483,171.74,268.99,259.85,231.25,0.9737
2152,545,29667,128.19,875.05,229.23,220.46,0.9671
2153,546,3483,538.17,769.1,259.0,238.72,0.9802
2154,546,22347,103.3,192.31,204.2,206.73,0.9796
2155,546,27777,139.85,768.91,175.41,211.44,0.9718
2156,546,29667,599.47,155.37,223.13,207.65,0.9521
2157,547,22347,121.3,237.33,207.51,204.45,0.9882
2158,547,36637,634.91,209.33,177.97,255.21,0.9878
2159,547,3483,646.26,743.78,209.61,272.2,0.9738
2160,547,20877,114.15,771.23,333.09,235.42,0.9733
2161,548,22347,665.76,826.95,209.68,212.69,0.9872
2162,548,36637,168.66,794.25,186.91,262.82,0.9862
2163,548,20877,548.37,297.86,322.47,233.61,0.9844
2164,548,3483,142.25,285.48,210.65,268.38,0.972
2165,55,3351,425.2,845.69,184.7,189.51,0.9841
2166,55,20014,46.06,277.55,345.61,322.87,0.9641
2167,55,16688,428.93,167.13,504.16,444.99,0.9574
2168,551,27653,666.7,254.1,224.01,202.38,0.9909
2169,551,30308,534.09,695.26,394.87,422.65,0.9908
2170,551,20238,132.41,870.36,231.29,229.83,0.9896
2171,551,3483,136.97,294.7,267.92,172.21,0.9608
2172,552,30308,60.08,154.09,391.2,413.36,0.9932
2173,552,20238,622.7,176.89,225.28,220.4,0.9835
2174,552,27653,96.24,851.64,227.36,210.05,0.9749
2175,552,3483,588.01,842.62,281.3,177.52,0.9591
2176,553,16232,600.54,204.26,187.62,187.12,0.9897
2177,553,25469,9.46,816.37,376.15,209.99,0.986
2178,553,3483,575.99,805.35,278.66,203.43,0.9794
2179,553,34597,4.2,52.74,440.05,481.1,0.9788
2180,555,16232,628.0,214.84,193.71,189.34,0.9934
2181,555,25469,45.36,858.12,379.4,207.57,0.9875
2182,555,34597,13.75,87.06,453.1,475.42,0.9819
2183,555,3483,611.05,840.51,263.83,196.05,0.9725
2184,56,3351,324.82,194.13,185.3,191.65,0.9763
2185,56,20014,544.2,619.54,358.43,335.65,0.966
2186,56,16688,0,561.35,493.26,473.0,0.9652
2187,560,19861,137.54,871.21,211.49,170.9,0.9879
2188,560,35206,580.77,96.67,286.26,388.48,0.9878
2189,560,30308,99.25,76.04,287.83,473.13,0.9728
2190,560,3483,597.89,858.68,254.87,243.66,0.9716
2191,564,16551,584.02,103.6,299.78,482.88,0.9892
2192,564,21771,161.7,798.67,187.0,192.95,0.9789
2193,564,33009,528.51,831.35,391.73,204.84,0.9761
2194,564,1900,151.22,252.37,185.56,169.59,0.9726
2195,565,12778,15.48,155.21,421.3,433.55,0.9836
2196,565,5094,105.65,802.64,284.8,288.02,0.9829
2197,565,12081,647.47,686.18,252.94,470.37,0.9631
2198,565,2483,623.22,90.95,224.23,441.88,0.9579
2199,569,12081,106.58,94.16,238.85,436.42,0.9879
2200,569,3743,491.09,165.16,318.83,296.8,0.9871
2201,569,2483,95.96,674.75,247.72,457.0,0.9862
2202,569,12778,539.23,561.87,300.71,527.29,0.9757
2203,571,16551,537.71,53.6,304.7,454.12,0.9904
2204,571,1900,581.11,865.75,197.89,148.43,0.9739
2205,571,24850,112.46,131.33,190.4,294.84,0.9655
2206,571,21026,90.41,826.21,179.94,182.68,0.922
2207,572,16551,102.4,706.67,326.58,485.68,0.9877
2208,572,1900,192.61,272.41,185.22,144.31,0.9747
2209,572,24850,673.41,828.5,187.72,304.01,0.9735
2210,572,21026,686.13,270.03,176.57,180.05,0.958
2211,573,16551,561.62,61.54,315.03,473.51,0.9856
2212,573,24850,131.67,135.84,190.58,303.47,0.9713
2213,573,1900,613.82,899.39,186.8,141.26,0.9678
2214,573,21026,123.48,862.76,177.89,180.18,0.9429
2215,574,22627,85.09,175.43,313.52,499.45,0.9843
2216,574,3743,103.8,827.29,336.15,323.6,0.9817
2217,574,2483,665.83,91.58,205.72,476.4,0.9776
2218,574,13395,617.78,680.97,249.4,502.75,0.9715
2219,575,3743,498.15,121.91,314.26,304.62,0.9879
2220,575,22627,524.83,540.22,316.18,481.88,0.9854
2221,575,2483,60.41,650.72,205.62,483.13,0.9846
2222,575,13395,75.41,82.28,241.16,479.73,0.9797
2223,576,22627,84.23,214.05,311.43,477.06,0.9837
2224,576,3743,108.62,839.42,334.62,329.85,0.9828
2225,576,2483,652.92,124.82,212.49,456.65,0.9811
2226,576,13395,623.24,673.63,257.56,521.24,0.9758
2227,577,16551,541.95,75.12,340.07,422.05,0.9875
2228,577,19607,137.2,787.97,158.31,154.26,0.9757
2229,577,1900,137.09,243.19,183.79,163.64,0.9741
2230,577,33009,503.65,789.77,400.46,214.56,0.9593
2231,578,16551,52.96,723.04,382.56,442.44,0.9886
2232,578,1900,642.56,855.17,196.03,173.41,0.9807
2233,578,19607,658.22,335.25,154.23,147.85,0.9784
2234,578,33009,83.51,247.27,377.7,217.96,0.9747
2235,579,16551,559.37,75.11,365.27,442.09,0.989
2236,579,19607,170.28,822.05,156.49,152.86,0.9803
2237,579,1900,151.52,255.11,186.87,162.68,0.9758
2238,579,33009,533.31,827.78,390.71,209.13,0.9724
2239,58,19861,102.12,831.65,215.14,177.53,0.9901
2240,58,35206,552.89,91.79,273.4,382.5,0.9885
2241,58,34597,21.41,32.97,425.41,495.85,0.9768
2242,58,3483,572.1,826.05,262.6,246.91,0.9675
2243,581,16548,103.73,905.08,243.61,236.69,0.9905
2244,581,1900,645.52,847.59,192.98,182.85,0.9779
2245,581,33009,71.86,249.51,390.98,215.85,0.9757
2246,581,24850,645.53,202.91,180.56,282.34,0.9614
2247,583,2483,71.19,702.98,250.79,453.94,0.9858
2248,583,5094,549.14,181.49,275.18,267.96,0.9802
2249,583,19552,456.8,627.95,351.2,498.15,0.9786
2250,583,5886,107.86,78.27,240.83,480.13,0.9715
2251,584,5094,107.63,811.78,284.17,282.13,0.9849
2252,584,19552,146.17,132.6,318.13,472.09,0.9825
2253,584,2483,602.77,104.08,257.51,439.0,0.9749
2254,584,5886,593.16,681.21,256.72,518.47,0.9569
2255,586,36637,646.36,166.31,168.42,254.91,0.9892
2256,586,3483,577.21,806.23,275.27,205.48,0.98
2257,586,25469,53.83,789.84,336.26,282.14,0.9796
2258,586,28763,142.52,193.9,208.21,209.28,0.9792
2259,587,36637,133.77,829.94,179.24,260.12,0.9899
2260,587,25469,578.35,192.24,317.78,269.82,0.9853
2261,587,28763,605.82,859.12,225.66,217.98,0.9784
2262,587,3483,126.61,273.2,268.15,193.75,0.9719
2263,588,36637,677.31,167.61,172.28,263.76,0.9874
2264,588,28763,157.71,203.21,215.0,211.65,0.9832
2265,588,25469,87.28,836.79,328.21,285.53,0.9795
2266,588,3483,607.16,841.2,268.74,196.59,0.9683
2267,589,25367,18.26,112.33,351.87,494.98,0.9909
2268,589,19861,138.38,873.21,213.14,169.77,0.9877
2269,589,16262,640.75,184.98,252.07,223.77,0.9859
2270,589,3483,597.96,860.58,255.7,241.77,0.9747
2271,591,19861,649.52,284.55,207.84,170.09,0.9889
2272,591,25367,622.19,626.35,353.81,540.44,0.9883
2273,591,16262,102.34,857.37,256.88,233.87,0.9846
2274,591,3483,151.26,214.89,247.91,230.26,0.9681
2275,592,19861,651.72,285.16,206.32,169.34,0.9893
2276,592,28763,643.79,901.18,225.03,215.88,0.9813
2277,592,29667,119.35,841.07,231.42,214.97,0.9715
2278,592,3483,146.57,211.18,252.04,236.23,0.959
2279,593,19861,101.96,832.78,217.35,177.17,0.989
2280,593,28763,103.78,157.55,213.0,206.62,0.9853
2281,593,3483,574.34,828.35,255.27,243.26,0.9658
2282,593,29667,608.23,190.35,219.9,212.57,0.9532
2283,594,19861,136.96,873.05,212.65,170.08,0.988
2284,594,28763,123.33,158.66,215.6,213.0,0.9847
2285,594,3483,597.03,860.48,252.79,243.87,0.9725
2286,594,29667,639.34,189.11,223.45,207.89,0.9571
2287,595,16232,652.44,287.42,191.53,190.59,0.9936
2288,595,32310,111.23,210.48,241.94,345.42,0.9742
2289,595,3351,397.61,862.22,189.36,202.24,0.9443
2290,596,16232,78.39,730.95,201.35,197.72,0.9946
2291,596,32310,578.92,616.88,249.92,368.62,0.9714
2292,596,3351,350.83,161.92,180.46,187.4,0.9694
2293,598,36637,175.03,329.32,180.35,258.92,0.9887
2294,598,3351,404.05,870.9,185.05,197.28,0.9795
2295,598,33880,529.33,193.58,317.66,412.6,0.9726
2296,60,35206,109.3,778.63,296.57,399.95,0.9882
2297,60,19861,650.32,284.48,206.25,170.23,0.9877
2298,60,34597,526.08,672.83,449.92,512.34,0.9781
2299,60,3483,152.2,215.56,246.98,232.72,0.9679
2300,600,36637,625.96,720.57,177.77,259.5,0.9907
2301,600,3351,388.22,224.99,181.45,182.86,0.9744
2302,600,33880,94.1,696.18,321.72,419.86,0.9737
2303,601,16262,154.64,811.03,256.88,234.98,0.9883
2304,601,27733,553.58,251.3,316.82,270.94,0.9794
2305,601,31885,508.46,638.16,442.32,479.62,0.9781
2306,601,3483,123.77,302.56,268.09,211.33,0.9669
2307,602,16262,566.16,221.19,252.57,228.62,0.9888
2308,602,3483,579.11,750.63,275.28,221.31,0.9796
2309,602,31885,37.49,118.29,425.88,455.4,0.9578
2310,602,27733,76.65,724.63,325.16,271.4,0.7708
2311,602,35206,85.37,724.65,317.74,290.43,0.4475
2312,603,16262,591.72,231.27,250.06,227.54,0.9825
2313,603,31885,42.82,137.7,443.34,473.33,0.9815
2314,603,3483,608.41,785.37,270.05,216.69,0.9768
2315,603,27733,105.15,765.07,330.13,277.32,0.9559
2316,605,36637,645.96,205.9,186.38,252.53,0.987
2317,605,28763,137.91,246.39,219.32,207.3,0.9819
2318,605,27653,94.67,850.21,226.69,213.85,0.9747
2319,605,3483,586.48,843.4,284.38,175.97,0.9575
2320,608,3351,339.21,191.36,183.21,193.85,0.984
2321,608,29667,585.51,721.3,236.75,222.73,0.9775
2322,608,33880,27.13,613.4,331.76,435.67,0.9628
2323,610,16232,617.49,216.4,190.89,183.83,0.9916
2324,610,34597,0,86.61,408.83,476.8,0.9811
2325,610,3483,560.88,810.95,283.14,180.79,0.9596
2326,610,27653,57.27,811.31,231.91,211.53,0.956
2327,611,16232,140.89,840.85,199.54,195.38,0.993
2328,611,27653,667.62,255.42,225.03,202.6,0.9912
2329,611,34597,575.22,638.11,400.78,493.08,0.9769
2330,611,3483,132.4,294.58,273.23,175.78,0.9567
2331,612,16232,646.52,225.8,195.74,184.58,0.9927
2332,612,34597,0,124.76,440.86,471.55,0.9781
2333,612,27653,96.27,853.63,218.26,207.02,0.9766
2334,612,3483,585.28,842.7,282.0,178.33,0.958
2335,614,3351,346.77,150.88,181.42,194.22,0.9815
2336,614,22074,652.86,737.14,174.47,187.24,0.9796
2337,614,19232,159.86,652.24,250.73,357.04,0.9564
2338,615,3351,388.27,212.32,184.21,187.69,0.9825
2339,615,22074,691.39,831.27,172.73,180.19,0.9824
2340,615,19232,203.98,746.72,246.36,362.66,0.9561
2341,616,19861,649.9,283.79,207.09,170.19,0.9886
2342,616,16232,144.22,897.73,195.27,188.45,0.9885
2343,616,28763,626.07,888.9,224.24,213.73,0.9773
2344,616,3483,151.05,215.51,247.38,231.87,0.9695
2345,617,16232,642.31,167.93,195.59,188.25,0.9917
2346,617,19861,137.23,871.7,211.63,171.84,0.9886
2347,617,28763,145.04,173.38,216.02,213.12,0.9856
2348,617,3483,600.48,861.2,254.47,242.43,0.9769
2349,618,19861,102.62,831.89,214.37,176.1,0.9891
2350,618,16232,612.41,167.3,193.43,180.93,0.9885
2351,618,28763,128.85,169.31,205.53,208.85,0.9816
2352,618,3483,571.72,827.75,262.42,247.34,0.9667
2353,62,36637,543.01,647.71,200.7,258.32,0.9906
2354,62,3351,326.26,155.58,182.89,190.53,0.9772
2355,62,18147,85.67,553.12,295.22,417.94,0.9757
2356,620,2483,86.22,653.85,201.43,474.96,0.9856
2357,620,5094,521.71,143.64,273.79,269.73,0.9836
2358,620,23223,552.71,632.0,291.87,525.33,0.9784
2359,620,22362,79.53,70.95,253.88,395.09,0.9779
2360,621,23223,92.88,62.42,298.19,511.34,0.9853
2361,621,5094,133.76,836.7,281.48,285.7,0.9799
2362,621,2483,645.6,89.38,199.5,482.23,0.9777
2363,621,22362,599.99,789.11,264.01,413.32,0.9581
2364,622,3351,397.54,891.32,187.59,197.46,0.9848
2365,622,41768,111.93,303.91,272.23,283.99,0.9777
2366,622,22074,632.09,302.05,168.37,181.36,0.9668
2367,623,3351,350.06,145.27,183.42,197.8,0.975
2368,623,41768,538.85,631.25,271.92,303.64,0.7216
2369,623,22074,140.92,763.8,176.14,193.06,0.5498
2370,623,15280,547.83,635.82,273.03,310.72,0.4838
2371,623,16232,119.22,745.53,197.85,197.16,0.3245
2372,624,3351,393.18,203.64,185.34,193.62,0.9776
2373,624,41768,571.36,728.96,271.72,298.98,0.9295
2374,624,22074,183.94,853.74,174.45,182.96,0.6527
2375,624,5000,160.88,835.44,197.22,190.94,0.3994
2376,625,30308,493.49,705.63,429.36,390.47,0.9932
2377,625,16262,153.49,811.16,258.69,233.78,0.9885
2378,625,27733,554.17,251.87,316.59,271.69,0.9811
2379,625,3483,125.69,304.29,268.08,208.83,0.9696
2380,627,30308,65.29,154.8,408.9,366.16,0.9884
2381,627,16262,566.08,220.93,252.74,228.67,0.9883
2382,627,3483,579.21,752.48,274.12,218.56,0.9762
2383,627,27733,75.43,724.79,324.99,272.99,0.7506
2384,627,35206,85.34,727.47,317.8,286.69,0.4873
2385,628,16232,141.19,887.41,198.95,191.92,0.991
2386,628,22347,677.05,847.42,210.93,213.71,0.9869
2387,628,27733,555.06,249.96,315.75,271.7,0.98
2388,628,3483,123.01,302.25,270.57,210.99,0.9705
2389,632,23223,508.35,598.77,293.85,522.16,0.9854
2390,632,2483,67.54,673.17,208.51,473.52,0.9849
2391,632,25438,550.55,186.06,245.67,252.63,0.9791
2392,632,5886,116.11,81.84,237.19,479.18,0.9652
2393,633,23223,144.52,135.98,288.07,502.05,0.9827
2394,633,2483,649.05,101.77,203.08,463.16,0.9824
2395,633,25438,126.16,849.45,259.03,262.11,0.9716
2396,633,5886,588.55,679.6,258.3,512.16,0.9643
2397,635,16548,66.15,752.7,242.05,231.47,0.9857
2398,635,4543,602.18,151.25,210.08,203.01,0.9801
2399,635,3544,179.85,190.79,202.17,205.97,0.9702
2400,635,33878,617.05,788.77,168.89,217.51,0.9632
2401,636,16548,653.41,281.87,230.57,218.37,0.9864
2402,636,4543,125.2,908.26,220.45,213.17,0.9844
2403,636,33878,195.94,251.26,157.6,215.22,0.9686
2404,636,3544,579.88,853.33,218.46,221.93,0.9686
2405,637,3743,67.2,809.91,340.73,331.65,0.9807
2406,637,2483,591.88,137.48,280.23,408.92,0.9647
2407,637,5886,607.31,699.42,247.46,513.53,0.9504
2408,637,6192,54.07,194.5,464.68,351.15,0.8014
2409,638,3743,67.95,803.13,338.28,319.47,0.984
2410,638,2483,604.85,87.4,276.22,439.93,0.9754
2411,638,5886,589.4,705.29,255.66,509.42,0.9723
2412,638,6192,39.27,165.05,482.38,349.95,0.9618
2413,64,3351,397.09,884.46,188.5,199.73,0.9807
2414,64,20014,584.44,269.89,363.74,305.29,0.9728
2415,64,29667,154.23,273.07,228.64,213.57,0.9726
2416,640,3351,405.76,915.85,188.3,199.9,0.9771
2417,640,20238,97.69,300.99,224.0,221.16,0.9759
2418,640,3832,495.77,280.82,396.21,332.06,0.9712
2419,641,20238,614.41,707.55,237.08,231.16,0.9837
2420,641,3832,36.76,574.21,411.62,353.82,0.9755
2421,641,3351,344.69,121.73,178.92,189.56,0.9707
2422,644,3743,484.07,119.51,318.58,303.69,0.9873
2423,644,2483,59.92,657.87,214.0,478.35,0.9862
2424,644,6192,505.64,604.29,268.76,546.42,0.9852
2425,644,13395,66.21,89.51,244.55,474.33,0.982
2426,646,36637,133.36,828.73,188.63,253.96,0.9898
2427,646,34597,394.09,611.13,483.3,467.87,0.9836
2428,646,27777,640.0,294.21,166.85,198.95,0.9819
2429,646,3483,177.56,276.76,251.55,220.97,0.9763
2430,647,36637,666.94,177.85,183.49,256.16,0.9879
2431,647,3483,569.12,804.78,254.28,228.41,0.9799
2432,647,34597,133.12,177.1,475.29,442.22,0.9767
2433,647,27777,173.91,810.24,174.49,206.04,0.9673
2434,648,36637,638.19,174.97,175.23,249.05,0.9875
2435,648,34597,108.73,147.25,470.7,437.55,0.9765
2436,648,3483,542.41,767.19,255.26,238.73,0.9765
2437,648,27777,141.61,769.42,174.03,211.38,0.9685
2438,65,29667,558.86,733.32,233.82,214.9,0.9782
2439,65,3351,349.24,148.26,183.15,197.08,0.9706
2440,65,20014,0,634.14,350.44,342.68,0.9659
2441,650,3351,370.85,173.84,176.64,188.35,0.9769
2442,650,32310,0,698.37,306.28,316.29,0.9766
2443,650,36637,565.45,826.44,269.24,167.93,0.8297
2444,652,16551,562.34,64.84,287.85,470.73,0.9867
2445,652,1900,126.05,253.86,184.44,159.95,0.9779
2446,652,31705,587.69,684.4,267.64,441.51,0.9599
2447,652,24850,120.03,838.85,304.17,177.44,0.9559
2448,653,16551,89.48,683.45,310.46,498.74,0.9834
2449,653,1900,649.6,856.04,192.44,161.18,0.9781
2450,653,31705,125.18,116.67,250.99,409.52,0.9628
2451,653,24850,545.83,264.74,297.04,166.78,0.9527
2452,654,16551,587.95,76.4,294.77,478.15,0.9897
2453,654,1900,143.66,268.77,188.04,153.01,0.9724
2454,654,24850,150.99,878.23,303.26,171.17,0.9589
2455,654,31705,620.41,725.93,258.44,440.48,0.9478
2456,656,16551,533.01,182.59,413.22,389.28,0.9883
2457,656,6563,189.59,706.93,208.9,366.88,0.981
2458,656,3544,148.17,185.59,208.81,206.83,0.975
2459,656,33878,626.05,850.81,225.25,138.26,0.9556
2460,658,16551,621.48,10.11,293.49,484.34,0.9872
2461,658,29451,494.92,816.31,400.77,272.12,0.9777
2462,658,18110,73.83,803.07,307.94,272.84,0.975
2463,658,1900,167.99,242.55,167.74,194.96,0.9515
2464,659,16551,596.61,8.33,281.26,469.3,0.9869
2465,659,29451,458.9,778.33,417.53,279.41,0.9726
2466,659,18110,40.36,763.94,313.4,273.86,0.9708
2467,659,1900,143.92,235.77,174.43,185.64,0.9462
2468,66,3351,392.36,208.81,184.13,192.34,0.9793
2469,66,29667,596.39,823.01,231.19,208.16,0.9665
2470,66,20014,27.08,723.83,359.5,321.64,0.9634
2471,660,16551,61.96,735.46,299.28,512.98,0.9841
2472,660,18110,612.15,236.9,295.94,277.31,0.9714
2473,660,1900,641.77,842.72,174.74,196.4,0.9684
2474,660,29451,115.36,207.62,400.25,264.83,0.967
2475,661,16232,684.58,291.02,196.83,187.68,0.995
2476,661,3351,375.73,874.61,191.66,199.39,0.9804
2477,661,31863,176.31,301.6,208.76,203.72,0.9539
2478,662,16232,40.45,742.05,201.45,191.73,0.9926
2479,662,3351,367.55,158.47,184.66,194.29,0.9812
2480,662,31863,557.05,719.64,210.74,218.43,0.9484
2481,664,36637,167.94,794.65,187.87,263.94,0.9879
2482,664,20877,546.34,298.89,324.62,233.92,0.984
2483,664,28763,625.27,871.97,223.94,218.99,0.9836
2484,664,3483,137.45,282.73,211.9,268.64,0.9707
2485,665,28763,123.35,180.1,214.38,210.66,0.9864
2486,665,36637,606.31,201.21,177.03,252.84,0.9851
2487,665,20877,88.29,724.09,328.1,243.86,0.9766
2488,665,3483,618.32,713.5,214.98,280.3,0.9757
2489,667,25438,119.61,820.87,254.98,258.24,0.9784
2490,667,2483,564.42,120.85,302.75,442.17,0.9782
2491,667,12081,647.22,701.55,243.9,446.32,0.9588
2492,667,22627,5.1,151.12,487.82,278.63,0.9468
2493,668,12081,61.58,101.97,238.55,429.87,0.9855
2494,668,25438,553.28,195.63,246.88,255.89,0.9785
2495,668,22627,389.27,775.31,548.22,294.98,0.9741
2496,668,2483,63.8,658.59,303.2,434.95,0.9697
2497,670,35206,137.02,728.71,241.11,421.56,0.9904
2498,670,22347,682.67,847.71,212.08,208.37,0.9888
2499,670,25469,579.03,191.16,317.37,271.51,0.9851
2500,670,3483,124.55,274.89,269.88,190.84,0.9714
2501,672,35206,613.16,123.3,229.09,413.91,0.9882
2502,672,22347,105.32,220.12,206.34,202.61,0.9806
2503,672,25469,89.24,835.92,326.21,287.26,0.9777
2504,672,3483,612.02,840.75,261.89,196.54,0.9729
2505,674,16548,148.46,890.18,243.03,235.98,0.988
2506,674,44199,127.78,299.83,285.81,140.96,0.9799
2507,674,27926,592.52,163.6,257.03,434.88,0.9779
2508,674,1900,635.07,894.01,193.86,137.7,0.9772
2509,675,16548,562.79,135.19,231.68,221.77,0.9862
2510,675,27926,90.09,614.28,262.32,476.84,0.9716
2511,675,44199,540.99,836.53,307.67,147.74,0.9656
2512,675,1900,141.68,238.97,186.3,131.55,0.9615
2513,677,16551,610.57,7.92,302.9,462.5,0.9862
2514,677,27926,558.69,632.67,259.88,475.35,0.9746
2515,677,18110,12.09,706.01,307.27,282.89,0.9711
2516,677,1900,135.96,238.89,191.77,133.13,0.9456
2517,679,22627,121.49,170.43,334.62,455.57,0.9859
2518,679,5094,101.43,807.02,288.96,283.08,0.9797
2519,679,2483,611.08,108.33,210.38,442.42,0.9754
2520,679,4378,592.36,707.72,232.57,474.04,0.9651
2521,68,30308,504.48,768.62,453.13,376.09,0.9953
2522,68,16232,155.06,824.87,192.18,193.01,0.9926
2523,68,27777,639.13,293.43,167.64,199.54,0.9833
2524,68,3483,176.39,276.33,252.45,222.77,0.9775
2525,680,22627,465.09,600.93,336.52,468.24,0.9894
2526,680,5094,555.69,184.91,270.66,268.75,0.9854
2527,680,2483,88.72,682.55,229.55,466.2,0.9852
2528,680,4378,136.08,107.67,215.12,449.46,0.9847
2529,681,22627,119.31,132.54,344.21,467.44,0.9867
2530,681,2483,613.79,60.75,220.23,474.62,0.9817
2531,681,5094,102.57,795.12,281.67,275.39,0.9752
2532,681,4378,585.68,700.62,224.02,472.03,0.9642
2533,684,16551,527.64,89.86,361.06,439.29,0.9918
2534,684,29345,573.19,721.35,310.95,426.75,0.9729
2535,684,18110,74.66,775.07,307.7,278.29,0.9615
2536,684,1900,180.42,266.0,123.6,208.16,0.9473
2537,685,6192,96.43,22.68,288.7,536.93,0.9912
2538,685,2483,565.4,119.73,303.65,452.53,0.9813
2539,685,25438,116.82,820.0,253.64,258.07,0.9778
2540,685,12081,645.3,701.72,242.98,450.75,0.9684
2541,688,20238,611.19,184.12,219.7,219.77,0.987
2542,688,3483,579.92,750.79,273.67,220.99,0.9785
2543,688,34597,82.42,172.54,487.58,417.96,0.9755
2544,688,27733,75.78,723.36,324.28,274.89,0.7844
2545,688,35206,83.92,738.69,319.68,280.48,0.4574
2546,692,35206,103.23,688.62,199.33,431.16,0.9917
2547,692,27653,668.44,255.04,225.29,200.98,0.9909
2548,692,22347,656.99,837.12,211.02,209.51,0.9822
2549,692,3483,131.27,294.76,273.58,173.99,0.9597
2550,694,35206,158.29,277.75,251.01,397.35,0.9872
2551,694,3351,405.2,848.85,183.72,191.78,0.9816
2552,694,19232,503.06,232.2,333.97,259.53,0.9419
2553,697,38162,135.12,259.76,238.25,266.89,0.9818
2554,697,18357,592.56,196.08,251.24,344.64,0.9661
2555,697,3351,399.94,850.13,193.27,200.67,0.9617
2556,698,38162,575.55,678.42,237.6,281.78,0.9808
2557,698,3351,345.92,169.82,180.27,191.62,0.9786
2558,698,18357,77.09,643.7,255.19,364.59,0.9631
2559,70,16551,50.25,705.5,304.1,504.22,0.9868
2560,70,1900,636.19,897.36,191.62,162.48,0.9682
2561,70,29451,48.36,234.51,402.25,230.59,0.9642
2562,70,24850,647.46,248.68,192.92,279.04,0.9578
2563,700,19861,102.6,832.04,214.89,177.71,0.9894
2564,700,16232,613.9,166.93,190.45,182.62,0.9881
2565,700,30308,59.78,141.1,398.93,382.12,0.9854
2566,700,3483,576.61,825.85,253.59,246.37,0.9662
2567,701,30308,71.61,159.31,409.59,393.86,0.9918
2568,701,16232,643.11,168.68,194.93,189.14,0.9913
2569,701,19861,136.28,871.57,212.82,171.13,0.9873
2570,701,3483,598.21,859.87,255.18,243.18,0.9753
2571,702,30308,510.16,701.26,416.05,401.13,0.995
2572,702,16232,144.78,897.43,195.83,189.05,0.9903
2573,702,19861,649.45,284.33,207.03,170.53,0.987
2574,702,3483,151.39,214.83,247.17,230.85,0.9685
2575,705,19861,131.14,871.91,214.04,169.5,0.9879
2576,705,22347,120.2,193.8,205.67,204.72,0.9808
2577,705,3483,592.63,865.71,254.92,242.94,0.9727
2578,705,29667,639.48,199.42,226.02,208.25,0.9537
2579,706,12778,54.48,114.29,362.13,483.43,0.9862
2580,706,5094,108.68,811.29,283.03,282.17,0.9852
2581,706,2483,599.53,110.49,258.27,429.99,0.9751
2582,706,5886,590.29,683.81,262.46,515.19,0.9484
2583,707,2483,71.6,700.15,249.0,459.61,0.9837
2584,707,12778,528.43,619.21,367.11,498.44,0.9797
2585,707,5094,547.74,181.44,275.12,267.58,0.9789
2586,707,5886,107.91,75.72,241.21,479.99,0.9738
2587,708,12778,55.85,77.75,362.95,495.48,0.9796
2588,708,2483,614.87,65.78,252.36,460.27,0.9741
2589,708,5886,587.18,678.79,245.79,513.77,0.955
2590,708,5094,108.91,801.08,280.2,273.02,0.9517
2591,710,16262,568.2,223.44,250.41,224.6,0.9865
2592,710,3483,578.57,752.8,275.4,217.92,0.9796
2593,710,28763,154.6,231.04,212.16,208.92,0.972
2594,710,27733,75.64,723.41,325.05,274.79,0.8104
2595,710,35206,85.65,726.03,317.18,289.57,0.4149
2596,712,5094,133.46,840.81,282.56,287.03,0.9838
2597,712,12778,112.74,109.1,274.44,525.76,0.9786
2598,712,13395,625.18,682.77,264.16,513.45,0.9728
2599,712,2483,621.87,122.93,223.11,443.25,0.9692
2600,713,13395,73.09,88.17,243.65,474.15,0.9827
2601,713,12778,546.41,574.19,289.22,539.85,0.9807
2602,713,2483,82.1,669.09,219.91,479.77,0.9788
2603,713,5094,524.73,155.53,273.47,269.33,0.9763
2604,714,5094,130.88,825.54,279.61,278.46,0.9759
2605,714,12778,107.13,67.84,279.45,552.96,0.9748
2606,714,13395,620.6,673.35,249.49,511.31,0.9732
2607,714,2483,631.44,78.0,219.23,472.08,0.9724
2608,716,19552,98.1,152.98,308.95,476.63,0.9883
2609,716,2483,587.56,127.29,228.84,438.36,0.9815
2610,716,3743,112.22,797.3,336.96,328.25,0.9782
2611,716,12081,608.44,704.39,250.94,474.98,0.9726
2612,717,2483,94.59,676.06,249.02,455.34,0.9886
2613,717,3743,491.31,164.63,318.39,297.38,0.9876
2614,717,12081,107.01,95.44,238.48,434.34,0.9864
2615,717,19552,525.41,607.84,326.44,494.48,0.9814
2616,719,16548,547.14,181.76,234.38,224.5,0.9896
2617,719,1900,123.96,252.84,187.17,161.5,0.9762
2618,719,21771,87.54,806.85,195.46,188.99,0.961
2619,719,31705,594.67,678.8,268.94,448.9,0.9534
2620,72,16551,638.67,42.35,290.54,493.31,0.9839
2621,72,24850,147.88,770.6,202.73,292.01,0.9725
2622,72,1900,160.37,224.2,188.23,154.87,0.9677
2623,72,29451,556.1,837.96,412.8,229.78,0.9673
2624,720,16548,160.92,842.42,242.88,233.25,0.9908
2625,720,21771,673.62,285.12,188.24,181.35,0.9737
2626,720,1900,648.57,859.09,197.36,155.07,0.9713
2627,720,31705,116.97,118.35,253.1,410.94,0.9675
2628,721,35206,570.14,117.34,247.47,393.87,0.9813
2629,721,3483,581.05,752.11,271.41,216.43,0.9744
2630,721,31885,60.78,172.19,439.36,459.19,0.9736
2631,721,27733,76.57,724.42,326.05,271.82,0.7226
2632,721,35206,86.0,728.13,322.2,289.19,0.5008
2633,724,16548,104.63,736.8,235.61,229.88,0.99
2634,724,10221,583.08,164.33,213.96,214.05,0.9832
2635,724,3544,130.61,168.02,202.24,212.4,0.978
2636,724,31705,565.58,667.75,259.44,439.52,0.9456
2637,725,16548,616.03,301.46,233.84,224.02,0.9879
2638,725,10221,159.64,873.26,223.04,224.02,0.9859
2639,725,31705,140.7,136.72,259.01,408.52,0.9657
2640,725,3544,634.74,880.94,215.48,220.11,0.9635
2641,726,16548,137.79,776.5,231.01,225.84,0.9885
2642,726,10221,610.88,169.33,215.55,216.46,0.9844
2643,726,3544,146.78,176.97,209.21,207.85,0.9692
2644,726,31705,592.98,707.74,264.7,433.93,0.9534
2645,727,16232,600.69,204.83,187.32,187.9,0.9897
2646,727,25367,28.06,159.7,424.5,443.16,0.9881
2647,727,25469,14.06,817.97,376.96,209.67,0.9841
2648,727,3483,578.15,804.4,274.33,206.28,0.9798
2649,728,16232,628.81,215.98,191.13,191.34,0.9934
2650,728,25367,38.37,177.84,434.13,446.46,0.9919
2651,728,25469,42.04,861.29,376.28,206.97,0.9881
2652,728,3483,609.73,845.09,266.47,192.63,0.9711
2653,73,16551,525.52,61.76,345.28,432.54,0.9897
2654,73,12247,588.28,851.32,210.23,127.71,0.9787
2655,73,6563,160.24,672.15,221.38,364.9,0.9738
2656,73,3544,72.7,200.57,201.77,199.75,0.9717
2657,731,16548,116.77,769.48,238.26,227.47,0.9875
2658,731,4543,599.9,140.17,213.69,202.99,0.9732
2659,731,29871,600.13,775.34,209.41,222.44,0.9719
2660,731,3544,94.97,150.87,207.28,207.11,0.9542
2661,732,16548,604.05,266.64,233.03,217.83,0.988
2662,732,4543,126.32,914.33,220.35,214.38,0.9873
2663,732,29871,167.72,285.15,201.17,209.91,0.9783
2664,732,3544,668.41,896.08,215.82,218.45,0.974
2665,738,16551,582.01,86.47,292.36,467.06,0.9881
2666,738,1900,89.05,254.51,178.84,134.32,0.9841
2667,738,44199,599.98,772.71,171.59,285.88,0.9833
2668,738,31705,133.09,631.95,260.9,449.13,0.9206
2669,740,16548,117.57,803.81,245.23,235.12,0.989
2670,740,19607,652.85,273.57,155.44,145.8,0.9737
2671,740,31705,127.84,121.3,243.76,413.14,0.9609
2672,740,1900,642.03,826.85,159.92,206.2,0.9572
2673,742,6192,565.45,533.26,278.78,539.67,0.9898
2674,742,2483,87.5,672.16,240.57,474.58,0.9814
2675,742,25438,568.56,187.72,247.76,250.26,0.9801
2676,742,4378,79.93,106.15,219.73,436.28,0.9799
2677,743,6192,98.82,140.37,272.25,545.73,0.992
2678,743,2483,604.75,82.51,242.11,460.68,0.9829
2679,743,25438,107.13,826.01,252.54,262.26,0.9776
2680,743,4378,639.2,713.25,219.91,460.11,0.9637
2681,745,16262,662.47,276.77,248.68,227.62,0.9841
2682,745,32310,111.11,176.8,219.31,354.11,0.9625
2683,745,3351,352.33,885.85,188.89,200.75,0.9425
2684,747,16262,64.29,805.34,256.72,232.07,0.9873
2685,747,3351,435.96,189.58,182.23,190.25,0.978
2686,747,32310,633.85,727.75,221.09,398.69,0.9334
2687,75,16551,543.06,78.08,369.3,438.54,0.9902
2688,75,12247,617.3,881.73,205.57,125.06,0.9839
2689,75,3544,88.45,201.21,205.78,212.78,0.9797
2690,75,6563,193.61,715.64,210.38,362.82,0.9752
2691,750,16548,145.96,790.32,242.31,232.54,0.9899
2692,750,44199,172.18,206.04,170.8,262.26,0.9789
2693,750,29345,583.15,130.1,274.83,416.99,0.9745
2694,750,1900,691.42,804.02,119.29,217.53,0.9393
2695,752,16548,554.3,136.73,230.54,220.12,0.9879
2696,752,6563,159.5,671.1,221.89,367.01,0.9681
2697,752,3544,88.98,188.42,205.19,211.65,0.9609
2698,752,27993,560.97,774.47,289.63,245.16,0.9358
2699,754,3351,373.26,195.43,183.25,186.2,0.981
2700,754,3832,86.31,657.15,366.38,369.17,0.9754
2701,754,29667,623.25,759.6,235.6,213.85,0.9685
2702,756,3832,521.98,254.58,359.04,367.86,0.9803
2703,756,3351,416.77,885.14,187.26,192.64,0.9794
2704,756,29667,126.28,318.66,231.16,210.14,0.9703
2705,758,19861,650.84,284.78,207.11,171.08,0.987
2706,758,31885,564.66,655.06,344.2,554.56,0.9759
2707,758,36637,102.06,905.07,260.05,164.23,0.9712
2708,758,3483,146.11,212.14,252.01,238.62,0.9637
2709,759,19861,99.29,831.05,216.5,177.78,0.9893
2710,759,31885,77.5,47.93,329.19,507.41,0.9774
2711,759,36637,594.44,190.13,251.28,158.15,0.9651
2712,759,3483,570.36,826.44,262.28,249.0,0.9648
2713,760,16548,572.92,201.54,239.05,226.43,0.9832
2714,760,29345,77.33,711.29,291.41,438.28,0.9767
2715,760,33208,663.13,806.77,209.23,196.78,0.9753
2716,760,1900,159.38,257.23,120.15,206.13,0.9539
2717,761,16548,603.25,213.77,239.38,223.91,0.9887
2718,761,29345,115.13,750.0,285.37,440.03,0.9777
2719,761,33208,689.85,838.02,209.15,195.33,0.9719
2720,761,1900,173.65,267.35,127.6,206.87,0.947
2721,763,20238,113.41,853.37,228.77,230.43,0.9906
2722,763,27733,553.29,251.24,317.4,272.49,0.9782
2723,763,31885,504.42,642.1,445.63,481.28,0.9761
2724,763,3483,122.77,303.19,270.09,210.55,0.9709
2725,764,20238,641.27,190.53,227.22,219.83,0.9916
2726,764,31885,39.34,135.63,447.93,466.5,0.9821
2727,764,3483,608.26,785.59,270.36,216.24,0.9723
2728,764,27733,104.9,764.85,330.62,276.79,0.9597
2729,766,36637,167.79,795.01,189.12,261.3,0.9883
2730,766,20877,548.06,297.97,323.08,234.81,0.9826
2731,766,34597,557.26,713.43,418.74,509.36,0.9817
2732,766,3483,141.71,285.09,211.26,267.74,0.9709
2733,768,36637,606.07,203.55,177.52,252.44,0.985
2734,768,34597,0,11.7,424.3,478.29,0.9825
2735,768,3483,615.8,714.31,216.19,280.59,0.9782
2736,768,20877,88.02,724.22,327.21,242.65,0.9775
2737,772,16551,552.49,71.26,290.4,494.15,0.9838
2738,772,1900,107.19,268.69,181.89,128.36,0.9733
2739,772,33208,647.11,881.66,206.94,195.78,0.9729
2740,772,31705,164.69,678.94,252.02,437.18,0.9665
2741,773,16551,523.47,67.33,284.57,476.72,0.9833
2742,773,1900,88.5,256.38,184.71,132.96,0.9799
2743,773,33208,617.22,847.8,212.4,203.41,0.9753
2744,773,31705,132.79,633.93,261.5,446.13,0.9358
2745,778,16232,627.46,215.64,194.78,188.2,0.9931
2746,778,30308,70.6,176.27,411.15,389.99,0.9915
2747,778,25469,38.61,860.01,382.43,202.85,0.9896
2748,778,3483,610.7,840.27,263.57,196.55,0.9728
2749,779,30308,506.07,692.5,421.36,400.51,0.9949
2750,779,16232,164.83,852.77,195.99,190.61,0.9927
2751,779,25469,571.33,237.32,373.75,207.81,0.9874
2752,779,3483,125.3,274.46,269.33,192.66,0.9711
2753,780,30308,58.13,155.51,397.47,392.88,0.993
2754,780,16232,600.02,204.17,187.7,187.31,0.9894
2755,780,25469,14.66,817.91,376.95,210.75,0.9833
2756,780,3483,579.23,806.57,273.13,202.9,0.9805
2757,782,22074,608.24,738.49,171.27,188.36,0.9776
2758,782,3351,342.27,182.31,179.47,190.96,0.9692
2759,782,20014,6.39,629.25,364.66,330.54,0.9689
2760,785,35206,103.71,688.27,199.56,431.86,0.9922
2761,785,27653,668.4,255.46,223.47,201.09,0.9902
2762,785,25367,535.93,685.21,404.53,502.85,0.9901
2763,785,3483,131.81,296.06,272.03,171.87,0.9567
2764,787,20238,111.63,856.41,229.96,227.21,0.9878
2765,787,19861,650.08,283.82,206.73,171.55,0.9866
2766,787,34597,526.65,613.77,382.11,571.32,0.9673
2767,787,3483,150.61,215.83,249.21,229.81,0.9658
2768,788,19861,102.45,832.53,219.01,176.72,0.9901
2769,788,20238,612.71,188.67,221.42,213.53,0.9826
2770,788,3483,576.06,825.94,254.7,246.19,0.9707
2771,788,34597,94.48,41.18,354.79,525.21,0.9657
2772,79,16262,130.92,304.79,251.89,220.23,0.9859
2773,79,3351,389.25,841.5,186.06,194.07,0.9806
2774,79,19232,502.29,236.45,330.76,261.53,0.9478
2775,797,16551,40.61,532.79,314.81,469.09,0.9912
2776,797,4543,592.16,186.95,210.1,201.23,0.9784
2777,797,27993,506.78,851.84,315.1,166.72,0.9645
2778,797,3544,143.53,180.78,205.71,216.44,0.9557
2779,798,16551,67.61,578.36,309.42,471.41,0.9879
2780,798,4543,619.24,191.28,216.95,202.6,0.9845
2781,798,3544,161.44,190.67,209.92,212.88,0.9682
2782,798,27993,528.79,890.15,314.91,157.82,0.9607
2783,799,19861,136.96,871.48,212.17,172.27,0.9879
2784,799,20238,643.08,189.11,224.55,216.01,0.9808
2785,799,28763,162.76,173.22,214.42,211.54,0.9803
2786,799,3483,603.24,859.59,251.8,243.73,0.9709
2787,8,20238,620.47,174.73,228.77,219.0,0.9794
2788,8,22347,128.96,213.89,201.49,205.07,0.9748
2789,8,27653,94.63,853.13,222.96,208.01,0.9743
2790,8,3483,587.45,843.34,283.37,176.1,0.9631
2791,80,16262,571.71,700.9,260.53,240.65,0.9884
2792,80,3351,362.1,192.97,179.37,190.16,0.978
2793,80,19232,94.26,691.5,342.84,271.84,0.9429
2794,807,19861,655.25,285.2,208.78,170.7,0.9904
2795,807,25367,609.13,700.63,324.85,533.05,0.9887
2796,807,29667,120.66,835.78,230.71,218.88,0.967
2797,807,3483,151.72,208.53,249.85,237.24,0.9572
2798,808,16551,613.74,52.55,331.83,454.31,0.9896
2799,808,29871,629.51,833.69,175.42,233.55,0.9772
2800,808,6563,189.75,707.57,212.4,364.64,0.9742
2801,808,3544,110.25,196.26,205.78,215.52,0.9682
2802,810,16551,584.85,43.97,324.79,441.42,0.991
2803,810,29871,599.53,795.76,182.98,242.65,0.984
2804,810,6563,154.77,667.77,224.21,364.13,0.9735
2805,810,3544,91.94,189.22,202.38,211.49,0.9662
2806,815,20238,97.08,709.08,235.93,233.82,0.986
2807,815,3351,363.42,166.93,179.59,188.35,0.9774
2808,815,32310,528.14,610.29,258.08,360.82,0.9764
2809,817,30308,80.66,165.4,389.58,408.4,0.9926
2810,817,16232,646.24,225.64,196.29,184.9,0.9925
2811,817,27653,93.73,848.36,226.44,216.61,0.9777
2812,817,3483,596.95,846.05,267.25,172.57,0.9529
2813,818,30308,520.21,685.05,394.03,423.04,0.9942
2814,818,16232,142.23,840.45,199.0,191.42,0.9924
2815,818,27653,668.96,256.13,223.3,201.18,0.9902
2816,818,3483,130.7,295.11,274.73,174.25,0.9555
2817,819,30308,66.1,144.17,383.43,397.44,0.9946
2818,819,16232,619.68,213.8,190.33,183.79,0.9872
2819,819,27653,57.66,811.24,231.85,210.73,0.9655
2820,819,3483,565.93,809.07,281.63,186.45,0.9615
2821,82,19552,116.01,164.78,315.55,478.78,0.9827
2822,82,3743,114.56,840.71,339.89,323.46,0.9815
2823,82,2483,622.6,111.19,197.84,459.12,0.9761
2824,82,22362,603.21,743.6,277.59,412.77,0.9546
2825,820,3743,481.0,149.41,320.91,301.59,0.9895
2826,820,2483,96.92,697.11,208.14,470.46,0.9876
2827,820,19552,489.46,648.28,333.54,477.51,0.9825
2828,820,4378,131.2,105.8,224.18,443.65,0.9785
2829,822,19552,129.91,125.03,322.55,469.1,0.9797
2830,822,3743,122.4,814.92,338.5,323.54,0.9715
2831,822,2483,620.02,94.96,196.32,445.31,0.9712
2832,822,4378,589.47,707.72,240.27,474.03,0.9642
2833,826,18147,532.44,318.89,313.34,390.42,0.9804
2834,826,3351,408.02,860.72,187.61,194.74,0.9789
2835,826,38162,180.33,204.15,252.2,259.36,0.978
2836,828,3351,381.13,237.36,185.15,184.35,0.9789
2837,828,18147,122.18,582.51,311.8,401.12,0.9721
2838,828,38162,549.25,861.45,255.9,257.19,0.9653
2839,829,36637,639.11,171.86,175.3,252.41,0.9864
2840,829,28763,90.22,164.62,214.15,209.18,0.9824
2841,829,3483,542.8,766.3,255.45,240.51,0.9796
2842,829,27777,142.39,771.36,174.15,210.36,0.9665
2843,83,3743,491.33,118.81,315.49,307.96,0.9897
2844,83,2483,94.96,676.46,206.58,462.17,0.985
2845,83,19552,493.23,589.49,342.2,493.98,0.9818
2846,83,22362,85.98,113.49,255.99,391.57,0.9762
2847,830,36637,132.68,829.41,188.81,254.5,0.9891
2848,830,28763,660.11,890.72,227.65,217.72,0.9863
2849,830,27777,640.37,294.5,167.05,197.88,0.9834
2850,830,3483,178.97,274.86,249.69,223.34,0.9779
2851,831,28763,108.27,168.09,214.28,215.12,0.9863
2852,831,36637,667.11,176.87,184.11,255.74,0.9862
2853,831,3483,569.32,803.68,253.88,229.65,0.9805
2854,831,27777,174.07,810.82,174.16,205.83,0.9726
2855,832,16548,601.85,164.15,236.47,222.05,0.9857
2856,832,1900,626.24,890.84,189.6,140.23,0.9766
2857,832,18110,55.27,135.12,302.88,272.48,0.9753
2858,832,21026,137.37,863.92,174.91,180.71,0.9281
2859,838,16548,589.59,163.56,232.41,223.22,0.9905
2860,838,33208,596.1,802.99,207.95,197.66,0.9739
2861,838,27926,78.89,614.08,274.23,479.13,0.9725
2862,838,1900,142.83,239.37,185.19,131.69,0.959
2863,842,16262,153.49,810.48,259.66,234.19,0.9888
2864,842,34597,456.63,651.17,501.17,460.27,0.984
2865,842,27733,553.94,252.34,317.03,270.76,0.9807
2866,842,3483,122.22,303.22,270.72,210.01,0.9704
2867,85,16548,567.07,252.72,236.45,223.73,0.9877
2868,85,29345,576.37,676.52,281.71,453.46,0.9741
2869,85,1900,162.18,255.34,119.32,208.0,0.9642
2870,85,21771,148.42,847.32,189.74,192.93,0.956
2871,851,3743,121.27,836.58,331.23,329.83,0.9834
2872,851,2483,623.78,114.27,202.14,456.29,0.9785
2873,851,22627,94.78,168.83,313.69,473.54,0.9761
2874,851,22362,601.41,740.14,279.29,415.88,0.9539
2875,855,12778,92.5,136.44,293.23,512.57,0.9831
2876,855,2483,623.55,95.72,191.17,439.98,0.9747
2877,855,4378,589.35,710.53,239.56,475.1,0.9659
2878,855,3743,120.98,815.22,340.87,322.95,0.9655
2879,857,16262,97.89,691.52,254.56,237.47,0.9834
2880,857,3351,338.63,131.06,181.99,196.17,0.9828
2881,857,31863,575.45,745.23,211.11,212.07,0.973
2882,858,3351,381.44,189.52,183.58,185.61,0.9778
2883,858,16262,143.13,775.92,254.17,231.77,0.9739
2884,858,31863,612.66,832.16,207.22,206.09,0.9669
2885,86,16548,152.44,770.86,237.45,228.54,0.9898
2886,86,29345,118.34,154.16,263.7,423.24,0.9736
2887,86,21771,617.66,247.81,186.74,184.45,0.9705
2888,86,1900,685.03,806.16,122.54,210.39,0.9331
2889,861,19552,65.86,103.13,348.66,460.92,0.984
2890,861,25438,123.32,829.17,259.47,268.34,0.9754
2891,861,12081,651.05,703.86,260.08,457.92,0.9649
2892,861,2483,562.06,173.42,296.03,403.32,0.9626
2893,862,36637,675.54,170.01,172.97,260.87,0.99
2894,862,34597,66.02,117.76,478.9,442.64,0.9776
2895,862,25469,88.35,834.09,325.6,287.12,0.9756
2896,862,3483,606.83,841.15,268.46,196.69,0.9695
2897,864,36637,646.13,169.16,166.97,251.6,0.9897
2898,864,3483,576.02,807.59,275.75,203.72,0.979
2899,864,25469,51.17,792.49,338.01,287.33,0.9787
2900,864,34597,47.9,95.6,467.5,439.26,0.9781
2901,866,3832,479.31,565.01,384.33,365.54,0.9774
2902,866,3351,305.11,171.28,186.59,192.04,0.9717
2903,866,16688,24.38,528.73,429.71,551.6,0.9663
2904,867,3832,519.88,657.39,388.02,353.42,0.9748
2905,867,3351,347.34,230.61,181.71,186.41,0.9728
2906,867,16688,60.6,615.97,440.2,571.7,0.9602
2907,868,16232,643.4,227.66,200.08,181.35,0.9924
2908,868,31885,27.62,61.73,402.26,508.91,0.9837
2909,868,27653,92.86,848.31,226.74,214.79,0.9775
2910,868,3483,595.56,846.26,269.07,173.11,0.9494
2911,869,16232,619.0,211.33,188.82,186.83,0.9906
2912,869,31885,18.14,41.49,377.62,491.68,0.9755
2913,869,27653,57.08,810.82,232.53,210.61,0.9677
2914,869,3483,565.23,809.11,283.97,185.41,0.9607
2915,870,16232,141.85,840.32,198.34,194.52,0.9919
2916,870,27653,667.71,255.84,225.8,201.28,0.9904
2917,870,31885,567.94,679.18,400.56,513.95,0.9769
2918,870,3483,132.22,294.48,272.16,174.08,0.9589
2919,873,18147,606.05,691.68,306.22,403.11,0.9772
2920,873,3351,346.24,224.12,180.58,183.65,0.9736
2921,873,16688,56.28,620.32,441.68,568.73,0.959
2922,874,16232,625.94,216.03,190.19,183.14,0.9924
2923,874,31885,148.41,156.59,422.78,468.93,0.9831
2924,874,3483,618.06,712.04,214.53,280.36,0.9794
2925,874,20877,89.12,725.34,332.64,248.05,0.9706
2926,875,16232,655.4,226.47,194.19,182.77,0.9928
2927,875,31885,160.83,199.05,430.35,464.13,0.9859
2928,875,20877,117.38,773.33,332.35,236.95,0.9759
2929,875,3483,649.56,738.78,207.78,285.07,0.9716
2930,878,36637,643.88,209.35,183.86,251.35,0.9885
2931,878,34597,66.86,99.25,358.09,538.8,0.9836
2932,878,27653,94.02,851.82,225.13,207.77,0.9739
2933,878,3483,589.4,843.27,276.62,175.28,0.9499
2934,879,36637,617.28,199.74,179.87,247.2,0.9857
2935,879,27653,57.74,811.88,231.7,208.48,0.9745
2936,879,34597,48.41,62.92,356.87,546.59,0.9699
2937,879,3483,562.47,811.84,283.78,179.95,0.9559
2938,88,16551,607.4,43.32,288.29,498.52,0.9889
2939,88,1900,128.27,231.64,194.06,139.99,0.9748
2940,88,18110,77.34,809.86,304.72,274.53,0.9657
2941,88,31705,615.78,725.19,258.17,438.13,0.9502
2942,880,23223,515.16,597.55,302.15,516.01,0.9855
2943,880,13395,62.12,88.89,242.23,477.0,0.982
2944,880,2483,79.57,673.68,220.91,471.53,0.9767
2945,880,5094,511.04,153.13,274.17,267.93,0.9631
2946,882,23223,128.9,100.74,294.54,510.53,0.982
2947,882,5094,149.53,834.88,279.49,277.89,0.9789
2948,882,13395,629.8,669.43,254.92,511.51,0.9709
2949,882,2483,631.52,65.7,228.6,473.78,0.9687
2950,883,16232,628.83,216.3,192.04,189.27,0.9923
2951,883,25469,45.02,858.65,378.41,206.51,0.989
2952,883,28763,134.51,228.49,220.41,210.2,0.988
2953,883,3483,609.15,840.65,266.67,196.73,0.9732
2954,886,35206,546.58,261.85,260.27,395.28,0.9914
2955,886,3351,412.78,888.97,184.76,196.43,0.9717
2956,886,31863,161.84,281.0,208.63,209.63,0.9603
2957,888,35206,165.21,648.66,257.66,401.4,0.9903
2958,888,3351,379.25,200.12,183.67,192.54,0.9772
2959,888,31863,608.12,833.31,210.6,202.84,0.971
2960,889,16232,133.77,841.47,197.59,193.19,0.9924
2961,889,20877,547.76,297.46,327.5,236.79,0.9837
2962,889,28763,702.26,887.05,225.32,219.34,0.9831
2963,889,3483,137.53,283.2,212.22,269.13,0.9729
2964,89,16551,575.98,35.51,281.53,478.85,0.9896
2965,89,1900,115.2,222.05,186.83,145.82,0.9745
2966,89,18110,45.94,772.46,304.15,278.75,0.9701
2967,89,31705,585.96,685.28,265.4,447.38,0.9575
2968,891,16232,624.53,215.33,192.06,185.01,0.9917
2969,891,28763,52.58,166.56,207.95,211.97,0.9808
2970,891,20877,87.84,723.37,329.47,243.39,0.9769
2971,891,3483,617.96,713.63,215.7,280.99,0.9748
2972,894,25367,13.41,33.54,430.69,432.23,0.9872
2973,894,36637,606.44,204.35,177.73,250.37,0.9846
2974,894,3483,617.29,713.87,214.18,281.46,0.9767
2975,894,20877,89.74,725.22,329.49,246.37,0.9755
2976,895,16551,533.71,34.53,291.73,466.49,0.986
2977,895,10221,590.17,775.81,220.76,214.81,0.9847
2978,895,3544,88.59,212.08,206.46,214.89,0.9601
2979,895,21026,99.19,813.27,180.72,186.64,0.9403
2980,896,16551,554.8,46.24,306.74,477.89,0.9889
2981,896,10221,616.63,812.41,217.39,212.2,0.9852
2982,896,3544,106.08,224.74,206.5,211.03,0.9756
2983,896,21026,133.43,849.22,175.63,181.49,0.9538
2984,897,16551,119.26,715.84,315.72,494.05,0.9878
2985,897,10221,176.72,275.22,211.77,209.74,0.981
2986,897,3544,677.33,829.95,206.55,218.13,0.975
2987,897,21026,676.91,277.0,176.9,176.61,0.9694
2988,898,16548,69.7,778.1,243.04,231.22,0.989
2989,898,27926,560.08,590.13,255.2,467.91,0.9762
2990,898,3544,115.05,164.67,207.15,204.78,0.9656
2991,898,12247,614.27,203.12,175.42,190.84,0.9511
2992,9,22347,113.64,209.11,196.14,196.5,0.9721
2993,9,20238,591.32,172.24,222.27,215.41,0.9706
2994,9,27653,55.77,812.71,238.5,210.64,0.9673
2995,9,3483,561.34,811.43,284.14,180.78,0.9538
2996,90,16551,88.76,703.41,295.71,500.77,0.9883
2997,90,1900,659.14,903.06,200.04,151.08,0.9751
2998,90,18110,612.46,230.58,294.36,271.84,0.9682
2999,90,31705,128.54,121.77,243.32,412.67,0.9638
3000,900,16548,103.87,821.21,237.85,227.04,0.9881
3001,900,27926,582.98,631.36,255.16,473.2,0.9814
3002,900,3544,131.02,170.16,209.52,209.54,0.9684
3003,900,12247,641.82,203.41,178.46,194.54,0.961
3004,904,30308,146.69,50.14,300.42,478.19,0.9929
3005,904,20238,641.79,191.63,227.12,218.6,0.9907
3006,904,3483,607.18,784.63,272.52,218.17,0.9753
3007,904,27733,104.03,766.11,330.93,277.15,0.9608
3008,906,30308,537.85,711.29,309.19,500.28,0.9935
3009,906,20238,113.26,854.17,229.55,229.78,0.9906
3010,906,27733,554.32,251.5,316.28,270.52,0.9804
3011,906,3483,122.99,302.67,269.17,211.6,0.9704
3012,908,3351,304.43,195.64,184.62,191.01,0.9839
3013,908,20238,114.11,716.31,231.65,228.89,0.9781
3014,908,31863,576.16,744.91,210.65,211.77,0.9742
3015,91,16548,119.97,863.86,243.3,239.01,0.9893
3016,91,27926,141.18,142.01,255.19,447.55,0.9839
3017,91,1900,631.59,894.09,194.16,138.49,0.9757
3018,91,19607,684.29,299.79,155.46,145.34,0.9661
3019,910,25367,504.5,696.59,467.4,446.69,0.9863
3020,910,27777,641.13,295.05,168.4,199.64,0.9827
3021,910,3483,179.24,271.2,252.94,225.88,0.9751
3022,910,29667,128.14,875.31,229.82,221.84,0.9718
3023,912,25367,20.32,112.67,449.74,416.58,0.9908
3024,912,3483,538.22,768.78,258.89,238.42,0.9802
3025,912,27777,145.76,772.4,171.71,210.2,0.9627
3026,912,29667,593.36,155.95,231.52,212.22,0.9418
3027,914,35206,37.5,614.76,349.62,363.32,0.9908
3028,914,13900,549.85,714.78,206.09,240.54,0.9762
3029,914,3351,370.24,123.72,180.72,187.74,0.9742
3030,915,35206,89.82,706.68,331.24,360.7,0.9896
3031,915,3351,410.31,177.31,183.97,189.53,0.9741
3032,915,13900,588.73,803.39,199.81,235.96,0.9735
3033,916,16232,138.14,887.5,203.62,195.54,0.9924
3034,916,25367,495.25,676.91,477.32,431.7,0.9864
3035,916,27733,552.79,250.21,318.38,272.63,0.9795
3036,916,3483,122.18,302.38,270.81,212.16,0.969
3037,919,30308,488.34,685.18,382.48,423.74,0.9957
3038,919,27733,553.2,250.47,316.62,271.64,0.9778
3039,919,36637,104.63,882.48,267.31,178.88,0.9769
3040,919,3483,124.08,303.46,269.39,210.96,0.9703
3041,920,30308,115.03,135.57,368.97,407.0,0.9949
3042,920,3483,580.72,751.18,273.02,217.35,0.9762
3043,920,36637,597.7,201.49,248.59,171.69,0.9528
3044,920,27733,77.17,722.44,325.08,276.73,0.7635
3045,920,35206,88.17,733.21,322.15,278.08,0.4572
3046,923,16262,111.46,844.09,256.5,233.73,0.9881
3047,923,25367,530.38,706.69,445.62,457.98,0.9875
3048,923,20877,549.66,296.24,327.51,238.28,0.9825
3049,923,3483,143.24,284.15,210.57,268.18,0.9727
3050,925,16232,144.86,896.6,197.56,190.71,0.9886
3051,925,19861,650.26,284.65,206.37,170.38,0.9874
3052,925,34597,473.55,605.41,471.16,489.82,0.9814
3053,925,3483,152.06,213.44,245.83,232.2,0.9679
3054,927,19861,102.65,833.97,219.55,175.75,0.9902
3055,927,16232,614.55,167.29,188.19,182.87,0.9899
3056,927,34597,47.73,124.36,456.39,466.64,0.9812
3057,927,3483,576.15,826.49,255.46,245.09,0.9624
3058,929,16232,600.48,205.26,187.74,187.05,0.9905
3059,929,25469,3.68,816.94,384.38,208.87,0.984
3060,929,3483,575.79,806.56,277.16,204.82,0.98
3061,929,31885,22.55,45.49,401.68,483.67,0.9786
3062,930,16232,165.28,852.27,194.62,189.71,0.9936
3063,930,25469,572.72,236.78,372.89,208.41,0.9875
3064,930,31885,542.76,693.88,420.41,501.71,0.9843
3065,930,3483,124.26,275.1,269.98,191.87,0.9695
3066,931,16551,471.31,239.39,491.84,266.14,0.9836
3067,931,29345,573.52,720.7,311.24,424.23,0.9706
3068,931,19607,165.41,917.03,155.98,153.67,0.9657
3069,931,1900,173.83,266.7,127.48,207.71,0.9427
3070,932,16551,444.94,223.12,481.67,273.88,0.9745
3071,932,29345,554.74,686.79,306.87,414.8,0.9722
3072,932,19607,127.9,884.35,159.76,156.06,0.9707
3073,932,1900,160.65,252.54,120.25,216.48,0.9595
3074,933,16551,21.36,731.78,490.55,287.62,0.9784
3075,933,19607,663.98,253.99,155.1,146.33,0.9775
3076,933,29345,116.22,166.81,297.5,402.72,0.9756
3077,933,1900,690.46,806.81,120.24,219.59,0.9343
3078,936,19552,112.95,204.05,311.67,485.61,0.9794
3079,936,2483,592.57,123.55,250.28,433.43,0.975
3080,936,4378,648.05,708.71,220.32,474.91,0.9743
3081,936,25438,106.51,839.52,263.06,267.67,0.9633
3082,937,6192,132.11,105.82,279.07,533.75,0.9882
3083,937,2483,619.82,92.0,197.67,450.28,0.9713
3084,937,3743,123.48,814.37,336.36,324.63,0.9666
3085,937,4378,588.11,708.34,240.12,473.75,0.9647
3086,938,6192,128.31,75.26,284.76,540.04,0.9901
3087,938,3743,122.92,805.61,331.75,319.28,0.9807
3088,938,2483,627.55,30.94,201.27,481.32,0.9729
3089,938,4378,583.73,715.23,231.73,458.06,0.9704
3090,940,16232,645.11,319.52,191.9,188.87,0.9932
3091,940,18147,200.99,234.67,220.4,416.27,0.9836
3092,940,3351,423.54,896.66,188.01,192.48,0.9745
3093,941,16232,90.72,708.63,194.81,190.84,0.9924
3094,941,3351,326.94,140.07,182.0,191.03,0.9709
3095,941,18147,516.72,560.43,205.63,448.14,0.9687
3096,942,16232,134.28,795.26,192.75,192.13,0.9948
3097,942,18147,554.06,661.69,214.81,437.34,0.9703
3098,942,3351,370.59,197.28,184.78,187.26,0.9657
3099,945,25367,626.45,634.8,327.39,534.04,0.99
3100,945,20238,112.99,856.2,227.23,226.67,0.9881
3101,945,19861,650.15,284.38,206.6,169.96,0.9861
3102,945,3483,149.95,215.01,248.62,232.87,0.9667
3103,947,16232,141.35,842.0,199.35,191.17,0.9914
3104,947,27653,668.66,255.47,224.85,200.6,0.9898
3105,947,28763,588.89,886.17,227.13,215.38,0.9888
3106,947,3483,138.37,294.67,267.01,171.8,0.96
3107,948,16232,645.99,225.86,195.85,183.04,0.9904
3108,948,28763,183.32,175.33,210.95,213.04,0.9845
3109,948,27653,93.6,852.2,222.4,207.97,0.9731
3110,948,3483,585.22,843.17,283.08,178.33,0.9584
3111,949,30308,492.4,734.28,431.55,389.45,0.995
3112,949,16262,112.39,845.04,255.82,232.78,0.9891
3113,949,20877,546.51,298.91,324.28,233.89,0.9838
3114,949,3483,138.0,281.72,212.48,269.71,0.9732
3115,95,3351,338.1,181.85,180.19,191.41,0.9804
3116,95,29667,58.49,733.77,234.26,222.6,0.9799
3117,95,32310,504.15,715.94,365.15,243.95,0.96
3118,950,30308,57.17,128.08,406.06,369.06,0.9908
3119,950,16262,604.74,190.34,248.8,228.32,0.9861
3120,950,3483,616.28,714.12,216.19,279.06,0.9801
3121,950,20877,86.79,723.75,329.68,244.55,0.9757
3122,951,30308,71.84,143.01,415.8,388.32,0.993
3123,951,16262,631.39,198.96,253.65,227.29,0.9868
3124,951,3483,649.31,743.04,203.51,275.59,0.9752
3125,951,20877,119.77,774.1,326.61,228.74,0.9725
3126,952,30308,552.48,654.25,400.03,424.55,0.994
3127,952,16262,168.39,842.51,261.79,232.11,0.9877
3128,952,25469,574.95,236.18,367.48,207.7,0.9872
3129,952,3483,123.84,274.15,270.35,193.28,0.972
3130,953,30308,31.25,170.42,387.86,400.26,0.9934
3131,953,16262,550.54,194.2,245.68,226.79,0.9852
3132,953,25469,14.74,818.15,376.55,211.2,0.9834
3133,953,3483,576.91,806.54,276.83,202.95,0.9804
3134,954,30308,42.46,191.4,393.07,410.76,0.9925
3135,954,25469,39.86,860.47,380.63,202.87,0.9888
3136,954,16262,576.84,198.78,253.14,228.13,0.9862
3137,954,3483,609.66,840.82,264.71,196.39,0.9691
3138,956,16551,591.91,0,310.68,449.89,0.9914
3139,956,27926,581.51,674.16,259.04,481.06,0.9798
3140,956,19607,141.51,861.79,153.5,155.41,0.9716
3141,956,1900,159.07,250.7,189.39,129.53,0.9559
3142,957,16551,85.42,782.09,306.68,497.91,0.9901
3143,957,27926,141.18,141.87,255.19,449.73,0.9819
3144,957,1900,632.0,894.1,193.33,139.43,0.9799
3145,957,19607,688.03,301.04,153.7,146.18,0.9693
3146,962,16551,613.61,102.21,290.16,481.85,0.9854
3147,962,19607,137.45,849.2,162.11,152.93,0.9769
3148,962,29451,473.74,774.33,410.72,278.83,0.9691
3149,962,1900,145.26,235.02,173.41,189.03,0.9488
3150,966,16548,124.63,851.95,243.97,236.14,0.9918
3151,966,1900,657.0,899.74,201.48,155.8,0.9726
3152,966,18110,612.9,229.71,294.43,272.14,0.9678
3153,966,31705,129.47,105.7,246.69,423.36,0.9616
3154,967,29667,585.52,296.27,231.0,216.28,0.9799
3155,967,3351,407.14,883.24,187.45,196.44,0.9787
3156,967,41768,99.7,304.59,269.29,290.25,0.9785
3157,968,29667,111.72,697.37,232.15,221.95,0.9791
3158,968,3351,344.17,155.16,179.01,190.9,0.9616
3159,968,41768,542.84,625.43,269.67,298.1,0.7439
3160,968,15280,558.69,621.61,264.64,317.2,0.5521
3161,97,16548,95.4,822.82,245.96,232.39,0.9925
3162,97,29345,116.86,161.4,297.65,406.86,0.9794
3163,97,19607,663.95,253.97,155.17,146.36,0.9756
3164,97,1900,687.96,804.78,121.44,211.25,0.9406
3165,972,16551,563.08,13.86,333.08,439.17,0.9875
3166,972,27926,560.09,632.29,261.86,477.07,0.9772
3167,972,21771,123.01,769.69,193.37,192.73,0.9763
3168,972,1900,136.94,240.26,191.72,132.78,0.9518
3169,973,16551,564.97,76.42,308.33,485.25,0.9907
3170,973,29345,613.67,720.07,269.07,437.89,0.9812
3171,973,21771,183.54,881.19,187.64,188.13,0.9729
3172,973,1900,180.85,265.89,122.72,208.36,0.9397
3173,974,16551,536.93,68.72,304.35,459.63,0.991
3174,974,29345,578.39,673.27,282.44,440.88,0.973
3175,974,1900,161.14,254.64,120.45,208.45,0.965
3176,974,21771,146.51,844.28,192.83,192.33,0.9592
3177,975,16551,106.64,685.72,320.46,488.47,0.9871
3178,975,29345,118.89,153.18,263.08,422.83,0.9717
3179,975,21771,617.78,248.22,186.51,183.61,0.9716
3180,975,1900,685.84,805.91,120.91,211.84,0.9331
3181,979,3351,394.38,155.58,183.42,190.54,0.972
3182,979,18357,65.95,554.23,297.96,328.92,0.9615
3183,979,22074,600.13,725.41,173.19,185.91,0.8064
3184,980,3351,354.65,867.97,188.54,198.37,0.9749
3185,980,22074,190.76,327.02,168.44,181.97,0.962
3186,980,18357,563.19,307.7,292.81,313.6,0.955
3187,982,23223,109.09,127.41,288.4,510.12,0.9867
3188,982,3743,109.62,837.52,338.81,329.86,0.98
3189,982,2483,653.12,123.21,212.08,460.82,0.9784
3190,982,13395,622.7,676.01,258.62,516.48,0.9756
3191,983,23223,108.6,89.37,288.43,517.53,0.9847
3192,983,3743,109.13,830.67,332.64,318.74,0.9822
3193,983,13395,618.5,680.19,246.05,503.35,0.9739
3194,983,2483,663.94,87.33,207.6,480.6,0.9736
3195,984,3743,497.07,122.05,315.46,303.86,0.9887
3196,984,23223,544.65,606.54,294.64,527.6,0.9849
3197,984,2483,61.01,648.92,207.28,473.37,0.9841
3198,984,13395,75.52,82.11,240.46,479.11,0.979
3199,985,16548,571.56,186.92,237.01,224.68,0.9866
3200,985,24850,112.03,731.58,213.9,297.55,0.9741
3201,985,1900,141.37,215.39,185.24,161.05,0.9667
3202,985,29451,521.16,794.96,425.48,239.48,0.9573
3203,986,16548,141.44,838.24,240.39,236.84,0.9903
3204,986,1900,635.91,897.27,191.22,162.66,0.9678
3205,986,29451,50.55,232.86,401.66,231.98,0.9596
3206,986,24850,647.1,248.71,193.63,279.45,0.9576
3207,988,19861,136.48,872.18,213.61,170.87,0.988
3208,988,22347,159.18,181.06,205.38,201.09,0.9774
3209,988,3483,596.99,862.0,252.85,242.74,0.9732
3210,988,36637,622.15,196.38,258.79,155.67,0.9623
3211,989,19861,99.34,832.04,216.17,176.75,0.9882
3212,989,22347,138.79,174.04,206.13,199.88,0.9798
3213,989,36637,593.19,190.1,252.84,157.27,0.9604
3214,989,3483,571.37,826.5,260.25,246.97,0.9582
3215,990,19861,651.2,284.77,207.35,170.13,0.9901
3216,990,22347,627.52,886.2,212.77,209.6,0.9896
3217,990,36637,101.06,904.92,259.91,164.53,0.9742
3218,990,3483,146.64,210.85,251.43,237.85,0.9601
3219,991,16548,571.95,223.37,226.69,219.49,0.9883
3220,991,10221,590.09,775.91,222.81,215.57,0.9831
3221,991,3544,88.84,213.93,205.01,213.1,0.9587
3222,991,21026,99.91,814.46,179.76,185.22,0.9408
3223,993,16548,597.11,233.73,234.51,221.19,0.9899
3224,993,10221,614.05,813.93,218.74,209.15,0.984
3225,993,3544,106.46,225.49,205.02,208.58,0.9732
3226,993,21026,134.57,849.94,174.07,180.06,0.9549
3227,994,30308,501.23,760.64,404.35,418.75,0.995
3228,994,27653,668.41,255.06,224.4,201.89,0.9908
3229,994,16262,121.07,852.91,256.81,235.17,0.9874
3230,994,3483,139.36,294.89,266.0,171.35,0.9566
3231,996,30308,93.89,89.93,390.3,402.92,0.9938
3232,996,16262,624.02,186.05,250.28,228.32,0.9861
3233,996,27653,93.34,847.89,227.92,215.63,0.9795
3234,996,3483,598.11,846.2,265.88,172.29,0.9548
3235,997,16551,577.12,57.54,290.7,473.42,0.9869
3236,997,21771,118.73,802.83,194.3,191.3,0.9827
3237,997,29451,461.47,803.72,415.25,235.31,0.9667
3238,997,1900,143.09,236.61,173.94,185.86,0.9356
3239,998,16551,608.78,70.11,292.19,484.99,0.9867
3240,998,29451,483.96,847.09,424.59,223.91,0.9839
3241,998,21771,154.23,838.81,188.59,187.05,0.9739
3242,998,1900,167.57,244.32,167.64,194.27,0.9567
3243,999,16551,82.78,681.6,292.18,505.29,0.9858
3244,999,1900,644.76,847.26,175.44,197.82,0.9697
3245,999,21771,644.8,285.29,184.88,187.21,0.9616
3246,999,29451,104.85,235.77,407.92,226.17,0.959
