annotation_id,image_id,category_id,bbox_x,bbox_y,bbox_w,bbox_h,score
1,1,36637,174.07,750.33,165.38,291.32,0.4355
2,1,38162,177.06,741.77,163.11,277.38,0.3343
3,1,1900,153.41,250.89,210.07,127.37,0.2422
4,1,30308,561.57,93.94,391.26,400.81,0.2262
5,10,3351,644.16,287.04,192.66,178.51,0.6371
6,10,16262,97.72,816.14,246.02,218.04,0.3035
7,10,3483,640.91,840.46,191.72,195.9,0.2383
8,10,16548,95.11,814.81,255.82,229.79,0.2135
9,100,20014,53.97,760.58,290.31,287.86,0.3202
10,100,19232,33.41,739.82,318.16,293.93,0.2901
11,100,16548,582.63,131.18,236.43,224.39,0.2746
12,100,16232,134.24,241.67,190.63,158.16,0.2395
13,1003,3483,582.96,797.49,298.78,197.01,0.8819
14,1003,25367,28.33,159.06,462.23,419.84,0.5041
15,1003,27733,118.12,774.65,316.9,272.24,0.3794
16,1003,16688,8.08,158.28,478.85,421.66,0.343
17,1004,3483,112.14,317.62,288.67,191.98,0.9208
18,1004,27733,553.05,272.97,306.07,246.54,0.4299
19,1004,25367,517.95,652.85,454.61,436.59,0.4046
20,1004,30308,517.95,652.85,454.61,436.59,0.2515
21,1005,3483,558.82,760.55,294.75,208.83,0.8886
22,1005,25367,20.09,133.24,444.92,403.63,0.512
23,1005,27733,85.39,725.34,306.33,278.52,0.4462
24,1005,16688,13.48,121.26,445.95,433.67,0.3892
25,1006,3483,593.75,848.44,292.36,185.15,0.884
26,1006,25367,40.13,179.72,453.52,416.48,0.4709
27,1006,30308,32.38,184.29,454.37,432.21,0.2903
28,1006,29345,34.21,169.5,455.39,433.68,0.2521
29,1007,3483,563.0,807.81,294.2,193.52,0.8656
30,1007,25367,21.15,158.2,439.93,423.42,0.5111
31,1007,16688,14.36,150.57,435.33,437.73,0.2657
32,1009,3483,570.02,804.69,277.46,198.31,0.7589
33,1009,16548,542.85,188.76,237.53,231.93,0.228
34,1009,16262,542.85,188.76,237.53,231.93,0.2232
35,1010,3483,594.06,840.32,284.31,196.54,0.7271
36,1010,16262,569.87,191.65,245.34,227.59,0.2912
37,1010,28763,92.64,211.88,205.14,188.15,0.2389
38,1010,22347,89.23,201.9,210.08,202.72,0.2348
39,1012,36637,140.42,687.14,185.08,312.2,0.4169
40,1012,16548,599.47,150.71,242.22,220.26,0.3812
41,1012,35206,558.14,630.64,278.76,484.05,0.2747
42,1012,3832,567.43,619.91,265.88,520.38,0.2697
43,1013,36637,640.16,270.39,173.71,275.23,0.3123
44,1013,35206,152.22,150.44,257.12,430.32,0.2914
45,1013,16548,99.29,854.74,250.55,248.35,0.2633
46,1013,16262,101.52,874.14,244.61,226.0,0.25
47,1014,16548,632.56,159.95,250.36,225.84,0.4839
48,1014,36637,172.68,748.11,166.77,292.19,0.4442
49,1014,38162,176.63,743.48,164.9,278.02,0.3047
50,1014,1900,151.26,252.9,209.34,124.08,0.2286
51,1015,35206,662.28,182.14,223.03,387.0,0.8749
52,1015,20877,113.68,776.4,336.59,213.91,0.8313
53,1015,3483,657.06,746.04,201.26,272.24,0.6193
54,1015,25367,71.18,107.07,397.9,433.89,0.3264
55,1016,35206,98.28,669.59,231.32,403.14,0.8762
56,1016,20877,544.32,298.08,330.47,216.47,0.8431
57,1016,3483,144.13,287.76,207.93,266.93,0.6698
58,1016,25367,545.05,703.07,416.56,437.34,0.277
59,1018,3483,105.81,314.65,295.38,193.46,0.9141
60,1018,27733,556.14,261.07,298.36,245.2,0.4245
61,1018,16548,90.15,847.42,231.7,238.56,0.2311
62,1018,25469,445.66,745.26,482.89,284.95,0.2278
63,1019,3483,581.84,804.11,302.24,190.89,0.9092
64,1019,27733,124.95,783.91,311.58,268.39,0.3867
65,1019,25367,71.56,218.33,490.1,309.05,0.3071
66,1019,16548,660.7,176.81,233.03,223.4,0.2662
67,102,19232,76.66,804.53,315.89,283.95,0.4438
68,102,16548,603.7,136.14,245.54,213.97,0.3107
69,102,16262,610.79,139.04,241.63,215.47,0.2899
70,102,32310,80.28,808.4,297.09,279.32,0.2734
71,1020,3483,559.25,762.56,297.34,205.73,0.9053
72,1020,27733,88.34,740.83,307.85,273.39,0.4002
73,1020,16548,633.55,174.68,222.85,224.41,0.2664
74,1020,41768,82.92,734.27,337.96,282.8,0.2386
75,1022,35206,610.97,18.35,311.8,475.35,0.2793
76,1022,3832,619.59,4.62,301.31,463.98,0.2481
77,1023,35206,646.66,21.78,305.79,486.82,0.3127
78,1023,3832,656.13,26.31,294.6,491.59,0.3094
79,1023,1900,169.96,241.6,174.94,180.52,0.2181
80,1023,22074,609.42,838.82,207.95,197.4,0.2014
81,1025,20877,539.6,293.67,342.51,218.76,0.8125
82,1025,3483,148.51,290.4,212.5,260.02,0.3517
83,1025,16262,106.97,839.48,260.59,238.12,0.2695
84,1026,20877,111.74,776.48,335.45,208.83,0.7874
85,1026,3483,646.46,753.99,207.21,264.9,0.401
86,1026,16548,624.71,195.57,249.05,225.86,0.2826
87,1026,16262,628.36,192.51,242.11,223.28,0.2165
88,1027,3351,353.23,881.78,187.99,186.15,0.9823
89,1027,13900,191.19,278.87,188.77,234.49,0.4243
90,1027,16232,607.04,258.5,176.4,186.81,0.2087
91,1027,22074,598.02,257.62,188.02,197.54,0.2018
92,1028,3351,391.98,154.22,186.56,181.83,0.9924
93,1028,13900,559.17,692.13,198.93,265.65,0.2647
94,1028,16232,139.78,776.62,183.27,181.95,0.2623
95,1028,36637,560.21,704.09,193.5,256.32,0.2185
96,1029,3351,425.63,212.82,192.79,178.86,0.9903
97,1029,13900,593.37,791.96,200.26,251.12,0.3369
98,1029,36637,587.21,794.76,197.1,240.96,0.2257
99,1030,3483,557.34,757.87,297.8,212.38,0.9564
100,1030,35206,565.15,118.8,253.59,371.25,0.9171
101,1030,25367,36.84,148.05,454.69,411.87,0.5414
102,1030,27733,87.21,726.45,312.1,279.1,0.4606
103,1034,3483,149.82,219.63,242.75,217.85,0.3804
104,1034,3483,70.94,896.66,324.75,176.13,0.3443
105,1034,29667,83.77,896.13,294.77,168.05,0.2203
106,1039,3483,594.38,841.71,284.09,196.04,0.7348
107,1039,16262,568.82,192.26,243.57,225.83,0.2822
108,1039,16548,569.53,194.02,247.97,229.08,0.2142
109,104,3351,313.93,200.95,188.92,190.22,0.9957
110,104,18357,96.76,592.21,255.56,374.11,0.648
111,104,19232,98.11,590.61,259.51,373.88,0.2323
112,104,36637,619.96,752.98,172.12,238.13,0.2214
113,1041,3483,121.66,279.38,280.35,183.73,0.6435
114,1041,16262,163.0,833.89,266.38,239.38,0.2958
115,1041,25469,568.65,230.45,390.12,210.62,0.2708
116,1043,3351,307.72,164.97,190.26,197.3,0.9915
117,1043,35206,510.62,602.36,241.23,406.1,0.9358
118,1043,18357,41.88,636.42,267.02,344.03,0.3999
119,1043,19232,39.86,608.54,279.03,355.62,0.3287
120,1044,3351,353.36,221.81,187.41,189.44,0.9928
121,1044,35206,552.31,694.16,246.83,422.12,0.9207
122,1044,18357,79.11,716.83,284.28,346.11,0.4613
123,1044,32310,88.08,722.22,279.41,357.43,0.4198
124,1045,20877,37.54,750.97,331.89,237.45,0.6215
125,1045,16548,595.79,173.77,220.18,224.35,0.3283
126,1045,3483,619.69,714.82,205.69,277.65,0.2643
127,1046,20877,75.08,815.38,323.07,227.65,0.5043
128,1046,3483,648.17,752.43,199.61,264.2,0.4544
129,1046,16548,614.25,175.44,232.43,225.57,0.3448
130,1047,20877,588.55,266.01,337.81,227.81,0.5291
131,1047,3483,151.16,286.4,209.1,262.85,0.427
132,1047,20014,599.9,261.54,323.34,228.39,0.2398
133,1047,16262,128.84,858.11,239.24,236.16,0.2322
134,1050,35206,608.13,800.79,261.49,379.83,0.5926
135,1050,35206,649.37,79.85,205.98,497.11,0.5475
136,1050,19232,137.5,853.68,276.95,271.53,0.232
137,1050,27733,133.38,858.84,280.44,271.98,0.2258
138,1051,35206,138.73,105.92,214.06,417.57,0.8934
139,1051,27733,547.28,201.02,261.88,268.09,0.2628
140,1051,25367,485.55,651.78,389.18,479.21,0.2398
141,1051,35206,83.65,666.49,236.81,480.72,0.2211
142,1053,35206,586.41,704.1,223.54,434.06,0.8997
143,1053,35206,613.02,70.48,225.6,435.58,0.4395
144,1053,25367,85.68,64.14,372.38,480.83,0.3434
145,1053,32310,98.23,805.49,278.51,276.59,0.264
146,1055,3483,551.44,767.57,299.6,206.19,0.8852
147,1055,27733,81.8,741.83,308.95,257.39,0.3927
148,1055,16688,36.79,13.71,444.98,484.68,0.362
149,1055,25367,54.02,43.67,401.61,483.56,0.3164
150,1056,3483,577.07,805.17,299.34,194.66,0.8003
151,1056,16688,43.56,26.57,456.2,462.69,0.4128
152,1056,30308,70.72,45.4,441.33,510.13,0.3572
153,1056,25367,49.99,44.05,450.96,526.09,0.3166
154,1057,35206,635.21,727.82,227.5,405.5,0.7973
155,1057,35206,605.14,76.31,258.3,416.52,0.4989
156,1057,3483,117.61,826.3,255.74,262.3,0.2581
157,1057,16262,95.43,827.63,289.03,262.3,0.2294
158,1058,35206,592.85,106.73,260.16,431.22,0.7427
159,1058,35206,650.64,723.54,219.06,416.18,0.6065
160,1058,3483,118.43,837.86,263.76,275.87,0.2248
161,1060,35206,105.33,65.29,254.72,419.14,0.7341
162,1060,3483,551.2,212.64,258.59,250.83,0.3844
163,1060,35206,115.93,651.91,223.81,519.06,0.2434
164,1060,18147,109.91,59.49,250.82,472.88,0.2151
165,1064,3483,595.06,846.56,289.44,186.55,0.8625
166,1064,25367,61.93,131.42,446.33,423.39,0.4717
167,1064,16262,612.0,193.08,230.81,216.89,0.2332
168,1064,16688,49.93,131.93,460.16,395.26,0.2177
169,1065,3483,115.96,285.77,286.46,179.83,0.8455
170,1065,25367,494.03,685.29,473.42,419.97,0.4221
171,1065,20877,588.59,202.34,340.93,245.65,0.2582
172,1065,25469,570.45,228.63,387.07,213.74,0.2436
173,1067,3483,118.69,287.12,304.07,173.09,0.7385
174,1067,22347,676.49,254.29,218.46,193.87,0.5047
175,1067,3351,680.17,251.12,212.22,202.29,0.482
176,1067,16688,553.96,658.75,413.74,548.79,0.35
177,1069,3351,110.69,208.2,196.77,177.09,0.3867
178,1069,16548,635.58,160.23,242.12,228.01,0.3848
179,1069,22074,141.43,869.85,178.45,167.38,0.2575
180,1069,16232,141.43,869.85,178.45,167.38,0.2262
181,1070,3351,670.5,277.5,177.21,157.68,0.3557
182,1070,16548,93.42,850.99,255.79,248.92,0.3357
183,1070,3351,683.65,885.06,204.27,189.85,0.3347
184,1070,16262,98.57,867.11,243.56,228.34,0.2703
185,1073,3483,523.72,784.18,280.23,218.23,0.8241
186,1073,36637,637.04,170.6,188.27,245.96,0.2674
187,1073,16232,140.84,775.5,183.3,195.99,0.2143
188,1073,21325,626.09,169.79,186.64,251.77,0.2084
189,1075,3832,96.55,602.56,330.68,471.23,0.4031
190,1075,35206,80.58,587.84,352.65,464.33,0.2155
191,1076,35206,534.8,184.89,325.08,450.94,0.2681
192,1076,3832,547.41,191.35,311.17,452.42,0.2615
193,1077,3832,141.36,650.14,317.78,452.3,0.428
194,1077,35206,126.56,653.6,337.63,430.64,0.2802
195,1077,36637,619.6,807.22,214.32,220.92,0.2239
196,1079,20877,74.8,813.35,318.21,228.69,0.4657
197,1079,3483,642.42,752.76,203.47,268.92,0.4136
198,1079,16548,615.23,178.46,234.72,226.84,0.328
199,1079,16232,117.72,215.88,209.46,201.32,0.2107
200,108,35206,594.62,94.53,252.69,423.84,0.4937
201,108,35206,597.17,757.22,251.99,404.92,0.4445
202,108,38162,139.84,838.35,272.77,269.09,0.2613
203,108,16262,135.89,843.67,266.74,258.84,0.2528
204,1080,20877,34.59,750.19,331.22,238.17,0.6218
205,1080,16548,595.83,176.16,222.97,225.16,0.3425
206,1080,3483,618.01,716.21,204.48,278.76,0.2642
207,1080,22347,96.26,209.29,207.28,192.49,0.2147
208,1081,25367,489.73,174.33,452.91,402.19,0.3051
209,1081,3483,91.59,188.89,256.27,226.3,0.2822
210,1081,22074,117.39,866.58,183.85,162.9,0.2425
211,1081,16232,133.06,868.3,177.33,166.01,0.2057
212,1085,20877,87.46,721.08,332.16,248.46,0.7193
213,1085,25367,21.71,140.47,451.29,396.86,0.623
214,1085,3483,619.31,714.99,204.44,276.06,0.3742
215,1085,16688,23.05,130.14,437.62,406.83,0.3592
216,1087,35206,69.01,579.12,331.38,489.02,0.2569
217,1087,3832,571.13,662.78,264.98,467.51,0.248
218,1087,16548,615.06,209.25,223.81,210.59,0.2446
219,1087,3832,74.58,583.98,307.48,510.45,0.2418
220,1089,3483,628.92,895.32,230.66,207.68,0.4117
221,1089,35206,144.54,149.81,265.55,392.14,0.3511
222,1089,3832,144.54,149.81,265.55,392.14,0.2645
223,1089,35206,582.16,173.08,296.73,473.92,0.2502
224,109,3483,149.24,220.57,245.89,219.33,0.6932
225,109,35206,111.11,772.53,299.99,382.66,0.394
226,109,3832,111.4,769.95,296.78,390.91,0.3878
227,109,18147,107.58,768.41,304.05,388.16,0.3801
228,1092,16262,73.7,915.33,257.37,240.16,0.3148
229,1092,16548,81.24,908.19,250.6,244.14,0.2938
230,1092,32310,573.61,213.99,321.39,281.37,0.2388
231,1092,3483,141.86,241.54,233.13,230.96,0.2356
232,1093,3483,148.03,223.64,245.58,218.25,0.6346
233,1093,25367,507.52,694.5,464.71,418.39,0.4112
234,1093,16262,102.01,852.74,246.69,235.55,0.3298
235,1095,3483,600.21,869.38,260.44,227.62,0.4559
236,1095,25367,51.93,118.45,437.32,427.78,0.4244
237,1095,16688,28.21,98.5,474.33,414.45,0.2417
238,1095,30308,51.93,118.45,437.32,427.78,0.2364
239,1096,18357,164.96,665.07,206.24,352.31,0.4061
240,1096,20877,564.54,772.7,282.25,238.34,0.2506
241,1096,35206,161.32,683.07,216.36,358.47,0.2491
242,1096,16232,85.15,198.11,216.03,187.46,0.2249
243,1097,18357,196.35,720.25,210.33,350.94,0.4175
244,1097,3483,577.6,807.09,296.23,240.25,0.3006
245,1097,25367,502.11,85.53,466.93,417.21,0.2645
246,1097,35206,195.12,712.61,208.34,361.86,0.2441
247,1098,38162,581.67,231.36,210.2,342.3,0.3461
248,1098,3483,125.61,259.2,286.57,217.73,0.2936
249,1098,3483,671.9,862.78,221.44,207.56,0.2824
250,1098,18357,585.06,213.9,212.53,337.24,0.2771
251,110,35206,576.06,96.82,292.94,373.89,0.6991
252,110,3483,594.65,867.23,256.77,227.76,0.5424
253,110,3483,123.52,874.65,226.63,166.41,0.2936
254,110,30308,42.83,47.18,379.33,509.37,0.282
255,1100,3483,525.06,782.56,278.97,219.37,0.8352
256,1100,16688,38.27,75.02,423.77,484.73,0.3436
257,1100,25367,43.51,74.32,425.25,515.96,0.2728
258,1100,36637,626.61,170.94,186.16,251.14,0.2635
259,1101,3483,559.69,815.95,273.25,216.49,0.6736
260,1101,16232,171.83,807.02,184.79,214.31,0.3347
261,1101,36637,663.75,172.87,188.75,262.17,0.3256
262,1101,16688,48.7,115.33,446.89,484.77,0.3221
263,1105,35206,593.36,125.7,252.13,382.98,0.9233
264,1105,3483,592.95,791.78,289.6,203.88,0.8891
265,1105,27733,115.32,777.01,323.27,269.06,0.3152
266,1105,41768,122.58,771.09,333.05,276.11,0.2561
267,1109,3483,580.57,831.88,301.17,187.78,0.6906
268,1109,22347,85.3,853.2,224.24,203.89,0.323
269,1109,16262,620.88,179.78,240.18,228.51,0.2884
270,1109,16548,613.42,177.67,251.3,238.11,0.2644
271,1111,3483,547.82,806.47,300.2,184.14,0.683
272,1111,16548,590.76,159.57,233.46,223.43,0.3204
273,1111,22347,111.29,189.94,208.53,193.16,0.207
274,1114,35206,105.6,683.2,203.61,427.7,0.91
275,1114,3483,114.33,288.41,311.38,169.69,0.9019
276,1114,22347,676.48,255.53,221.43,194.17,0.5298
277,1114,3351,679.7,249.67,210.34,206.88,0.5054
278,1115,35206,644.71,140.62,202.43,383.02,0.936
279,1115,3483,544.15,807.6,314.23,181.94,0.8825
280,1115,30308,22.08,110.28,413.41,429.57,0.3263
281,1115,25367,19.23,108.76,419.53,427.11,0.2089
282,1116,35206,665.98,152.99,214.72,409.59,0.9433
283,1116,3483,580.31,843.3,312.16,170.36,0.8764
284,1116,22347,83.94,849.02,227.04,208.89,0.2967
285,1116,30308,42.73,133.79,417.31,424.27,0.2696
286,1118,16262,94.59,880.19,256.71,231.28,0.2704
287,1118,36637,200.64,233.31,166.82,242.92,0.2596
288,1118,18357,594.29,225.99,202.54,327.89,0.2445
289,1118,21325,203.28,231.14,164.23,230.13,0.2352
290,1119,16548,643.4,135.85,236.63,227.86,0.3534
291,1119,18357,191.88,715.04,207.52,352.07,0.3365
292,1119,36637,630.9,823.46,167.21,240.88,0.3119
293,1119,35206,192.31,705.16,206.85,356.06,0.2481
294,112,3832,171.19,591.95,302.84,487.35,0.3554
295,112,16548,626.64,204.24,226.64,211.86,0.2808
296,112,18147,168.58,593.57,287.46,476.74,0.271
297,112,20877,558.2,799.84,365.37,240.9,0.2474
298,1121,3483,121.41,277.61,279.48,184.23,0.6795
299,1121,16262,133.19,869.62,236.33,230.44,0.2726
300,1121,20014,564.91,187.59,333.85,282.43,0.2635
301,1121,22347,616.17,860.46,225.8,211.71,0.2591
302,1123,3483,105.93,315.87,301.14,188.42,0.9609
303,1123,25367,481.51,651.2,482.98,457.79,0.587
304,1123,27733,547.56,275.36,317.15,247.85,0.4408
305,1123,16262,154.6,813.07,256.46,233.82,0.4142
306,1125,3483,584.65,809.68,295.33,189.9,0.9095
307,1125,25367,51.15,150.65,470.0,443.38,0.6039
308,1125,27733,116.27,769.74,322.82,276.93,0.3775
309,1125,16688,53.74,185.68,445.39,393.96,0.3228
310,1126,20877,545.89,294.76,330.19,220.34,0.8291
311,1126,3483,149.11,289.87,214.32,260.75,0.3538
312,1126,25367,517.11,707.56,458.89,523.58,0.3394
313,1126,16262,107.94,839.26,257.42,240.68,0.243
314,1129,3483,107.55,314.17,292.76,192.12,0.8377
315,1129,27733,552.29,264.22,313.6,247.86,0.4673
316,1129,16548,117.7,858.38,225.3,228.84,0.2805
317,1129,22347,671.63,834.6,217.83,196.79,0.2236
318,113,20877,86.09,258.76,367.79,228.68,0.3934
319,113,35206,523.32,237.88,322.67,432.69,0.3771
320,113,3832,540.28,230.07,296.77,456.87,0.2545
321,113,16548,123.45,847.67,237.99,225.45,0.2067
322,1135,19232,76.96,804.8,318.15,284.16,0.4539
323,1135,35206,593.83,40.86,314.85,475.87,0.3726
324,1135,20014,93.24,785.82,303.79,291.64,0.2677
325,1135,32310,80.16,809.81,297.36,273.04,0.2561
326,1136,20014,618.78,226.13,285.56,268.96,0.336
327,1136,3832,85.27,704.98,299.49,524.64,0.3193
328,1136,27733,607.73,226.8,297.05,269.34,0.2907
329,1136,19232,612.64,234.19,305.44,265.82,0.275
330,1138,3483,547.71,807.08,302.32,182.43,0.7432
331,1138,16548,593.98,177.5,214.71,215.48,0.2276
332,1138,3832,35.73,72.72,385.98,477.75,0.2076
333,1138,16688,24.22,81.75,382.92,469.71,0.2005
334,114,3832,138.05,534.25,302.37,457.04,0.4637
335,114,16548,603.25,193.06,215.65,218.67,0.273
336,1140,3483,580.79,835.79,303.53,181.31,0.7737
337,1140,16688,30.5,105.34,406.58,488.65,0.341
338,1140,22347,83.96,856.19,215.88,204.48,0.2869
339,1140,16548,613.89,172.14,227.45,222.9,0.259
340,1141,35206,61.64,121.16,236.75,387.3,0.717
341,1141,3483,552.0,201.52,256.55,250.08,0.3064
342,1141,35206,66.24,633.7,322.32,462.11,0.2716
343,1141,16262,546.98,195.7,260.76,252.34,0.2358
344,1142,35206,638.76,716.69,243.42,437.66,0.5454
345,1142,35206,564.25,111.95,304.69,443.75,0.3452
346,1142,3483,120.83,820.63,262.29,257.98,0.2459
347,1142,16262,110.61,825.98,275.47,257.77,0.2083
348,1143,35206,570.53,144.83,291.49,426.18,0.509
349,1143,3483,135.11,819.84,254.95,274.47,0.279
350,1143,35206,664.33,744.81,246.47,405.62,0.2688
351,1144,3483,594.63,841.69,285.62,193.79,0.8117
352,1144,16688,37.54,170.95,442.14,494.78,0.3478
353,1144,25367,39.66,171.12,447.74,514.48,0.3178
354,1144,16262,570.61,190.37,245.17,230.02,0.2747
355,1148,3351,382.01,155.88,182.02,186.4,0.9942
356,1148,41768,567.83,625.42,256.45,306.61,0.7002
357,1148,35206,563.21,630.69,260.05,307.22,0.2469
358,1148,22074,149.12,732.31,181.99,182.37,0.2099
359,1149,3351,425.2,219.12,186.36,184.15,0.9925
360,1149,41768,602.65,711.83,261.25,313.89,0.5806
361,1149,16232,195.04,815.21,182.0,193.1,0.2252
362,1149,35206,595.15,722.86,253.24,292.42,0.2044
363,115,3483,108.16,318.53,293.98,191.3,0.9489
364,115,25367,494.65,622.43,420.73,497.44,0.5651
365,115,27733,548.76,262.71,310.67,250.31,0.3647
366,115,3483,92.66,885.22,273.78,177.15,0.3377
367,1150,3483,559.88,823.37,269.33,209.38,0.6627
368,1150,16232,172.18,808.63,183.87,211.21,0.3496
369,1150,25367,80.57,57.45,410.76,487.92,0.2732
370,1150,16548,615.49,165.94,229.21,210.64,0.2343
371,1153,16232,652.41,173.06,188.55,181.77,0.2743
372,1153,3483,596.02,867.28,254.34,229.89,0.2731
373,1153,3483,123.15,867.38,227.94,165.71,0.2431
374,1153,28763,141.34,218.74,205.4,188.7,0.2069
375,1154,3483,571.07,830.83,264.55,237.78,0.3467
376,1154,16232,615.09,168.49,182.24,174.77,0.2324
377,1154,22074,614.83,171.14,182.27,176.2,0.2319
378,1154,3483,85.68,821.13,235.22,182.69,0.2156
379,1155,3483,151.3,220.81,241.53,216.62,0.3941
380,1155,16232,146.43,901.64,185.23,182.28,0.2485
381,1155,22074,146.43,901.64,185.23,182.28,0.2035
382,1155,16548,642.52,860.08,209.47,214.31,0.2025
383,1156,3351,391.93,857.91,186.51,188.37,0.9723
384,1156,13900,181.88,280.69,200.79,234.24,0.3645
385,1156,16262,575.66,302.69,234.57,241.47,0.2843
386,1157,3351,353.34,179.04,182.56,192.94,0.9937
387,1157,16262,108.06,671.25,251.27,234.54,0.372
388,1157,13900,555.81,715.25,203.97,233.1,0.2493
389,1158,3351,399.56,242.55,180.26,181.1,0.9903
390,1158,16262,153.38,760.32,243.86,242.08,0.3218
391,1158,13900,593.02,803.79,207.24,240.64,0.3021
392,1158,38162,150.57,769.46,253.42,242.26,0.2341
393,1159,3351,405.02,809.34,180.93,183.83,0.9875
394,1159,18357,140.34,286.75,254.1,345.68,0.5494
395,1159,16232,649.51,289.25,186.05,197.06,0.2386
396,1159,19232,143.72,320.15,252.59,334.91,0.2239
397,1161,3351,383.56,268.29,187.03,195.05,0.9942
398,1161,18357,582.53,596.89,246.7,376.7,0.5348
399,1161,16232,136.54,807.3,179.17,195.04,0.2472
400,1163,3832,41.58,598.1,305.99,477.07,0.372
401,1163,16548,109.38,190.13,216.82,192.86,0.2533
402,1163,20014,491.8,798.63,414.81,264.02,0.2118
403,1163,35206,28.8,597.12,321.8,480.65,0.21
404,1164,3832,19.05,541.8,302.28,470.26,0.3884
405,1164,20014,471.06,761.78,401.45,264.72,0.2603
406,1164,16548,622.46,195.14,221.39,217.03,0.2369
407,1164,16548,93.32,177.51,210.13,192.15,0.2081
408,1166,3483,115.99,279.91,289.23,179.45,0.8539
409,1166,36637,133.84,833.88,185.18,270.74,0.3436
410,1166,25367,587.82,664.2,388.18,490.71,0.2719
411,1166,20014,567.36,186.43,331.02,280.81,0.2443
412,1167,3483,592.89,843.9,289.4,191.53,0.8416
413,1167,36637,677.0,161.5,171.82,273.67,0.3679
414,1167,30308,45.15,60.47,413.82,518.54,0.3121
415,1167,21325,675.57,155.02,170.13,278.83,0.3014
416,1168,3483,566.45,803.11,280.64,197.97,0.7669
417,1168,20014,36.19,790.66,346.52,290.54,0.27
418,1168,16548,586.37,164.45,222.78,220.81,0.2545
419,1168,27733,36.19,790.66,346.52,290.54,0.2186
420,1170,3483,593.66,840.45,284.49,197.72,0.7352
421,1170,16548,608.55,162.83,231.49,223.49,0.3385
422,1170,20014,79.98,827.08,345.61,303.81,0.2149
423,1170,27733,84.61,819.01,336.03,302.27,0.2069
424,1171,16548,571.53,745.61,253.74,230.82,0.2681
425,1171,29667,573.38,753.05,239.59,221.31,0.2498
426,1171,16548,94.1,776.56,229.44,223.98,0.2366
427,1171,16262,572.21,752.77,243.74,220.64,0.2063
428,1173,16548,153.82,279.42,246.89,217.19,0.3345
429,1173,16548,643.4,266.5,219.54,210.97,0.3141
430,1173,16548,88.65,911.16,227.96,205.66,0.2232
431,1174,3483,117.92,289.98,309.57,168.54,0.7992
432,1174,3351,680.24,250.8,213.46,203.11,0.4972
433,1174,22347,676.85,254.21,220.79,193.67,0.485
434,1174,30308,591.34,760.03,380.58,450.36,0.3409
435,1176,3483,576.82,835.93,305.85,182.41,0.7678
436,1176,16548,624.68,178.3,228.43,224.15,0.3279
437,1176,30308,27.96,74.16,402.56,435.81,0.3204
438,1176,22347,84.35,850.65,223.98,204.32,0.3082
439,1178,3483,527.55,785.63,275.82,219.13,0.8376
440,1178,25367,92.35,47.82,416.81,515.67,0.2256
441,1178,16232,141.97,775.45,187.53,196.78,0.2116
442,1178,16688,92.35,47.82,416.81,515.67,0.2034
443,118,3351,460.74,846.92,185.21,191.25,0.9789
444,118,16688,405.92,64.66,463.24,544.8,0.4151
445,118,25367,421.1,50.63,440.84,560.7,0.3232
446,118,3483,60.18,307.21,229.91,224.66,0.2825
447,1180,3351,393.29,910.76,190.93,196.57,0.9732
448,1180,13900,186.45,301.63,170.03,228.14,0.3217
449,1180,19232,494.02,233.85,331.65,254.16,0.26
450,1180,20014,502.98,237.25,317.4,246.46,0.2593
451,1184,3351,676.95,275.43,185.58,163.71,0.3996
452,1184,16262,137.67,881.08,250.92,228.21,0.3175
453,1184,36637,676.43,815.92,178.14,312.72,0.3076
454,1184,38162,682.09,809.79,177.77,303.01,0.3068
455,1185,36637,141.1,126.59,171.73,309.33,0.3376
456,1185,16548,589.55,152.4,244.22,212.91,0.3313
457,1185,22074,117.55,864.43,181.72,164.16,0.2523
458,1185,16232,135.78,866.26,175.1,166.46,0.2221
459,1186,35206,139.32,106.93,212.2,414.61,0.8921
460,1186,35206,78.87,670.07,240.75,472.65,0.2442
461,1186,27733,549.39,205.21,257.57,266.32,0.2423
462,1187,35206,585.35,703.33,224.3,438.0,0.905
463,1187,35206,611.85,78.93,225.1,421.69,0.5294
464,1187,32310,100.29,805.92,276.16,275.63,0.2591
465,1187,18147,590.84,692.03,222.9,445.33,0.206
466,1189,35206,586.79,76.87,251.54,439.96,0.6398
467,1189,35206,599.38,722.62,234.37,422.47,0.5929
468,1189,20014,127.31,778.41,314.14,325.95,0.3703
469,1189,32310,102.0,782.66,346.4,335.59,0.2198
470,119,3351,291.3,185.84,184.7,198.16,0.997
471,119,16688,59.99,570.23,465.57,607.39,0.6926
472,119,3483,653.05,704.23,229.57,226.95,0.3674
473,119,19232,85.57,556.22,403.31,569.51,0.2157
474,1190,35206,591.3,108.2,230.29,447.1,0.7484
475,1190,35206,614.43,745.49,241.88,415.78,0.4239
476,1191,35206,109.34,125.24,238.39,411.59,0.7588
477,1191,20014,497.57,168.81,301.47,289.18,0.4252
478,1191,32310,498.43,164.47,319.82,306.96,0.3047
479,1191,27733,497.57,168.81,301.47,289.18,0.2119
480,1192,36637,655.46,207.86,165.21,265.29,0.2999
481,1192,3832,79.66,692.51,296.11,535.38,0.2717
482,1192,20877,110.21,233.32,340.7,239.36,0.2524
483,1192,13900,649.3,193.76,172.0,287.31,0.2522
484,1194,38162,166.66,805.78,172.51,296.45,0.4239
485,1194,36637,174.24,822.09,166.14,294.4,0.4122
486,1194,35206,591.76,47.03,330.79,476.39,0.3724
487,1194,3832,604.83,54.3,303.51,499.34,0.2398
488,1196,35206,138.48,710.25,237.4,401.41,0.9261
489,1196,3483,165.84,281.17,275.07,208.15,0.9251
490,1196,3351,642.26,285.01,175.99,195.55,0.3029
491,1196,22074,631.98,287.11,178.27,196.79,0.2266
492,1197,35206,608.41,142.25,217.13,403.32,0.9485
493,1197,3483,557.83,817.29,282.37,217.44,0.8522
494,1197,16232,175.35,811.53,184.06,202.37,0.3533
495,1197,22074,169.28,811.74,172.5,200.18,0.2788
496,1198,3483,563.84,816.42,269.99,218.06,0.601
497,1198,16232,175.53,810.94,183.87,204.81,0.3503
498,1198,22074,168.05,810.87,172.45,201.92,0.2552
499,1198,3351,131.53,212.0,209.71,201.53,0.2076
500,1199,3483,171.9,278.54,272.32,206.98,0.7448
501,1199,3351,654.78,847.01,209.0,197.44,0.3414
502,1199,3351,644.02,284.53,174.24,193.89,0.3341
503,1199,16262,147.21,847.18,243.53,220.13,0.2909
504,120,3351,329.9,244.07,190.29,202.51,0.9807
505,120,16688,126.76,667.16,452.45,596.59,0.4415
506,120,3483,685.01,792.2,229.44,232.56,0.2345
507,120,25367,117.97,665.94,437.95,560.15,0.2256
508,1201,16548,581.53,208.5,240.17,222.98,0.3406
509,1201,16232,99.66,824.85,180.4,172.3,0.2267
510,1201,29667,579.01,210.87,232.97,222.45,0.2103
511,1201,22074,99.66,824.85,180.4,172.3,0.2076
512,1204,3351,394.42,861.31,186.32,188.9,0.977
513,1204,20877,79.09,207.3,325.77,254.29,0.4486
514,1204,22074,677.99,257.95,186.98,191.02,0.2113
515,1204,20014,75.7,211.95,340.95,253.8,0.2043
516,1206,3351,395.27,221.14,187.27,182.44,0.9955
517,1206,32310,579.25,810.15,332.71,268.74,0.3971
518,1206,20014,579.51,803.99,348.2,279.05,0.264
519,1206,16232,93.15,850.71,183.18,181.17,0.2427
520,1207,3483,172.17,279.57,270.84,202.16,0.8205
521,1207,16232,149.79,839.53,194.1,185.63,0.2909
522,1207,3351,643.39,281.79,174.4,198.95,0.2798
523,1207,22074,146.4,828.05,196.62,189.96,0.2438
524,1209,3483,562.59,815.97,274.42,215.73,0.6261
525,1209,16232,174.94,809.98,183.53,204.04,0.3569
526,1209,22074,636.95,253.93,194.21,168.29,0.2453
527,1209,22347,92.88,250.14,227.54,204.69,0.2433
528,1210,35206,662.08,180.92,224.19,385.39,0.8894
529,1210,20877,115.14,774.44,336.42,211.38,0.8284
530,1210,3483,646.2,734.63,207.96,277.39,0.6402
531,1210,25367,53.24,169.0,485.63,373.45,0.5849
532,1212,35206,98.58,671.22,229.97,401.97,0.88
533,1212,20877,538.94,295.24,340.42,218.58,0.8263
534,1212,3483,140.66,298.94,207.2,255.74,0.6817
535,1212,25367,459.39,703.98,477.1,415.02,0.3162
536,1213,35206,576.89,687.26,247.46,472.45,0.6102
537,1213,35206,655.71,82.22,206.71,434.53,0.4939
538,1213,3832,590.89,661.21,253.08,488.58,0.2791
539,1213,16262,117.23,835.92,276.63,259.64,0.2692
540,1214,35206,656.86,108.76,198.44,441.17,0.59
541,1214,35206,576.2,698.43,272.61,496.22,0.2899
542,1214,38162,122.34,842.56,273.07,276.96,0.2322
543,1214,3832,125.4,59.9,285.49,477.79,0.2095
544,1216,35206,158.11,186.74,260.63,410.01,0.4202
545,1216,35206,607.67,175.06,310.31,471.93,0.3119
546,1216,3483,659.1,867.91,214.56,205.29,0.2193
547,1216,3832,617.66,178.41,288.27,495.37,0.2188
548,1219,3832,58.35,586.85,346.67,491.08,0.2913
549,1219,3832,576.22,646.93,281.05,475.57,0.2571
550,1219,30308,74.61,592.04,336.24,469.71,0.2291
551,1219,16688,68.65,571.33,335.51,460.56,0.2242
552,122,3483,564.24,807.14,285.51,195.34,0.8249
553,122,27733,37.24,787.24,342.75,296.04,0.2853
554,122,30308,53.83,70.35,378.59,506.91,0.2494
555,122,16548,585.97,167.41,222.5,220.76,0.2393
556,1220,3832,96.92,632.04,339.94,456.9,0.3248
557,1220,16548,663.33,215.46,238.98,207.29,0.2938
558,1220,3832,597.26,684.1,290.08,454.31,0.231
559,1220,16232,113.89,260.82,216.13,186.78,0.2266
560,1222,3483,547.62,804.51,304.51,186.07,0.8104
561,1222,36637,610.56,193.98,190.75,248.52,0.272
562,1222,3832,101.78,93.08,311.8,504.49,0.2055
563,1222,13900,608.03,201.53,186.64,247.3,0.2035
564,1224,3483,575.02,840.5,311.83,176.02,0.8689
565,1224,36637,641.89,214.12,181.55,241.72,0.3773
566,1224,22347,83.49,851.02,227.2,210.34,0.2818
567,1224,28763,96.87,850.31,209.52,191.79,0.2538
568,1226,35206,577.36,98.17,286.57,358.93,0.641
569,1226,3483,595.41,863.16,254.5,230.47,0.4489
570,1226,3832,116.15,0.62,336.5,575.87,0.2621
571,1226,3832,586.3,106.85,278.49,369.18,0.2578
572,1227,3483,149.47,220.68,243.08,221.29,0.5723
573,1227,35206,109.01,770.69,305.26,384.92,0.3998
574,1227,3832,110.76,770.59,293.46,390.69,0.3702
575,1227,18147,108.87,769.4,299.71,380.99,0.3214
576,1232,20877,587.19,272.36,326.37,227.69,0.513
577,1232,3483,152.38,285.8,212.57,262.68,0.3738
578,1232,16688,536.07,649.31,434.08,545.38,0.2915
579,1232,20014,606.06,258.62,320.0,232.23,0.2673
580,1235,16548,602.89,138.34,258.78,221.61,0.3497
581,1235,3351,153.4,796.6,202.32,188.92,0.2553
582,1235,16262,619.77,151.51,242.93,212.81,0.2302
583,1237,16548,602.77,189.29,250.93,227.4,0.3723
584,1237,3832,168.52,666.78,263.56,463.14,0.3271
585,1237,36637,631.43,794.3,164.67,294.85,0.2248
586,1237,16262,610.92,192.25,242.95,222.61,0.2163
587,1238,35206,563.84,174.62,259.62,390.09,0.3952
588,1238,16262,124.39,843.68,258.87,241.93,0.3121
589,1238,36637,210.35,222.79,163.43,288.26,0.2748
590,1238,21325,215.03,215.84,147.38,290.61,0.2356
591,1239,16548,580.8,178.89,236.07,230.6,0.4204
592,1239,3832,135.42,635.98,268.68,476.47,0.3041
593,1239,21325,604.47,752.45,156.84,307.18,0.2275
594,1239,13900,607.07,761.03,160.46,293.59,0.2118
595,124,3832,4.54,768.07,371.31,458.88,0.4825
596,124,3351,670.75,277.15,177.19,158.8,0.379
597,124,3351,683.36,885.52,203.83,189.66,0.3428
598,1242,1900,157.38,258.02,129.65,198.43,0.3227
599,1242,35206,536.64,88.03,313.42,451.81,0.3101
600,1242,3832,552.06,78.58,286.94,480.4,0.2969
601,1242,3832,78.71,691.33,296.16,448.66,0.2502
602,1243,35206,592.42,123.36,252.36,389.21,0.9311
603,1243,3483,589.09,794.66,292.8,200.82,0.9213
604,1243,27733,116.3,775.77,321.5,275.81,0.4831
605,1243,16688,45.98,128.34,399.43,449.09,0.2829
606,1244,3483,103.56,314.48,296.16,192.01,0.969
607,1244,35206,125.66,736.71,259.5,401.32,0.7883
608,1244,27733,555.03,274.14,304.22,242.46,0.4903
609,1244,3832,130.16,717.89,255.88,387.01,0.3094
610,1245,3483,556.98,758.4,296.62,211.59,0.95
611,1245,35206,564.39,118.39,254.5,371.73,0.9108
612,1245,27733,86.05,728.64,310.84,278.26,0.56
613,1245,30308,43.32,101.25,394.22,441.87,0.3063
614,1246,3483,526.45,789.59,279.19,213.24,0.9012
615,1246,30308,62.23,67.01,399.59,485.44,0.3077
616,1246,16262,571.83,187.11,244.49,225.57,0.2471
617,1246,25367,62.23,67.01,399.59,485.44,0.2249
618,1248,3483,172.21,278.51,272.63,207.03,0.8752
619,1248,3351,645.91,283.57,175.46,195.97,0.347
620,1248,16262,134.15,834.15,254.7,242.29,0.3289
621,1248,25367,526.62,646.11,434.71,499.95,0.3127
622,125,3351,111.42,208.26,197.01,176.93,0.433
623,125,3832,626.74,37.98,342.99,444.68,0.3419
624,125,22074,141.28,870.37,178.55,167.03,0.2581
625,125,16232,141.28,870.37,178.55,167.03,0.2268
626,1250,35206,591.92,715.16,228.45,420.02,0.7065
627,1250,35206,607.77,98.14,216.73,431.72,0.6907
628,1250,35206,117.52,140.35,242.01,398.13,0.2009
629,1251,35206,138.92,109.79,213.15,407.25,0.8709
630,1251,27733,547.94,201.22,259.29,265.66,0.2252
631,1251,35206,79.11,671.52,241.02,474.73,0.2235
632,1252,20877,76.1,811.83,319.71,232.98,0.5388
633,1252,3483,646.12,753.08,201.28,267.18,0.5228
634,1252,30308,77.72,72.31,394.31,442.54,0.289
635,1252,16548,615.96,180.17,231.5,227.44,0.2881
636,1254,20877,37.03,751.09,327.28,239.65,0.6262
637,1254,3483,619.13,717.92,204.88,276.37,0.3653
638,1254,16548,594.39,175.53,224.13,227.09,0.2721
639,1254,25367,67.82,58.95,367.66,393.82,0.243
640,1256,35206,136.08,135.99,252.1,410.44,0.3935
641,1256,3832,94.29,644.32,310.14,501.22,0.2661
642,126,3351,91.9,190.05,195.65,192.86,0.5972
643,126,3832,602.94,31.89,330.69,455.94,0.2935
644,126,16232,100.3,839.46,180.04,167.38,0.2318
645,126,22074,100.3,839.46,180.04,167.38,0.2141
646,1261,3483,577.85,834.68,304.79,185.88,0.6941
647,1261,22347,85.66,852.82,221.94,203.12,0.3394
648,1261,16232,651.46,227.5,191.43,181.42,0.2658
649,1261,28763,96.04,847.23,210.47,190.77,0.2626
650,1262,3483,550.61,802.34,300.88,192.03,0.657
651,1262,16232,613.65,223.31,188.17,176.47,0.224
652,1262,16232,124.49,159.0,204.28,195.07,0.2186
653,1263,3483,116.39,287.28,307.88,165.82,0.7316
654,1263,3351,678.59,247.5,213.09,204.65,0.5057
655,1263,22347,676.66,254.43,219.97,189.9,0.4439
656,1263,22074,144.31,844.83,187.21,186.86,0.2249
657,1264,3351,388.97,863.54,187.58,183.02,0.9696
658,1264,36637,224.99,305.29,208.26,257.43,0.2853
659,1264,13900,226.13,316.18,204.98,247.67,0.257
660,1265,3351,356.9,181.51,182.21,184.52,0.9853
661,1265,36637,515.15,661.8,199.69,229.42,0.2788
662,1265,20238,505.02,667.22,209.03,237.72,0.204
663,1269,3351,355.78,225.03,189.48,200.84,0.9982
664,1269,13900,625.97,758.93,164.06,273.44,0.4997
665,1269,36637,209.67,780.4,215.6,235.17,0.4037
666,1269,36637,624.17,748.1,164.21,277.91,0.2203
667,127,35206,637.69,130.55,211.26,440.75,0.6676
668,127,35206,618.44,802.76,258.35,371.17,0.4038
669,127,3832,618.44,802.76,258.35,371.17,0.2235
670,127,35206,145.39,153.0,286.21,515.17,0.201
671,1270,35206,155.83,152.7,256.48,428.77,0.3054
672,1270,19232,637.0,272.28,309.65,274.54,0.274
673,1270,16548,108.9,842.9,247.33,242.97,0.2674
674,1270,32310,647.32,280.63,292.55,277.74,0.2583
675,1272,16548,620.4,174.44,247.88,232.45,0.4738
676,1272,19232,43.68,747.63,291.13,286.08,0.2743
677,1272,20014,55.71,755.11,294.58,284.5,0.2585
678,1272,32310,55.71,755.11,294.58,284.5,0.2531
679,1273,35206,103.25,65.89,254.0,416.22,0.7317
680,1273,3483,551.06,208.64,258.23,250.92,0.3459
681,1273,35206,108.88,649.16,229.98,518.31,0.255
682,1273,3832,561.55,595.66,280.1,548.22,0.2488
683,1274,35206,597.96,67.76,225.71,429.77,0.6621
684,1274,35206,581.94,716.74,253.23,505.79,0.5403
685,1274,3483,120.91,805.75,265.48,265.25,0.29
686,1274,3832,592.57,718.37,245.33,534.86,0.2772
687,1278,3351,411.08,249.55,190.99,198.9,0.9725
688,1278,38162,627.45,698.59,186.93,300.76,0.5146
689,1278,3832,147.39,604.85,300.54,430.23,0.2217
690,1279,3351,665.91,285.96,194.47,175.1,0.4262
691,1279,35206,120.66,130.33,255.7,405.46,0.3251
692,1279,35206,83.19,761.18,325.36,479.78,0.2657
693,1279,3832,97.65,747.74,297.66,514.31,0.2527
694,128,35206,607.87,801.39,260.52,380.1,0.6064
695,128,35206,649.78,82.05,204.87,488.98,0.5096
696,128,19232,136.92,853.76,275.66,270.46,0.2409
697,128,27733,133.14,857.74,277.53,270.69,0.2337
698,1280,28763,88.31,805.37,195.9,196.66,0.2379
699,1280,3832,577.28,0.0,283.03,429.65,0.2278
700,1282,35206,79.95,103.06,231.1,448.53,0.7254
701,1282,20014,496.77,126.37,308.37,301.96,0.3366
702,1282,32310,496.95,131.38,318.28,302.96,0.2499
703,1282,35206,55.62,611.3,227.92,540.99,0.2156
704,1284,35206,616.88,687.13,247.63,480.0,0.6739
705,1284,35206,664.93,87.97,212.23,444.14,0.4597
706,1284,20014,115.39,826.47,318.45,317.45,0.4078
707,1284,32310,114.65,824.71,342.81,329.87,0.3329
708,129,35206,86.82,81.09,257.15,374.81,0.6364
709,129,35206,78.27,635.14,216.92,490.26,0.2825
710,129,27733,516.63,152.88,267.63,257.21,0.2285
711,1290,1900,160.75,262.32,125.62,189.34,0.4104
712,1290,19232,46.84,725.45,291.44,297.73,0.3021
713,1290,16548,533.64,144.08,234.62,218.31,0.2877
714,1290,20014,56.0,728.12,292.72,298.69,0.267
715,1293,3483,527.64,791.46,278.68,211.63,0.9154
716,1293,3832,113.08,77.4,306.6,466.41,0.2384
717,1293,16232,137.5,779.35,185.13,207.05,0.2226
718,1293,35206,99.26,75.52,334.88,458.43,0.2174
719,1294,35206,666.55,153.72,214.65,408.82,0.9392
720,1294,3483,581.38,839.08,308.71,176.11,0.8483
721,1294,25367,12.45,50.16,409.91,446.95,0.365
722,1294,22347,85.3,851.23,224.09,205.29,0.3061
723,1295,35206,644.31,142.47,202.85,378.67,0.932
724,1295,3483,546.07,806.16,311.6,184.55,0.8546
725,1295,25367,0.0,15.47,403.43,450.66,0.4161
726,1295,20014,0.0,12.86,399.04,457.7,0.2499
727,1296,35206,105.75,685.44,202.69,424.22,0.9117
728,1296,3483,115.96,288.1,308.15,170.91,0.8741
729,1296,22347,674.7,254.53,220.81,194.65,0.4963
730,1296,3351,679.99,251.95,213.43,202.39,0.4842
731,1297,16548,147.26,243.12,233.34,228.93,0.3802
732,1297,22074,679.28,272.65,192.52,166.06,0.2326
733,1297,1900,684.72,272.8,192.87,164.98,0.223
734,1297,16262,148.36,245.06,238.91,221.92,0.2221
735,1298,16548,603.89,821.95,250.89,222.92,0.3335
736,1298,22074,105.26,864.86,191.52,171.34,0.3147
737,1298,16548,605.23,174.14,218.42,193.23,0.219
738,1298,16232,120.56,863.72,188.1,171.53,0.2161
739,13,3351,423.21,854.1,193.8,194.64,0.8422
740,13,20014,490.23,250.63,414.31,266.2,0.389
741,130,3483,170.01,281.08,276.41,204.72,0.8847
742,130,36637,130.48,836.71,194.53,257.63,0.3824
743,130,3351,645.38,284.15,175.15,196.37,0.3425
744,130,25367,506.7,762.13,460.92,313.12,0.2551
745,1300,3483,578.29,834.11,303.1,184.94,0.7489
746,1300,25367,51.19,118.94,481.9,492.81,0.3643
747,1300,22347,84.95,850.66,222.01,205.08,0.3251
748,1300,16548,625.75,176.81,227.05,226.09,0.2809
749,1302,3483,551.16,801.35,299.56,192.15,0.7157
750,1302,25367,62.61,86.55,445.64,480.5,0.3187
751,1302,16688,54.82,71.14,453.21,440.95,0.2555
752,1302,16548,595.95,161.27,226.66,224.38,0.2254
753,1305,3483,136.12,279.0,293.35,172.34,0.697
754,1305,35206,604.11,165.05,262.22,424.02,0.4354
755,1305,3832,82.86,660.78,341.5,468.09,0.3299
756,1309,3483,114.24,306.38,283.36,201.31,0.8727
757,1309,27733,552.52,254.98,306.29,246.81,0.413
758,1309,16548,89.08,848.63,230.97,234.13,0.2815
759,1309,16262,79.78,855.71,244.19,236.45,0.2547
760,1311,3483,558.73,762.35,297.38,208.5,0.8803
761,1311,27733,84.76,747.06,317.61,268.58,0.3713
762,1311,16548,635.24,176.54,220.73,219.55,0.317
763,1311,41768,81.07,736.75,341.55,280.72,0.2452
764,1312,35206,613.14,52.99,257.12,435.62,0.6415
765,1312,35206,580.92,690.1,248.71,468.96,0.5768
766,1312,3832,592.19,655.02,254.55,500.26,0.2595
767,1312,32310,120.56,815.08,264.59,275.75,0.2511
768,1315,3351,421.72,872.06,193.21,196.53,0.9637
769,1315,19232,549.08,208.67,300.76,279.11,0.3686
770,1315,16688,151.38,85.27,300.38,654.26,0.3353
771,1315,20014,556.36,224.36,277.99,271.76,0.2681
772,1316,3351,315.0,156.98,187.87,187.75,0.993
773,1316,19232,76.05,683.34,328.11,320.84,0.4656
774,1316,16688,513.41,475.59,289.47,670.27,0.4306
775,1316,32310,76.05,683.34,328.11,320.84,0.2597
776,132,3483,562.17,815.48,272.84,214.63,0.6823
777,132,25367,3.84,194.15,494.32,289.87,0.3775
778,132,16232,173.31,811.47,185.84,207.4,0.3633
779,132,36637,663.65,170.8,189.24,262.85,0.3466
780,1322,35206,138.07,107.99,213.78,412.0,0.8869
781,1322,35206,80.42,666.98,238.42,478.96,0.2444
782,1322,27733,549.0,205.66,260.45,266.36,0.2374
783,1323,35206,587.57,699.71,222.63,441.08,0.9154
784,1323,35206,612.1,75.27,226.47,426.28,0.5226
785,1323,32310,99.22,804.55,276.85,278.09,0.2635
786,1323,25367,137.1,84.83,339.11,529.05,0.2391
787,1326,3351,360.42,245.13,196.67,191.96,0.9795
788,1326,18357,144.96,650.7,276.94,358.59,0.514
789,1326,19232,148.75,666.61,276.33,363.98,0.4944
790,1326,20014,164.52,664.83,264.52,363.46,0.3159
791,1327,36637,189.98,236.38,183.36,253.04,0.3109
792,1327,16262,168.98,821.37,248.07,224.08,0.2854
793,1327,16548,166.26,811.62,246.85,226.97,0.2474
794,1327,3483,633.12,838.39,196.67,201.35,0.2398
795,1328,16548,574.6,216.06,249.16,220.78,0.4318
796,1328,36637,637.06,807.77,201.11,265.58,0.249
797,1329,16548,544.56,216.4,232.29,202.84,0.3711
798,1329,41768,607.05,774.38,201.73,292.22,0.2234
799,1329,20014,36.43,785.57,411.79,257.97,0.2176
800,1330,35206,604.85,116.95,228.64,403.09,0.9502
801,1330,3483,585.09,848.51,301.08,184.77,0.9263
802,1330,25367,77.9,162.5,481.22,422.26,0.5238
803,1330,25469,80.14,821.19,349.59,313.15,0.2111
804,1331,35206,581.34,106.71,222.07,397.41,0.9436
805,1331,3483,563.42,808.01,296.17,194.7,0.9286
806,1331,25367,63.16,132.66,453.47,436.55,0.4235
807,1331,16688,69.37,138.2,440.39,405.27,0.2544
808,1332,3483,116.31,266.12,295.33,191.31,0.9447
809,1332,35206,137.76,731.32,238.34,411.43,0.8982
810,1332,25367,479.96,640.5,438.03,453.44,0.3157
811,1332,30308,479.96,640.5,438.03,453.44,0.2919
812,1333,3351,402.18,921.95,185.1,190.65,0.9753
813,1333,20014,577.32,279.85,351.71,320.78,0.5116
814,1333,36637,160.78,287.0,190.42,246.78,0.3464
815,1333,19232,579.98,278.33,344.6,322.75,0.2044
816,1337,19232,75.08,803.23,315.97,284.01,0.4323
817,1337,16548,570.62,190.82,243.15,224.35,0.3455
818,1337,32310,83.98,807.91,292.57,273.86,0.2624
819,1337,20014,82.87,808.55,296.54,279.3,0.2445
820,134,35206,644.33,143.07,202.54,376.34,0.9263
821,134,3483,547.94,805.19,308.78,187.52,0.8312
822,134,16688,25.8,0.0,352.55,542.28,0.3282
823,1340,3483,587.3,278.63,301.24,179.69,0.4923
824,1340,35206,133.82,120.2,258.85,410.28,0.3446
825,1340,16262,186.59,831.48,251.25,226.46,0.2759
826,1340,16548,575.13,293.06,294.83,159.23,0.2292
827,1345,3483,594.54,841.61,286.16,195.23,0.788
828,1345,16688,158.68,134.73,432.16,492.36,0.3655
829,1345,16548,609.51,164.92,230.15,224.7,0.2577
830,1345,25367,158.68,134.73,432.16,492.36,0.2296
831,1347,3483,123.16,278.0,277.43,187.47,0.7415
832,1347,20014,564.84,189.08,330.61,281.3,0.2585
833,1347,16262,134.29,866.24,235.33,234.63,0.2569
834,1347,16688,407.8,608.28,443.32,548.04,0.2527
835,1348,3351,362.65,880.04,189.49,185.44,0.967
836,1348,22074,669.63,309.76,184.2,185.08,0.2752
837,135,35206,667.18,156.19,214.31,405.68,0.9317
838,135,3483,582.47,837.01,305.81,179.81,0.824
839,135,22347,85.82,850.52,222.83,207.07,0.3344
840,135,16688,38.6,19.43,364.24,545.91,0.3149
841,1350,3351,422.84,216.73,190.6,186.88,0.9914
842,1350,22074,99.11,811.88,188.79,183.98,0.2554
843,1350,16232,108.56,814.05,187.94,182.81,0.2343
844,1350,22074,585.93,854.63,199.76,207.01,0.2093
845,1353,3483,170.82,281.12,273.74,200.74,0.9134
846,1353,25367,518.2,679.15,454.1,450.32,0.4124
847,1353,3351,643.79,285.13,175.27,197.73,0.3074
848,1353,16232,150.98,838.11,194.56,187.59,0.2713
849,1354,20877,549.27,301.69,322.74,214.11,0.8442
850,1354,3483,148.92,289.94,209.19,261.21,0.6497
851,1354,36637,174.5,797.55,198.29,250.94,0.3252
852,1354,30308,598.59,729.49,324.48,503.41,0.2356
853,1355,20877,84.34,728.28,337.37,246.59,0.6602
854,1355,3483,617.11,714.74,207.77,279.99,0.4211
855,1355,36637,601.4,193.24,188.79,247.88,0.3067
856,1355,13900,598.49,198.45,185.63,256.0,0.278
857,1357,16548,570.02,168.8,235.43,229.54,0.3815
858,1357,18357,165.59,660.3,201.87,361.84,0.3571
859,1357,35206,164.0,678.27,212.27,362.0,0.2998
860,1357,22074,616.18,811.11,201.98,186.19,0.2083
861,1358,16548,597.18,170.5,244.49,231.24,0.423
862,1358,18357,198.8,711.59,203.99,366.3,0.3757
863,1358,35206,198.8,711.59,203.99,366.3,0.2589
864,1358,16232,656.9,842.61,187.18,185.38,0.2438
865,1359,16262,135.74,855.18,252.94,237.79,0.3751
866,1359,38162,578.65,236.62,213.26,335.45,0.2915
867,1359,18357,589.56,218.1,208.47,332.88,0.2635
868,1359,16548,136.43,852.92,251.55,245.55,0.2629
869,136,3483,143.62,241.25,232.22,228.59,0.44
870,136,3832,83.82,639.1,314.79,495.87,0.365
871,136,20014,573.48,213.93,315.91,273.0,0.2382
872,136,32310,575.14,215.82,319.68,280.26,0.2305
873,1361,3351,347.18,142.91,201.52,194.33,0.9988
874,1361,18357,146.49,629.99,263.91,348.98,0.5499
875,1361,19232,154.58,669.88,252.73,347.51,0.3542
876,1361,32310,159.24,641.46,246.52,375.38,0.2591
877,1363,3351,423.72,883.3,199.02,193.16,0.979
878,1363,20014,458.97,248.16,424.93,284.0,0.2504
879,1363,16262,116.36,299.31,248.23,224.2,0.2252
880,1363,38162,118.63,293.65,248.11,234.17,0.2078
881,1366,3483,117.71,287.38,308.07,169.76,0.7348
882,1366,3351,679.13,250.12,212.66,202.24,0.5105
883,1366,22347,677.63,256.09,223.61,189.75,0.4607
884,1366,16548,120.58,857.53,233.48,228.77,0.3296
885,1367,3483,547.67,807.93,300.56,182.37,0.6766
886,1367,16548,590.43,160.17,233.49,223.22,0.3169
887,1369,3483,602.27,864.68,258.19,230.65,0.3127
888,1369,16548,635.11,172.52,249.04,237.0,0.2535
889,1369,3483,124.28,867.21,226.71,165.26,0.2478
890,1369,16262,635.11,172.52,249.04,237.0,0.2204
891,1371,3483,569.96,831.04,266.38,238.12,0.408
892,1371,16548,607.07,161.61,238.73,236.04,0.3004
893,1371,3483,85.91,821.77,235.41,181.44,0.2353
894,1372,35206,598.02,116.62,285.96,406.67,0.6594
895,1372,20014,82.38,806.64,314.08,326.07,0.3205
896,1372,35206,597.6,709.23,258.66,504.19,0.2929
897,1376,20877,596.71,236.69,351.99,237.98,0.5819
898,1376,3832,84.65,700.52,297.91,530.1,0.2919
899,1376,20014,590.2,241.62,375.49,227.31,0.2848
900,1376,35206,80.71,694.9,312.35,500.43,0.2348
901,1377,35206,594.34,38.5,318.57,485.72,0.3899
902,1377,20877,46.99,817.62,353.96,245.69,0.3574
903,1377,3832,601.06,45.96,295.87,504.98,0.2339
904,1378,3483,148.76,220.6,244.69,219.06,0.6268
905,1378,3832,110.15,769.43,297.19,390.47,0.4042
906,1378,18147,110.87,769.97,298.03,376.28,0.3505
907,1378,35206,108.31,773.83,290.83,371.6,0.3429
908,1379,35206,575.13,100.04,291.58,355.08,0.6787
909,1379,3483,596.33,865.76,254.72,229.24,0.4702
910,1379,3483,123.58,869.7,228.0,163.3,0.2633
911,1379,3832,584.46,103.03,283.67,373.02,0.2487
912,1381,3351,413.56,846.35,183.78,190.11,0.9829
913,1381,20877,35.1,227.04,362.24,240.44,0.3275
914,1384,3483,561.58,819.34,272.73,212.35,0.7708
915,1384,25367,59.61,64.74,416.85,488.11,0.4043
916,1384,16232,173.27,817.45,179.3,208.18,0.3476
917,1384,30308,59.61,64.74,416.85,488.11,0.3164
918,1385,3483,527.04,791.33,279.12,211.52,0.9093
919,1385,25367,28.32,69.7,418.07,474.35,0.3941
920,1385,30308,28.32,69.7,418.07,474.35,0.2694
921,1385,16232,137.89,779.14,184.76,206.16,0.2143
922,1386,3483,171.47,280.28,275.91,204.63,0.8756
923,1386,25367,543.65,682.89,432.2,471.2,0.4417
924,1386,3351,645.01,284.33,174.43,197.91,0.3814
925,1386,16262,150.21,847.09,239.51,224.63,0.2795
926,1387,32310,150.51,854.02,252.15,301.98,0.4537
927,1387,41768,134.17,847.08,283.53,295.01,0.4051
928,1387,3483,645.11,756.99,189.01,279.59,0.2783
929,1387,16548,598.7,176.4,228.55,222.21,0.2504
930,139,35206,580.44,111.09,223.72,387.63,0.9106
931,139,3483,563.17,806.93,292.41,203.28,0.8592
932,139,20014,40.11,790.8,340.22,294.08,0.246
933,139,27733,40.11,790.8,340.22,294.08,0.236
934,1390,35206,599.93,123.53,217.27,446.19,0.6772
935,1390,35206,607.09,765.76,266.78,393.41,0.4231
936,1390,3483,162.58,865.76,269.51,278.74,0.206
937,1392,35206,596.7,751.99,264.23,408.92,0.6421
938,1392,35206,599.3,76.83,230.7,476.27,0.6282
939,1392,25367,123.72,135.01,353.2,453.78,0.2704
940,1392,16262,149.6,857.3,277.26,266.63,0.2147
941,1393,3483,172.9,276.25,270.93,208.29,0.7148
942,1393,16262,134.05,835.45,256.44,239.08,0.3541
943,1393,3351,644.93,285.45,175.34,193.06,0.3287
944,1393,22074,635.56,286.68,177.73,196.11,0.2365
945,1395,3483,526.12,784.76,275.79,220.13,0.8156
946,1395,16548,567.37,189.87,244.93,228.71,0.2755
947,1395,16262,572.6,189.45,242.16,222.68,0.2492
948,1395,28763,85.15,195.23,199.71,193.68,0.2277
949,1396,35206,76.89,99.47,232.88,452.32,0.7535
950,1396,35206,77.7,659.56,223.37,471.87,0.3569
951,1396,27733,519.67,165.56,271.61,263.31,0.2942
952,1396,41768,530.12,166.49,261.75,264.16,0.2031
953,140,35206,606.36,123.27,228.53,389.63,0.9267
954,140,3483,590.85,843.61,290.7,195.94,0.8654
955,140,16688,5.33,50.38,450.73,546.21,0.3301
956,140,30308,10.2,58.29,444.98,521.36,0.2691
957,1401,3483,121.91,277.18,279.61,184.36,0.6934
958,1401,16262,133.1,868.98,237.91,230.62,0.2737
959,1401,20014,565.68,186.99,334.54,282.5,0.2584
960,1401,22074,646.47,847.19,219.11,205.23,0.2064
961,1402,3351,413.41,881.6,195.77,194.52,0.9746
962,1402,25367,464.26,201.11,395.76,354.76,0.2986
963,1402,33880,454.82,185.13,382.58,352.31,0.2225
964,1402,16262,89.38,340.88,215.43,214.68,0.2099
965,1404,3351,356.22,210.54,200.26,189.24,0.9984
966,1404,25367,126.61,741.76,404.22,378.55,0.3264
967,1404,16262,672.09,765.22,230.34,217.12,0.2879
968,1404,20014,135.87,731.74,367.75,392.63,0.2446
969,1407,3351,370.98,228.33,187.1,179.73,0.9924
970,1407,38162,602.48,798.83,246.02,249.69,0.3215
971,1407,16262,612.57,797.52,238.72,245.15,0.2088
972,1408,3351,675.39,274.7,186.39,164.41,0.3861
973,1408,16262,65.91,812.48,251.53,225.17,0.3288
974,1408,22074,677.34,273.84,183.46,165.46,0.2103
975,1408,16548,68.09,805.04,253.2,234.27,0.2043
976,1411,3483,576.98,842.58,313.54,170.93,0.8883
977,1411,36637,640.04,210.83,188.8,239.16,0.4019
978,1411,22347,85.04,849.05,227.25,209.27,0.2829
979,1411,13900,635.35,205.81,193.78,266.38,0.2727
980,1413,3483,109.05,289.88,318.0,161.64,0.9304
981,1413,22347,674.79,254.88,223.54,192.25,0.52
982,1413,3351,676.9,249.08,211.6,205.47,0.5108
983,1413,36637,154.62,807.72,200.06,242.63,0.2903
984,1414,16548,47.59,771.51,251.06,239.65,0.2978
985,1414,16548,600.17,194.29,214.79,219.19,0.2703
986,1414,35206,540.76,593.54,293.9,499.5,0.2552
987,1414,3832,549.85,596.13,282.18,524.88,0.2518
988,1418,35206,567.48,93.58,223.71,390.86,0.5659
989,1418,18357,558.97,74.71,223.51,397.37,0.3928
990,1418,3832,109.99,631.59,292.28,501.21,0.3105
991,1418,35206,100.09,651.12,309.73,468.61,0.2818
992,142,16548,591.32,146.08,234.89,228.78,0.3077
993,142,16232,94.55,834.83,180.01,172.04,0.2825
994,142,3483,80.82,167.9,251.97,224.37,0.2679
995,1420,3351,412.27,870.48,186.75,190.89,0.9812
996,1420,41768,112.37,239.17,276.65,263.36,0.4501
997,1420,16688,547.85,62.55,264.14,619.91,0.3005
998,1420,3832,545.13,56.31,279.31,624.66,0.2015
999,1421,3351,337.06,163.33,188.01,184.11,0.9953
1000,1421,16688,119.27,493.8,284.74,694.62,0.6006
1001,1421,41768,552.74,715.39,298.45,284.08,0.5801
1002,1421,32310,550.66,720.41,303.99,288.46,0.2843
1003,1424,35206,574.46,124.8,223.76,388.88,0.946
1004,1424,3483,527.13,775.51,277.49,225.54,0.915
1005,1424,16688,96.97,63.81,366.41,538.35,0.2894
1006,1424,3832,97.77,71.09,362.49,545.09,0.2474
1007,1425,35206,608.67,145.45,217.81,397.73,0.9335
1008,1425,3483,557.32,818.4,281.12,217.15,0.8681
1009,1425,16232,172.03,812.54,184.22,211.12,0.3537
1010,1425,16688,103.33,78.79,387.84,554.94,0.3324
1011,1429,16548,662.6,215.41,240.46,206.68,0.308
1012,1429,16548,117.0,824.41,248.74,229.91,0.2809
1013,1429,16232,114.67,260.15,212.77,186.17,0.2265
1014,1429,16548,117.34,261.17,209.43,192.84,0.2069
1015,143,16548,605.48,153.86,251.11,233.45,0.3869
1016,143,22074,116.49,864.81,182.41,164.55,0.2592
1017,143,16262,618.79,157.87,237.85,221.72,0.2528
1018,143,16232,135.8,866.09,175.79,167.19,0.2236
1019,1431,16548,93.15,782.16,242.65,246.51,0.3185
1020,1431,3832,576.51,648.49,284.7,470.43,0.2232
1021,1431,16262,85.32,795.62,247.21,235.81,0.2141
1022,1431,16548,91.14,243.86,214.72,190.3,0.2117
1023,1433,3351,361.04,174.36,189.94,184.61,0.9882
1024,1433,32310,0.0,636.32,303.3,365.45,0.3786
1025,1433,16262,607.62,752.61,294.09,212.77,0.2874
1026,1433,19232,0.0,651.72,301.34,354.19,0.2843
1027,1435,3351,401.78,857.72,181.08,184.68,0.9844
1028,1435,13900,168.87,339.91,175.29,250.37,0.4777
1029,1435,16262,591.03,312.92,222.0,212.21,0.2196
1030,1435,36637,168.87,339.91,175.29,250.37,0.2063
1031,1436,3351,350.56,181.73,178.89,188.68,0.9983
1032,1436,13900,602.91,610.99,164.65,270.88,0.4091
1033,1436,16262,120.82,699.24,224.77,216.87,0.3016
1034,1436,36637,600.69,626.86,166.48,265.96,0.2925
1035,1438,16262,208.04,837.44,250.5,225.5,0.3621
1036,1438,38162,584.28,232.83,209.84,341.53,0.3183
1037,1438,18357,587.07,216.37,207.19,338.27,0.2841
1038,1438,16548,201.09,843.36,251.76,237.2,0.2687
1039,1439,18357,164.81,663.22,203.11,361.4,0.4012
1040,1439,16548,505.19,173.45,239.01,235.39,0.389
1041,1439,35206,163.7,676.76,212.73,363.12,0.2603
1042,1439,16262,510.75,181.2,235.47,227.83,0.2399
1043,1441,3483,562.74,760.03,287.65,213.34,0.8129
1044,1441,27733,84.87,747.18,316.53,267.07,0.4029
1045,1441,3483,580.92,202.54,277.9,169.61,0.2879
1046,1441,41768,81.94,737.94,339.53,279.09,0.2344
1047,1442,3483,590.61,798.22,289.82,201.52,0.8049
1048,1442,27733,125.29,787.32,309.62,263.76,0.3354
1049,1442,3483,599.18,206.43,296.68,175.1,0.3336
1050,1442,41768,127.64,781.72,323.75,273.32,0.2314
1051,1444,35206,131.23,108.97,222.91,404.96,0.9078
1052,1444,20014,481.88,145.86,313.13,298.02,0.4001
1053,1444,32310,480.86,148.52,328.37,312.07,0.3174
1054,1444,35206,86.66,663.23,223.5,528.23,0.2293
1055,1446,35206,576.81,709.03,238.17,423.67,0.9103
1056,1446,35206,617.4,65.53,208.46,429.9,0.3165
1057,1446,20014,126.38,789.36,331.34,324.91,0.2614
1058,1446,32310,124.76,795.84,355.25,328.19,0.2569
1059,1447,16548,38.95,778.46,250.58,244.66,0.3538
1060,1447,16262,38.71,791.77,243.46,230.64,0.2528
1061,1447,20014,471.12,764.41,403.07,263.64,0.2469
1062,1447,16548,622.45,195.29,222.01,216.8,0.2404
1063,1449,16548,75.82,834.43,237.87,211.43,0.3264
1064,1449,16548,111.72,193.55,213.55,192.69,0.2113
1065,1450,35206,599.16,67.72,223.98,428.26,0.647
1066,1450,35206,579.73,716.96,255.1,505.6,0.5432
1067,1450,3832,591.64,720.0,245.16,534.0,0.2753
1068,1450,3483,120.66,805.17,265.6,262.7,0.2522
1069,1452,35206,601.41,94.74,204.77,429.75,0.6513
1070,1452,35206,586.05,724.05,258.29,505.49,0.3408
1071,1452,3483,132.05,818.46,264.39,277.63,0.2633
1072,1453,3351,453.6,902.73,191.4,203.98,0.9889
1073,1453,16688,476.37,108.64,446.23,552.01,0.3759
1074,1453,19232,41.9,319.16,278.69,321.92,0.3701
1075,1453,32310,34.46,308.48,298.54,342.6,0.3459
1076,1455,3351,328.64,188.34,190.91,183.4,0.9965
1077,1455,16688,66.68,586.32,442.31,643.57,0.6599
1078,1455,32310,651.74,651.56,289.65,340.31,0.4318
1079,1455,18357,650.95,650.72,285.18,331.38,0.2684
1080,1458,35206,632.23,729.88,231.74,402.61,0.7829
1081,1458,35206,606.34,76.75,257.32,415.74,0.505
1082,1458,3483,120.24,824.14,251.82,262.63,0.3034
1083,1459,35206,628.7,91.07,223.39,418.36,0.6957
1084,1459,35206,641.34,732.3,244.33,415.33,0.3301
1085,146,3483,171.76,279.43,269.83,203.09,0.8374
1086,146,16688,551.73,659.95,409.08,549.59,0.3545
1087,146,22074,628.52,285.3,180.28,199.16,0.2828
1088,146,3351,644.2,284.14,176.47,196.38,0.2798
1089,1460,35206,73.6,135.18,229.42,402.59,0.7238
1090,1460,35206,55.38,681.14,250.87,500.02,0.4363
1091,1460,27733,546.47,201.72,258.65,264.2,0.2803
1092,1461,35206,631.42,39.93,235.51,470.15,0.6451
1093,1461,35206,636.04,708.72,239.52,403.35,0.5456
1094,1461,32310,99.81,806.49,271.44,281.24,0.2721
1095,1461,27733,99.81,806.49,271.44,281.24,0.2094
1096,1462,3483,114.44,291.51,313.79,168.08,0.8897
1097,1462,3351,676.2,246.71,212.4,210.03,0.563
1098,1462,22347,674.08,253.29,226.7,195.46,0.5324
1099,1462,25367,529.1,658.16,445.98,482.91,0.516
1100,1463,3483,579.29,841.86,307.95,173.64,0.8313
1101,1463,25367,62.42,101.05,422.43,490.11,0.3905
1102,1463,22347,84.84,849.03,226.96,209.04,0.2893
1103,1463,16548,612.99,177.12,226.63,221.96,0.2617
1104,1464,3483,549.21,803.85,303.58,186.82,0.7888
1105,1464,25367,37.54,78.61,425.85,473.24,0.3285
1106,1464,30308,37.54,78.61,425.85,473.24,0.2806
1107,1464,16548,594.01,182.48,214.96,212.43,0.2073
1108,1466,3483,549.82,806.74,297.56,184.79,0.6689
1109,1466,16548,591.03,174.2,239.46,237.12,0.2882
1110,1466,22347,94.11,180.73,212.29,190.44,0.2791
1111,1466,28763,98.64,177.9,208.91,187.52,0.22
1112,1473,3351,148.21,223.5,161.16,140.68,0.3489
1113,1473,3832,579.6,75.24,282.45,497.91,0.3244
1114,1473,35206,564.82,94.76,301.17,461.71,0.2626
1115,1473,22074,117.5,865.94,182.1,163.54,0.2483
1116,1474,3483,585.23,800.19,298.37,194.89,0.9062
1117,1474,25367,70.81,84.44,430.16,454.3,0.4798
1118,1474,3483,595.0,203.81,297.76,177.76,0.3923
1119,1474,27733,119.11,776.28,318.84,271.13,0.3851
1120,1476,3483,563.16,760.2,290.16,210.1,0.8797
1121,1476,27733,86.49,729.34,308.96,276.16,0.4517
1122,1476,3483,583.23,215.82,263.56,161.38,0.4373
1123,1476,25367,56.8,68.5,424.14,453.43,0.3795
1124,1477,3351,649.76,283.37,187.94,192.17,0.9919
1125,1477,18357,355.7,669.71,254.32,369.66,0.5463
1126,1477,3483,82.61,237.93,254.42,207.48,0.283
1127,1477,19232,345.98,672.33,262.38,383.68,0.2194
1128,148,3351,407.51,856.39,180.27,182.03,0.9834
1129,148,19232,498.58,242.25,355.93,248.59,0.4073
1130,148,20014,510.38,245.91,311.22,239.6,0.3381
1131,148,32310,482.67,240.87,351.68,252.04,0.2323
1132,1480,18357,603.04,229.75,199.06,328.16,0.3135
1133,1480,16548,169.22,830.64,262.96,229.61,0.258
1134,1480,16548,156.68,266.5,218.25,210.3,0.237
1135,1480,16262,169.22,830.64,262.96,229.61,0.231
1136,1483,3483,148.83,220.27,244.01,220.06,0.575
1137,1483,3832,110.99,768.18,296.12,391.58,0.3919
1138,1483,35206,110.68,775.12,300.22,382.35,0.3644
1139,1483,18147,108.22,769.01,302.68,384.62,0.3532
1140,1485,35206,575.83,99.1,291.85,354.69,0.6729
1141,1485,3483,595.91,863.77,254.84,230.6,0.4472
1142,1485,3832,585.57,104.74,283.43,373.37,0.2505
1143,1485,22347,141.76,169.33,213.3,196.69,0.2147
1144,1488,3351,391.67,201.02,188.06,185.38,0.9968
1145,1488,22074,625.47,826.28,198.33,207.43,0.2457
1146,1489,3351,404.07,844.84,185.58,196.56,0.9723
1147,1489,20014,541.9,282.28,329.35,322.66,0.5024
1148,1489,16262,191.72,275.81,219.21,221.53,0.2389
1149,149,3351,345.28,187.52,177.61,191.6,0.999
1150,149,19232,88.45,684.69,349.71,274.22,0.4103
1151,149,20014,87.73,688.38,356.17,280.95,0.2526
1152,149,16262,603.93,711.89,220.86,226.15,0.2187
1153,1492,3351,380.53,900.76,185.3,195.12,0.962
1154,1492,35206,525.74,298.37,342.53,356.66,0.2242
1155,1492,13900,184.49,273.92,157.8,233.72,0.2148
1156,1493,3351,359.71,130.68,193.67,192.24,0.9942
1157,1493,21325,594.27,707.62,156.26,253.16,0.3405
1158,1493,3832,53.63,567.71,344.19,348.07,0.2091
1159,1497,3483,562.83,839.85,252.86,236.12,0.4834
1160,1497,3483,80.0,828.1,234.42,182.33,0.2988
1161,1497,3832,61.02,52.05,301.4,498.49,0.2454
1162,15,3351,353.91,253.28,188.32,175.03,0.9942
1163,15,20014,47.96,797.25,435.89,285.02,0.361
1164,15,22074,643.26,797.03,190.63,185.49,0.2535
1165,15,16232,647.45,791.93,191.85,189.59,0.2023
1166,150,3351,384.14,246.71,184.37,187.91,0.9871
1167,150,19232,129.47,793.74,347.2,270.01,0.4304
1168,150,20014,147.54,788.73,337.07,272.8,0.294
1169,150,20238,633.2,799.91,226.42,229.05,0.2014
1170,1500,3351,350.67,236.28,181.51,182.29,0.9964
1171,1500,38162,196.78,734.32,182.1,302.73,0.3266
1172,151,16262,94.55,824.75,244.72,220.42,0.2763
1173,151,16548,90.78,818.2,254.83,227.89,0.2532
1174,151,3351,186.21,269.04,204.29,191.76,0.2228
1175,151,3483,633.94,833.04,198.27,205.49,0.2182
1176,152,16548,611.25,205.15,240.32,216.53,0.3379
1177,152,20014,36.3,780.88,411.69,263.77,0.2034
1178,153,16548,643.72,207.18,242.38,227.88,0.3403
1179,153,1900,171.52,242.59,171.89,178.16,0.2357
1180,154,35206,612.28,54.24,257.99,435.14,0.6463
1181,154,35206,580.87,686.08,249.6,475.46,0.5738
1182,154,3832,591.15,649.85,255.58,506.01,0.2714
1183,154,27733,98.25,806.79,274.52,287.55,0.2496
1184,155,35206,101.46,82.11,253.26,459.97,0.8697
1185,155,35206,64.3,678.58,263.27,460.87,0.4109
1186,155,27733,544.57,200.74,258.81,265.36,0.3559
1187,155,3832,544.66,575.02,311.66,534.37,0.2028
1188,156,35206,602.81,90.79,259.29,426.65,0.7652
1189,156,35206,584.5,696.58,271.71,501.92,0.2731
1190,157,3483,525.95,792.1,282.77,210.34,0.9186
1191,157,25367,96.66,77.29,392.27,470.17,0.4193
1192,157,19232,129.29,42.66,342.18,516.43,0.3102
1193,157,16262,575.81,187.92,243.85,224.58,0.2557
1194,159,3483,561.04,818.49,275.1,210.86,0.7976
1195,159,25367,108.72,73.93,421.3,503.49,0.3986
1196,159,16232,173.24,815.37,180.34,208.01,0.3537
1197,159,16262,598.03,193.51,251.27,226.18,0.3248
1198,160,3351,214.37,316.65,126.9,144.87,0.7
1199,160,3483,622.62,895.99,223.57,205.76,0.3078
1200,160,3832,576.14,242.73,290.89,481.3,0.2224
1201,160,35206,563.28,257.07,299.33,457.2,0.219
1202,162,3351,648.8,860.88,138.16,133.99,0.4989
1203,162,3832,138.42,521.84,286.04,460.7,0.4066
1204,162,35206,126.26,534.67,306.82,450.57,0.2229
1205,162,16548,147.79,177.15,215.11,187.0,0.2057
1206,163,3483,562.59,815.99,275.31,215.72,0.6146
1207,163,16232,175.0,808.26,185.96,205.57,0.3442
1208,163,22074,167.51,812.7,173.92,198.44,0.2713
1209,163,22074,635.37,253.28,193.08,168.04,0.2567
1210,164,3483,171.57,278.58,269.73,203.22,0.8049
1211,164,16232,150.26,839.06,194.27,186.12,0.2939
1212,164,3351,643.16,285.36,174.87,195.24,0.2748
1213,164,22074,632.23,286.24,178.74,198.03,0.257
1214,165,3483,529.05,785.81,276.28,217.45,0.8015
1215,165,22074,612.64,241.62,182.69,170.59,0.2339
1216,165,16232,612.64,241.62,182.69,170.59,0.2296
1217,165,16232,143.25,776.03,181.76,197.49,0.2248
1218,17,3351,295.85,164.27,184.22,189.19,0.9954
1219,17,41768,571.11,641.39,258.96,301.44,0.6643
1220,17,3832,118.32,586.93,300.6,376.73,0.315
1221,17,35206,555.3,645.3,273.39,291.1,0.2285
1222,170,35206,626.23,92.98,226.52,414.78,0.7204
1223,170,35206,641.88,726.73,245.09,421.79,0.3308
1224,170,35206,131.26,157.12,294.05,503.76,0.2407
1225,170,3832,129.66,170.23,286.4,540.54,0.2151
1226,172,3483,577.05,837.85,307.35,179.4,0.8214
1227,172,16548,625.29,178.04,226.26,225.54,0.3157
1228,172,22347,84.1,849.95,224.64,206.31,0.3019
1229,172,3832,121.12,60.09,327.08,506.75,0.2667
1230,173,3483,548.73,804.52,303.6,187.24,0.7618
1231,173,16548,594.5,159.64,227.4,225.97,0.2636
1232,174,3483,117.23,290.83,311.43,167.2,0.8564
1233,174,3351,678.94,248.87,213.6,207.52,0.578
1234,174,22347,676.92,256.06,221.39,195.17,0.5107
1235,174,16548,121.52,855.98,231.64,231.36,0.298
1236,175,3483,588.52,867.75,256.79,238.58,0.4219
1237,175,3483,113.75,872.3,225.42,169.47,0.2929
1238,175,3832,122.72,73.89,277.53,505.87,0.2611
1239,175,35206,115.86,89.14,292.82,471.03,0.2447
1240,176,3483,155.56,219.39,247.63,215.53,0.5113
1241,176,16548,117.2,833.73,239.91,230.02,0.2458
1242,179,3483,174.18,279.99,272.6,205.39,0.7881
1243,179,3351,644.57,282.29,173.58,196.6,0.3419
1244,179,16262,147.58,847.47,243.72,220.08,0.2964
1245,179,22074,636.3,283.57,176.42,199.08,0.2244
1246,180,3483,525.58,788.5,277.26,216.24,0.8584
1247,180,16232,125.46,225.34,200.24,194.47,0.2149
1248,180,16232,140.77,781.83,184.93,203.79,0.2131
1249,180,16548,570.53,195.08,218.85,212.83,0.2027
1250,183,18357,603.06,230.43,198.89,331.29,0.3201
1251,183,25367,3.06,689.7,436.06,407.98,0.3132
1252,185,16262,125.23,745.35,248.34,227.04,0.3202
1253,185,3351,627.33,823.15,138.34,134.55,0.2293
1254,185,29667,134.28,744.68,236.67,218.46,0.2154
1255,186,3351,656.0,857.63,134.68,139.07,0.4495
1256,186,16548,161.25,779.1,241.13,227.48,0.405
1257,186,16548,151.1,180.53,210.67,188.0,0.2136
1258,189,35206,639.55,134.1,212.77,435.6,0.6562
1259,189,35206,618.62,807.8,256.89,362.27,0.3951
1260,189,3832,618.62,807.8,256.89,362.27,0.2333
1261,19,3483,593.09,792.42,289.84,204.49,0.7999
1262,19,3483,599.16,203.96,295.18,174.84,0.3165
1263,19,27733,120.06,778.04,315.48,266.85,0.2824
1264,19,41768,124.98,772.15,325.8,273.58,0.2605
1265,191,18147,571.81,578.34,284.04,499.02,0.2739
1266,191,16548,93.67,775.86,229.16,226.31,0.2319
1267,191,35206,571.71,573.9,294.65,485.21,0.2223
1268,191,16232,116.25,187.84,206.53,186.14,0.2039
1269,196,35206,87.03,126.88,255.64,359.32,0.6211
1270,196,20014,493.3,134.13,302.38,297.17,0.3966
1271,196,32310,490.96,128.88,323.29,303.5,0.2675
1272,197,35206,601.3,750.27,261.69,367.33,0.6602
1273,197,20014,133.08,820.69,304.91,318.77,0.363
1274,197,35206,633.24,78.52,210.22,444.46,0.3319
1275,197,32310,125.43,823.9,332.4,330.81,0.292
1276,198,35206,628.95,111.23,196.6,434.79,0.4171
1277,198,35206,612.94,756.75,260.65,359.78,0.3748
1278,198,20014,143.22,824.88,294.59,327.28,0.2798
1279,198,3832,612.94,756.75,260.65,359.78,0.2062
1280,199,3483,558.97,822.65,271.15,209.94,0.6645
1281,199,30308,20.1,100.99,433.59,422.99,0.3658
1282,199,16232,171.9,809.63,184.02,210.93,0.3575
1283,199,25367,20.1,100.99,433.59,422.99,0.2726
1284,200,3483,175.96,279.85,271.67,208.25,0.81
1285,200,30308,559.26,731.2,400.23,420.43,0.3509
1286,200,3351,647.41,285.34,176.74,196.67,0.3435
1287,200,22074,630.95,285.63,179.37,201.5,0.2778
1288,202,20877,542.9,292.75,339.41,221.12,0.8071
1289,202,3483,149.05,289.19,213.25,260.5,0.301
1290,202,16262,106.69,838.93,260.61,237.94,0.2729
1291,202,16548,106.43,836.15,257.95,241.87,0.2051
1292,203,20877,88.59,730.41,326.81,237.25,0.5507
1293,203,3483,614.08,715.99,209.23,279.09,0.2689
1294,203,16548,598.51,188.36,237.31,229.9,0.2687
1295,203,28763,76.83,195.45,202.05,200.45,0.2056
1296,204,20877,110.37,777.12,335.43,208.36,0.7805
1297,204,3483,644.58,753.89,207.43,266.93,0.3704
1298,204,16548,624.19,195.23,249.82,226.32,0.283
1299,204,22347,90.79,202.41,217.61,198.43,0.2282
1300,205,3351,622.32,848.38,134.83,141.67,0.5931
1301,205,18357,164.71,664.29,202.81,360.8,0.3397
1302,205,35206,162.74,675.86,212.67,364.32,0.2774
1303,205,16548,586.66,131.01,237.57,218.73,0.2668
1304,210,3351,412.0,246.35,190.19,183.69,0.9644
1305,210,16262,162.75,740.98,227.27,226.99,0.2729
1306,212,20014,65.22,132.44,293.4,290.23,0.2916
1307,212,32310,52.99,125.69,303.04,297.5,0.2895
1308,212,25367,482.15,103.11,444.04,428.28,0.2469
1309,212,19232,52.99,125.69,303.04,297.5,0.2463
1310,213,32310,41.9,113.12,291.89,290.76,0.2695
1311,213,19232,41.9,113.12,291.89,290.76,0.2588
1312,213,20014,55.18,121.69,292.63,287.0,0.2546
1313,213,16232,99.81,840.14,179.66,165.32,0.2491
1314,214,35206,555.8,41.77,294.49,481.31,0.3738
1315,214,35206,70.29,613.76,302.22,472.32,0.2373
1316,214,18147,564.15,55.56,280.51,487.23,0.2264
1317,214,3832,569.67,41.97,280.22,497.74,0.2174
1318,215,35206,592.32,49.21,305.27,482.27,0.3406
1319,215,3832,127.98,649.75,271.66,480.92,0.3137
1320,215,35206,123.19,667.12,281.64,456.57,0.3048
1321,215,3832,591.41,52.72,290.21,495.13,0.2173
1322,217,35206,588.43,79.58,249.27,434.19,0.6421
1323,217,35206,598.96,722.07,234.03,424.25,0.604
1324,217,20014,126.74,778.47,312.19,325.3,0.374
1325,217,32310,117.21,779.03,339.41,325.36,0.2317
1326,219,35206,109.1,128.55,238.19,407.75,0.7386
1327,219,20014,501.14,167.14,298.7,292.92,0.4234
1328,219,32310,497.59,162.61,319.17,309.66,0.333
1329,219,19232,497.59,162.61,319.17,309.66,0.2051
1330,222,3351,408.14,204.34,182.45,180.99,0.9951
1331,222,41768,601.13,736.9,273.55,297.27,0.6925
1332,222,38162,177.48,762.68,238.6,249.53,0.2407
1333,222,16262,168.69,764.76,253.52,247.24,0.2306
1334,224,3483,594.5,844.06,285.57,192.87,0.8359
1335,224,16548,608.62,163.17,229.69,225.2,0.3037
1336,224,3832,114.72,76.69,343.04,487.48,0.2297
1337,224,27733,84.5,816.36,335.09,305.93,0.2252
1338,225,3483,121.37,280.75,280.87,183.27,0.8349
1339,225,16262,134.19,868.73,235.47,232.0,0.2656
1340,225,27733,580.58,185.27,315.0,283.22,0.2285
1341,225,16688,555.95,661.15,360.61,506.08,0.2237
1342,226,3483,602.18,864.63,258.22,230.56,0.3343
1343,226,3483,123.84,868.04,227.28,164.88,0.2722
1344,226,22074,100.74,223.61,212.81,202.5,0.2111
1345,226,16548,645.83,204.96,222.84,208.64,0.2108
1346,229,35206,88.7,80.37,264.55,460.06,0.8119
1347,229,20014,536.23,145.38,318.93,303.04,0.3853
1348,229,25367,485.02,643.77,410.73,474.42,0.3332
1349,229,32310,539.01,149.9,318.26,311.9,0.2755
1350,23,3483,549.37,803.59,302.89,187.78,0.7612
1351,23,25367,5.39,85.95,437.55,459.42,0.4036
1352,23,30308,5.39,85.95,437.55,459.42,0.2436
1353,23,16548,590.27,177.23,230.94,232.79,0.2174
1354,231,35206,595.07,113.68,289.9,416.16,0.6825
1355,231,25367,70.96,143.12,383.14,425.75,0.3815
1356,231,20014,82.39,803.74,316.72,328.25,0.3308
1357,231,35206,599.01,707.99,256.88,505.35,0.2933
1358,232,3483,576.93,805.27,297.73,195.82,0.7593
1359,232,16548,664.95,193.12,242.41,220.59,0.2782
1360,232,27733,115.62,784.9,319.38,260.82,0.2671
1361,232,41768,110.14,776.83,333.32,266.74,0.2468
1362,234,3483,549.57,767.97,302.16,205.83,0.8725
1363,234,27733,77.01,750.59,315.59,250.32,0.395
1364,234,16548,646.48,182.22,225.4,221.36,0.3059
1365,234,41768,78.62,745.0,334.18,260.45,0.2074
1366,236,35206,104.03,681.06,201.44,430.24,0.9197
1367,236,3483,115.64,285.93,308.19,172.47,0.8387
1368,236,3351,676.93,248.62,214.34,203.39,0.5055
1369,236,22347,674.62,254.71,222.66,190.97,0.4674
1370,237,35206,645.23,142.99,202.48,376.82,0.9336
1371,237,3483,547.28,806.22,309.74,185.77,0.8407
1372,237,3351,140.27,219.87,202.16,195.53,0.2114
1373,238,3351,402.15,824.02,189.41,202.22,0.9833
1374,238,19232,75.72,252.59,302.24,300.71,0.3262
1375,238,32310,76.84,265.23,297.52,294.3,0.3238
1376,238,16262,620.8,236.51,246.64,241.83,0.3173
1377,24,3483,578.3,839.11,305.51,177.88,0.818
1378,24,25367,21.42,73.77,444.87,475.94,0.4489
1379,24,22347,84.69,849.23,224.94,207.44,0.3047
1380,24,30308,21.42,73.77,444.87,475.94,0.2952
1381,241,3351,409.18,911.39,188.31,198.96,0.9617
1382,241,35206,511.31,271.46,315.73,365.67,0.3339
1383,241,3832,521.65,259.37,299.07,367.6,0.278
1384,241,18147,521.65,259.37,299.07,367.6,0.2287
1385,243,3351,372.72,178.84,191.06,186.06,0.9231
1386,243,3832,139.87,651.48,313.27,389.0,0.3468
1387,243,35206,139.94,656.31,304.65,392.3,0.2732
1388,243,18147,161.98,649.43,292.83,377.73,0.2463
1389,244,18357,195.69,716.25,210.55,368.11,0.4076
1390,244,35206,197.42,710.12,207.07,374.2,0.2517
1391,244,3832,562.37,0.0,312.29,477.71,0.2483
1392,244,35206,576.56,0.0,285.02,484.21,0.2242
1393,247,35206,627.22,109.85,198.78,445.62,0.3847
1394,247,35206,612.53,756.29,260.68,359.54,0.3782
1395,247,20014,140.93,828.46,297.57,326.99,0.2841
1396,247,3832,612.53,756.29,260.68,359.54,0.2081
1397,248,35206,601.32,750.27,261.44,367.56,0.6601
1398,248,20014,131.03,824.09,306.72,316.82,0.3676
1399,248,35206,630.96,76.96,213.63,450.02,0.3153
1400,248,32310,123.53,826.21,335.08,329.22,0.3065
1401,249,35206,86.74,126.7,256.79,358.75,0.616
1402,249,20014,493.75,127.9,306.12,301.19,0.3789
1403,249,32310,492.13,131.89,325.42,300.22,0.2507
1404,249,16688,562.9,575.76,325.94,522.91,0.203
1405,250,3351,373.51,843.64,193.65,201.9,0.9464
1406,250,18357,540.96,226.68,244.64,354.79,0.477
1407,250,38162,547.45,229.87,243.94,356.58,0.2433
1408,250,32310,537.55,215.03,248.36,348.21,0.2391
1409,251,3351,364.36,179.42,185.28,186.48,0.9695
1410,251,18357,131.72,576.4,257.17,393.0,0.6323
1411,251,19232,132.56,590.91,252.64,383.76,0.2835
1412,251,16262,587.33,787.6,236.43,245.94,0.234
1413,252,3351,407.38,235.06,186.34,190.49,0.9945
1414,252,18357,178.57,680.42,257.47,373.99,0.5346
1415,252,19232,174.96,697.32,246.83,371.75,0.2698
1416,252,32310,173.74,671.36,259.79,386.0,0.2081
1417,253,3351,444.58,851.05,190.43,191.19,0.979
1418,253,20014,450.21,251.63,432.45,289.84,0.2023
1419,256,35206,101.51,90.69,250.41,452.78,0.8744
1420,256,16262,532.9,169.61,260.72,259.7,0.2486
1421,259,3351,386.77,891.09,183.0,192.38,0.9794
1422,259,41768,107.44,282.55,265.38,285.57,0.569
1423,259,16262,610.97,277.6,217.75,217.88,0.2187
1424,262,3483,544.54,809.4,304.47,181.09,0.7433
1425,262,16548,595.31,158.54,227.48,226.52,0.2612
1426,264,3483,118.65,290.16,307.91,167.67,0.8253
1427,264,22347,677.22,257.13,218.18,193.19,0.5255
1428,264,3351,681.87,252.07,211.64,203.02,0.514
1429,264,16548,121.25,856.09,231.37,231.37,0.2959
1430,265,3483,116.47,289.97,312.65,163.5,0.8357
1431,265,22347,675.64,255.76,224.43,193.4,0.5385
1432,265,3351,680.61,252.11,210.41,204.84,0.512
1433,265,25367,594.64,637.59,381.36,505.03,0.3366
1434,266,3483,576.85,838.32,306.94,178.95,0.7923
1435,266,25367,2.12,75.21,412.84,524.24,0.3269
1436,266,16232,651.12,228.52,190.32,181.1,0.2809
1437,266,22347,84.33,850.71,226.36,209.58,0.2791
1438,27,35206,603.78,91.42,203.14,435.22,0.6214
1439,27,35206,585.04,721.96,257.61,507.21,0.3559
1440,27,3483,131.85,817.05,263.16,276.84,0.2587
1441,271,35206,622.92,180.05,221.8,374.44,0.9035
1442,271,20877,87.84,729.36,331.26,240.48,0.5925
1443,271,3483,614.88,705.22,211.35,291.99,0.3933
1444,271,22347,96.77,184.16,211.29,195.62,0.2406
1445,273,35206,99.38,669.68,226.09,406.58,0.8927
1446,273,20877,539.48,293.7,342.24,219.97,0.8126
1447,273,3483,144.82,287.84,205.21,266.47,0.5091
1448,273,22347,660.17,870.23,223.43,215.32,0.271
1449,274,3351,420.57,887.45,185.47,194.95,0.9681
1450,274,20014,573.7,251.65,353.55,315.85,0.3315
1451,274,13900,204.09,316.54,156.71,242.1,0.2642
1452,275,3351,323.78,146.06,180.82,185.33,0.9927
1453,275,20014,2.16,643.36,348.45,337.69,0.4213
1454,275,13900,578.39,660.64,153.98,243.9,0.2787
1455,275,22074,573.52,681.41,166.43,210.02,0.2668
1456,277,3483,596.67,870.71,255.81,225.36,0.3668
1457,277,25367,77.05,76.97,403.67,440.94,0.2566
1458,277,3483,603.73,203.65,289.21,159.83,0.2402
1459,277,3483,122.48,868.24,228.24,168.63,0.2225
1460,278,3483,149.36,220.29,243.87,219.59,0.5798
1461,278,3483,72.53,897.93,322.46,176.86,0.3446
1462,278,25367,537.72,720.94,410.5,417.89,0.313
1463,278,29667,85.89,897.54,290.82,172.05,0.2088
1464,28,35206,607.13,135.68,218.0,409.61,0.9475
1465,28,3483,555.81,819.39,282.3,214.65,0.8861
1466,28,25367,4.59,59.47,429.92,482.65,0.4389
1467,28,16232,173.45,815.44,180.57,203.03,0.3704
1468,280,3351,410.03,866.03,188.61,192.55,0.9682
1469,286,3483,526.47,791.33,277.86,211.76,0.9089
1470,286,30308,12.26,101.96,400.98,439.57,0.2428
1471,286,16262,567.66,189.33,247.33,224.76,0.2296
1472,286,16232,137.25,780.02,185.16,206.48,0.2269
1473,287,3483,173.22,279.06,272.78,205.21,0.8422
1474,287,16262,134.94,835.01,253.85,241.18,0.3477
1475,287,3351,647.24,284.01,174.61,197.02,0.3225
1476,287,22074,631.44,284.83,177.33,199.39,0.2498
1477,288,3483,565.56,821.4,257.07,213.25,0.7062
1478,288,16232,172.48,815.15,181.91,211.09,0.357
1479,288,16262,597.4,192.38,246.18,229.25,0.3265
1480,288,30308,30.52,118.69,421.07,430.67,0.301
1481,289,35206,592.34,95.99,257.32,422.62,0.4634
1482,289,35206,597.55,757.47,251.11,404.48,0.4461
1483,289,38162,141.4,838.51,271.11,269.59,0.2602
1484,289,16262,134.9,844.27,266.94,260.19,0.2483
1485,29,35206,575.12,120.95,223.08,400.26,0.9543
1486,29,3483,526.58,778.87,278.97,221.46,0.9449
1487,29,25367,0.0,64.57,387.77,443.5,0.4651
1488,29,20014,22.55,27.35,367.99,501.38,0.2482
1489,291,35206,96.85,106.15,251.74,371.26,0.5558
1490,291,35206,73.13,657.1,256.52,462.91,0.3293
1491,291,16262,523.81,165.09,265.06,265.91,0.2338
1492,291,3832,583.73,608.71,270.67,565.78,0.2301
1493,292,35206,106.05,95.81,244.99,448.12,0.8259
1494,292,16262,537.02,174.29,257.89,257.61,0.2571
1495,292,35206,66.87,660.37,215.82,480.88,0.2124
1496,295,3351,412.46,861.57,187.87,184.42,0.9694
1497,295,16232,647.34,292.81,190.98,193.05,0.2428
1498,295,20014,125.7,183.06,346.31,321.97,0.2321
1499,298,35206,560.17,172.76,264.3,397.18,0.3952
1500,298,16548,158.58,778.62,248.8,237.68,0.3052
1501,298,16262,165.02,774.69,244.38,225.4,0.2593
1502,298,3351,155.91,230.36,206.11,195.89,0.2448
1503,299,16548,553.48,246.2,243.18,227.83,0.4514
1504,299,3832,134.74,636.99,268.84,474.24,0.2972
1505,299,22074,607.87,839.04,213.18,210.27,0.2035
1506,3,36637,141.17,687.51,183.86,311.31,0.4271
1507,3,3832,570.15,614.41,267.47,527.04,0.2874
1508,3,35206,557.52,627.95,282.88,486.49,0.2698
1509,3,1900,134.17,231.01,201.88,138.14,0.2525
1510,302,3351,299.2,157.29,200.39,197.71,0.9988
1511,302,19232,89.79,622.44,284.12,334.94,0.5121
1512,302,20014,97.38,629.27,279.34,335.25,0.4445
1513,302,32310,87.03,619.32,305.44,353.34,0.2817
1514,304,35206,587.28,712.88,239.51,425.97,0.724
1515,304,35206,616.13,89.17,205.76,427.36,0.648
1516,304,20014,141.63,807.99,307.92,330.03,0.2552
1517,308,3351,287.63,197.9,183.56,199.5,0.9988
1518,308,41768,557.83,596.28,278.97,286.33,0.8012
1519,308,36637,115.52,703.44,197.31,270.4,0.4162
1520,308,38162,114.53,703.3,192.41,268.39,0.2819
1521,31,18357,196.93,719.93,210.56,361.01,0.3622
1522,31,35206,588.54,25.26,306.25,500.66,0.3402
1523,31,35206,197.44,713.09,204.67,366.74,0.2822
1524,31,16232,650.6,857.08,192.9,179.14,0.2426
1525,310,3832,111.89,139.63,310.93,439.88,0.3028
1526,310,35206,101.0,151.85,331.54,418.64,0.2141
1527,313,20877,36.09,751.07,326.64,239.24,0.6166
1528,313,25367,8.56,33.54,441.46,388.44,0.4994
1529,313,3483,619.03,717.84,204.64,276.06,0.324
1530,313,16548,594.61,175.93,224.51,228.91,0.2844
1531,315,20877,581.2,266.86,336.59,231.71,0.531
1532,315,3483,151.32,285.98,213.28,262.42,0.5112
1533,315,25367,516.6,787.9,457.91,423.39,0.4407
1534,315,30308,516.6,787.9,457.91,423.39,0.2536
1535,316,16548,160.83,788.3,242.81,232.3,0.3918
1536,316,16548,624.5,203.51,229.36,212.71,0.2626
1537,316,20877,561.64,803.3,365.01,239.36,0.2531
1538,316,16232,116.17,244.78,219.37,184.79,0.2264
1539,317,20877,82.68,258.3,364.8,229.36,0.4242
1540,317,16548,588.91,281.61,242.85,216.97,0.348
1541,317,16548,124.41,847.7,236.3,225.39,0.2247
1542,317,29667,592.34,280.75,243.47,217.04,0.224
1543,32,3832,107.07,714.01,300.89,516.45,0.3688
1544,32,38162,579.23,236.53,212.37,335.52,0.2776
1545,32,18357,589.58,218.51,209.16,334.72,0.2628
1546,32,35206,106.94,699.65,306.62,502.05,0.2492
1547,320,35206,622.51,179.54,221.81,375.69,0.9057
1548,320,20877,87.88,730.59,331.68,240.16,0.6056
1549,320,3483,614.73,705.3,211.65,290.57,0.4009
1550,320,28763,130.33,196.32,208.17,197.51,0.204
1551,323,3483,112.56,284.71,310.57,166.53,0.8579
1552,323,3351,678.59,249.14,212.43,202.11,0.4595
1553,323,22347,675.21,255.98,220.79,188.58,0.4422
1554,323,36637,156.91,805.41,197.93,241.79,0.2933
1555,324,3483,577.34,836.48,309.46,181.52,0.8047
1556,324,36637,639.9,208.34,191.28,240.54,0.3915
1557,324,22347,85.83,853.15,224.05,203.47,0.3254
1558,324,13900,634.68,204.95,195.46,266.1,0.2628
1559,325,3483,171.96,277.01,270.53,209.0,0.7717
1560,325,3351,645.92,284.14,175.23,195.33,0.3622
1561,325,16688,501.9,693.59,435.41,566.32,0.33
1562,325,16262,134.35,835.0,253.47,243.81,0.3141
1563,327,3483,562.37,816.41,271.87,217.76,0.6094
1564,327,16232,172.29,810.5,185.81,210.36,0.3484
1565,327,16262,598.1,191.47,246.85,229.97,0.3
1566,327,22074,164.85,811.1,175.92,200.28,0.2596
1567,328,3483,114.38,312.41,282.6,195.89,0.8674
1568,328,27733,558.84,260.96,295.12,245.49,0.3435
1569,328,16688,512.83,611.71,414.25,583.1,0.3221
1570,328,3483,94.46,883.04,269.19,179.1,0.2847
1571,332,3832,572.33,520.02,286.48,473.26,0.3559
1572,332,16232,85.37,822.79,182.85,180.18,0.2927
1573,332,18147,559.16,548.93,297.64,490.87,0.2243
1574,334,20877,83.51,733.5,336.0,237.45,0.5842
1575,334,3483,617.86,716.35,205.82,276.84,0.263
1576,334,16232,616.05,227.7,197.53,176.96,0.227
1577,334,16232,142.04,220.7,198.43,192.31,0.2047
1578,335,20877,537.38,293.68,345.92,213.74,0.8147
1579,335,3483,147.39,288.71,211.98,261.08,0.4609
1580,335,16232,136.59,854.77,193.59,192.08,0.2272
1581,335,22347,608.25,844.97,220.45,206.4,0.2118
1582,336,20877,110.77,776.06,339.41,208.2,0.7752
1583,336,3483,650.11,756.02,204.81,263.63,0.4416
1584,336,16232,654.83,234.13,190.98,172.25,0.2369
1585,336,3483,113.97,785.76,315.33,218.86,0.217
1586,337,3483,116.39,277.85,286.4,180.87,0.7797
1587,337,36637,133.05,833.26,184.99,269.74,0.3624
1588,337,20014,564.59,185.88,335.59,283.3,0.2529
1589,337,13900,131.48,825.41,187.96,271.6,0.223
1590,338,3483,567.45,808.96,284.66,193.72,0.7578
1591,338,36637,638.21,158.11,176.69,263.83,0.2815
1592,338,20014,36.71,793.85,345.1,289.18,0.2702
1593,338,21325,632.69,155.65,173.14,265.52,0.2147
1594,339,3483,594.23,840.88,286.81,196.18,0.7639
1595,339,36637,677.57,160.35,172.23,273.75,0.3777
1596,339,21325,676.3,153.42,170.65,281.26,0.3154
1597,339,20014,80.93,828.58,344.09,305.05,0.2307
1598,340,3483,527.57,789.53,276.31,214.31,0.8992
1599,340,25367,31.6,71.99,415.2,490.38,0.2516
1600,340,30308,31.6,71.99,415.2,490.38,0.2436
1601,340,16688,14.95,78.79,425.58,478.69,0.2198
1602,341,3483,561.44,818.5,273.5,213.59,0.7515
1603,341,16232,172.71,815.97,181.15,210.52,0.3478
1604,341,30308,51.29,88.33,419.38,503.27,0.2864
1605,341,25367,51.29,88.33,419.38,503.27,0.273
1606,344,3483,562.38,816.33,270.98,217.81,0.5944
1607,344,16232,174.48,810.74,184.56,205.0,0.3356
1608,344,16262,600.35,193.74,242.27,227.01,0.3201
1609,344,22347,149.78,188.82,218.86,205.7,0.3197
1610,345,3483,526.42,787.06,275.64,217.61,0.8291
1611,345,16548,569.73,189.04,241.32,228.91,0.2888
1612,345,16262,571.22,188.55,241.06,221.49,0.246
1613,345,3351,140.23,189.26,200.13,192.89,0.2431
1614,346,3483,561.94,818.4,276.12,209.79,0.7946
1615,346,16232,174.5,814.36,178.61,208.07,0.3497
1616,346,16232,648.97,244.92,181.93,191.11,0.2337
1617,347,3483,530.26,788.94,281.59,210.18,0.9089
1618,347,16232,614.94,237.17,179.15,175.88,0.2576
1619,347,3832,132.97,44.27,316.16,499.0,0.2157
1620,347,16232,139.1,778.43,186.45,207.63,0.2123
1621,349,35206,606.87,135.15,219.23,408.23,0.9444
1622,349,3483,556.88,819.01,282.16,214.38,0.8921
1623,349,25367,0.0,135.05,456.95,413.76,0.5535
1624,349,16232,173.9,816.31,180.11,205.78,0.3795
1625,352,35206,636.92,129.76,214.01,441.48,0.714
1626,352,35206,618.69,802.03,258.28,372.06,0.3931
1627,352,3832,618.69,802.03,258.28,372.06,0.23
1628,352,35206,131.88,164.39,304.54,477.4,0.2105
1629,355,35206,73.79,134.28,229.92,405.55,0.7338
1630,355,35206,56.99,679.21,247.82,503.18,0.4656
1631,355,27733,546.18,202.77,259.22,262.41,0.2967
1632,356,35206,631.93,39.47,232.95,472.91,0.6659
1633,356,35206,635.93,707.14,239.57,405.98,0.5509
1634,356,32310,101.63,804.64,271.06,276.1,0.2526
1635,356,27733,98.68,805.05,271.64,284.03,0.23
1636,359,3483,560.3,814.63,268.32,216.96,0.5936
1637,359,16232,171.82,807.18,186.46,214.92,0.3364
1638,359,16548,616.91,162.37,230.06,212.69,0.2669
1639,359,30308,74.94,28.91,377.36,557.0,0.265
1640,361,3351,429.21,881.96,184.75,188.56,0.9589
1641,361,35206,205.39,170.16,212.67,406.75,0.8852
1642,361,16262,643.44,281.08,243.73,241.71,0.2976
1643,361,38162,646.97,286.01,242.06,240.24,0.2161
1644,364,3351,407.74,855.77,182.32,178.55,0.9844
1645,364,18357,570.69,149.0,256.89,348.1,0.4484
1646,364,41768,88.35,230.34,366.45,344.91,0.2774
1647,372,3483,593.92,846.04,287.38,188.13,0.854
1648,372,25367,8.74,153.06,456.52,401.38,0.4948
1649,372,16262,568.45,192.68,248.4,230.7,0.2879
1650,372,16688,4.96,128.42,458.16,434.43,0.22
1651,374,3483,648.72,751.27,200.05,269.36,0.5469
1652,374,20877,75.82,810.83,320.31,233.06,0.537
1653,374,25367,95.05,39.81,403.71,460.97,0.4865
1654,374,16548,615.05,183.99,231.48,226.18,0.2567
1655,379,3351,465.37,858.92,186.76,176.08,0.9571
1656,379,25367,447.67,159.62,497.62,475.88,0.4224
1657,379,30308,437.72,154.39,533.01,496.87,0.2013
1658,38,35206,622.41,178.09,215.47,375.97,0.9006
1659,38,20877,93.36,725.16,326.1,247.08,0.6714
1660,38,3483,617.15,705.4,209.53,290.87,0.4276
1661,38,25367,109.83,40.41,382.8,510.6,0.2896
1662,380,3351,284.34,179.16,186.76,189.27,0.9907
1663,380,16688,0.0,518.19,521.21,566.57,0.4604
1664,380,25367,0.0,553.06,480.12,515.26,0.3471
1665,382,35206,595.08,115.32,289.48,414.87,0.6866
1666,382,25367,93.56,131.25,384.52,458.94,0.3857
1667,382,20014,81.75,802.04,316.59,330.71,0.3527
1668,382,35206,598.78,708.57,256.31,503.99,0.3044
1669,384,35206,595.68,700.41,248.77,498.54,0.5163
1670,384,25367,91.86,70.46,376.17,479.24,0.4432
1671,384,35206,593.48,63.36,314.53,470.84,0.4401
1672,384,20014,72.22,803.33,318.38,318.51,0.3511
1673,387,3483,119.12,287.26,301.09,175.16,0.7543
1674,387,3351,676.78,248.47,213.7,203.56,0.527
1675,387,22347,674.66,251.97,220.44,192.85,0.5001
1676,387,16688,491.0,658.36,454.92,550.94,0.2542
1677,389,20877,87.67,721.52,332.37,248.39,0.7119
1678,389,25367,22.18,130.8,452.47,410.59,0.5451
1679,389,3483,616.79,715.08,207.69,277.71,0.4332
1680,389,16688,18.07,123.63,451.35,428.26,0.4124
1681,390,20877,112.59,773.44,337.86,214.51,0.8447
1682,390,3483,651.73,755.57,205.65,264.28,0.5537
1683,390,25367,38.68,157.91,456.4,425.18,0.4845
1684,390,16688,19.56,165.53,484.72,420.06,0.3684
1685,392,3351,675.9,274.76,185.67,164.78,0.3699
1686,392,3832,114.76,708.33,300.44,514.5,0.3558
1687,392,22074,677.66,274.19,183.23,165.67,0.2128
1688,393,35206,549.41,34.81,291.56,481.02,0.4285
1689,393,16232,94.88,834.93,179.62,171.8,0.2788
1690,393,3832,557.38,36.54,282.95,495.87,0.2589
1691,393,18147,555.67,50.66,277.32,482.61,0.2252
1692,394,3483,117.48,282.3,282.86,181.72,0.6943
1693,394,25469,567.58,230.21,390.15,210.36,0.2688
1694,394,22347,606.33,857.33,215.53,208.97,0.2188
1695,394,16262,136.58,847.99,238.84,227.14,0.2175
1696,395,3483,593.55,842.65,287.33,195.12,0.7556
1697,395,16262,613.88,193.44,224.75,217.39,0.2032
1698,396,3483,566.88,808.96,282.88,194.57,0.7754
1699,396,22347,153.15,197.8,205.21,194.63,0.2355
1700,396,16548,591.31,196.22,218.04,215.55,0.2199
1701,4,3483,586.61,245.4,322.5,170.58,0.4135
1702,4,3832,144.52,626.63,284.1,516.75,0.4013
1703,4,35206,125.35,161.79,273.58,394.71,0.3853
1704,4,1900,682.38,809.83,133.42,201.6,0.2753
1705,40,3483,155.27,217.64,247.96,217.58,0.3734
1706,40,16688,625.06,628.7,334.68,538.77,0.2911
1707,40,16548,117.98,832.01,238.69,230.86,0.2395
1708,40,3832,639.62,600.77,318.18,599.61,0.2385
1709,400,20877,28.62,767.79,339.23,241.02,0.2962
1710,400,16548,595.24,132.61,233.09,210.41,0.2812
1711,400,20014,2.98,761.87,386.12,257.1,0.2509
1712,400,22074,612.83,769.86,205.95,202.18,0.2218
1713,401,20877,596.15,236.51,352.71,237.86,0.5747
1714,401,16548,107.16,893.44,257.59,234.82,0.2803
1715,401,20014,589.74,241.79,375.98,227.6,0.2794
1716,401,3351,147.61,289.69,212.21,199.95,0.24
1717,404,3351,351.01,140.17,193.67,188.54,0.9957
1718,404,3832,21.5,602.16,276.45,384.15,0.493
1719,404,18147,9.19,593.51,294.72,406.97,0.2729
1720,404,35206,15.14,560.55,293.85,428.45,0.2355
1721,409,16232,134.55,239.7,186.61,163.91,0.2516
1722,409,33880,0.0,733.37,472.2,305.96,0.2061
1723,41,16688,39.48,71.66,330.31,572.35,0.4349
1724,41,3483,587.59,861.38,254.9,244.32,0.3073
1725,41,16548,634.56,205.33,229.25,215.62,0.2019
1726,411,20877,103.04,235.29,351.73,233.12,0.3128
1727,411,25367,492.82,163.61,461.69,393.69,0.2876
1728,411,25469,492.37,206.84,467.68,294.2,0.2315
1729,411,25469,38.23,816.26,393.42,309.99,0.2254
1730,412,35206,628.91,91.7,222.87,418.81,0.7166
1731,412,35206,641.71,727.76,244.7,420.31,0.3278
1732,412,3832,129.6,195.01,285.98,505.31,0.2156
1733,413,35206,631.56,39.64,234.75,474.72,0.6605
1734,413,35206,636.31,705.49,240.14,409.84,0.5566
1735,413,32310,99.6,805.39,269.77,282.46,0.2596
1736,413,27733,99.6,805.39,269.77,282.46,0.2118
1737,414,35206,74.64,134.46,228.76,405.51,0.7433
1738,414,35206,53.6,690.11,250.16,468.79,0.4067
1739,414,27733,546.04,201.64,258.92,265.22,0.2792
1740,415,16688,94.86,81.73,322.68,562.28,0.3463
1741,415,3483,596.03,863.97,253.34,231.13,0.3239
1742,415,3832,91.52,77.74,331.92,580.05,0.2382
1743,415,16548,634.97,174.37,239.93,231.47,0.2348
1744,416,3483,570.41,830.38,265.68,238.07,0.4252
1745,416,16688,73.6,55.97,329.9,565.48,0.3221
1746,416,16548,609.31,159.14,236.05,238.4,0.2908
1747,416,3832,70.17,54.14,326.68,570.98,0.2015
1748,417,3483,147.74,222.63,244.32,220.11,0.3711
1749,417,16688,573.87,603.87,348.64,576.59,0.3106
1750,417,16262,99.84,852.56,245.37,235.98,0.3082
1751,417,16548,97.54,841.18,252.54,249.06,0.2157
1752,419,3483,106.12,319.93,297.69,187.81,0.9112
1753,419,27733,552.08,263.49,309.94,250.17,0.5444
1754,419,25367,556.83,733.9,419.17,418.28,0.4685
1755,419,30308,557.06,726.63,418.94,447.79,0.347
1756,42,3483,562.35,838.49,250.67,237.19,0.3964
1757,42,3832,35.4,58.92,324.73,562.4,0.2885
1758,42,16688,29.6,57.52,325.27,563.93,0.2773
1759,42,3483,81.65,814.2,228.45,171.28,0.2223
1760,420,3483,558.26,764.28,295.61,207.33,0.9003
1761,420,25367,0.0,77.96,421.6,421.78,0.4916
1762,420,27733,84.11,732.37,309.26,274.32,0.4656
1763,420,41768,79.3,726.26,337.52,285.07,0.2327
1764,422,3483,152.55,219.44,242.72,217.03,0.533
1765,422,3483,73.86,897.02,320.96,176.78,0.339
1766,422,29667,85.72,895.91,292.85,171.23,0.2068
1767,423,3483,569.77,832.8,264.81,236.89,0.3903
1768,423,3483,82.72,824.38,238.36,183.13,0.2459
1769,423,3483,580.59,197.28,278.24,166.09,0.2341
1770,423,3832,81.09,21.93,323.17,523.48,0.2295
1771,429,3483,582.13,803.01,303.69,190.13,0.9195
1772,429,25367,50.36,178.56,499.54,334.82,0.4351
1773,429,27733,125.63,781.69,313.08,269.83,0.3746
1774,429,41768,128.33,777.29,324.81,278.58,0.2608
1775,430,3832,78.78,591.68,382.88,393.95,0.2858
1776,430,30308,73.25,623.61,396.52,393.48,0.2452
1777,430,3351,615.31,785.59,160.01,228.92,0.2353
1778,430,33880,66.64,597.65,407.14,409.73,0.2169
1779,431,3351,636.31,834.58,157.77,206.55,0.254
1780,431,33880,96.66,672.5,409.7,387.56,0.2257
1781,431,16232,636.31,834.58,157.77,206.55,0.2212
1782,431,22074,643.65,830.36,152.21,212.72,0.2202
1783,432,3351,198.9,271.83,152.87,187.5,0.7699
1784,432,25367,496.89,223.15,397.79,431.92,0.2344
1785,432,3483,582.1,862.36,215.25,203.21,0.2253
1786,433,3483,558.07,761.16,296.53,207.02,0.9058
1787,433,27733,86.41,728.02,303.62,276.82,0.5217
1788,433,41768,80.12,721.63,336.62,289.21,0.2409
1789,433,16688,79.26,79.68,385.15,461.23,0.2263
1790,434,3483,110.54,319.64,291.35,189.17,0.9263
1791,434,27733,553.59,273.14,305.91,243.01,0.4913
1792,434,16232,143.56,890.9,195.27,191.7,0.2314
1793,434,25367,541.8,674.06,360.99,464.76,0.2154
1794,435,3483,583.03,799.53,297.8,194.76,0.889
1795,435,27733,116.7,776.72,318.28,273.07,0.4536
1796,435,41768,121.54,766.54,330.1,283.35,0.2521
1797,435,25367,91.12,90.42,386.87,474.84,0.2433
1798,436,3483,594.35,841.85,286.19,195.07,0.7879
1799,436,25367,18.65,144.94,461.9,473.01,0.3488
1800,436,16688,11.19,135.13,468.66,488.21,0.3415
1801,436,20877,61.87,846.1,345.96,236.66,0.2122
1802,44,3351,366.36,150.81,192.7,192.45,0.9961
1803,44,13900,574.89,661.15,174.58,271.1,0.3638
1804,44,36637,582.92,671.57,174.61,263.69,0.3494
1805,44,16262,91.13,716.19,236.85,237.82,0.3281
1806,443,35206,76.63,110.62,226.8,398.81,0.8601
1807,443,35206,78.3,681.86,252.99,444.21,0.2562
1808,443,16262,555.59,183.67,255.43,252.9,0.2515
1809,444,35206,592.27,105.29,260.93,431.67,0.7468
1810,444,35206,648.6,725.01,222.14,414.54,0.6093
1811,444,38162,117.07,836.1,265.88,275.18,0.2148
1812,449,3483,579.01,835.77,304.16,181.72,0.7779
1813,449,16688,38.55,124.43,391.22,483.5,0.3188
1814,449,16262,619.26,179.31,241.21,229.9,0.2854
1815,449,22347,83.28,854.9,215.43,204.81,0.2761
1816,452,3832,153.93,628.29,296.04,494.79,0.4913
1817,452,36637,183.31,232.88,194.93,274.13,0.3149
1818,452,3483,638.3,839.83,195.42,200.05,0.2827
1819,452,13900,182.4,237.48,191.83,257.65,0.2079
1820,454,35206,115.95,83.57,245.05,462.0,0.8452
1821,454,35206,102.41,699.33,230.27,482.78,0.321
1822,454,3832,121.34,94.58,245.85,476.11,0.2273
1823,454,27733,561.17,199.82,271.33,265.76,0.2235
1824,455,35206,568.18,683.0,251.76,484.37,0.7423
1825,455,35206,607.26,30.18,217.66,472.93,0.6069
1826,455,3832,580.77,655.84,251.44,498.11,0.2911
1827,455,3832,154.57,82.65,288.25,529.1,0.2571
1828,456,35206,601.33,86.16,212.78,418.64,0.6544
1829,456,35206,581.02,722.56,247.63,432.68,0.3521
1830,456,3832,583.86,649.51,262.88,525.21,0.2187
1831,457,35206,631.72,71.27,227.98,433.33,0.6867
1832,457,35206,620.11,696.73,247.07,465.72,0.6803
1833,457,19232,134.93,839.24,279.4,276.88,0.2473
1834,457,27733,134.95,841.38,273.86,275.87,0.2276
1835,458,35206,623.55,108.86,228.61,430.58,0.7939
1836,458,35206,630.64,732.42,241.67,421.47,0.3578
1837,459,35206,76.15,103.86,232.76,445.66,0.7351
1838,459,35206,77.24,662.95,221.43,469.84,0.3602
1839,459,27733,518.84,163.64,269.32,265.11,0.2596
1840,459,41768,529.62,165.45,258.81,268.01,0.219
1841,46,35206,587.1,75.82,252.15,442.46,0.6299
1842,46,35206,599.33,721.54,235.29,424.25,0.5972
1843,46,20014,125.79,778.91,314.62,326.35,0.3823
1844,46,32310,118.06,779.92,339.57,328.1,0.2242
1845,460,35206,86.04,124.76,258.07,364.79,0.6469
1846,460,20014,493.18,128.51,306.54,297.96,0.3526
1847,460,32310,490.87,132.14,320.85,303.16,0.241
1848,460,3832,83.51,123.73,254.45,384.43,0.2009
1849,462,35206,630.15,107.49,204.54,444.66,0.5168
1850,462,35206,612.35,755.55,262.17,363.26,0.3797
1851,462,20014,140.11,826.93,296.89,328.55,0.2923
1852,462,3832,612.35,755.55,262.17,363.26,0.2055
1853,463,3483,116.3,287.73,303.44,171.43,0.6861
1854,463,3351,675.54,249.23,214.64,201.96,0.4746
1855,463,22347,672.15,254.31,222.61,189.17,0.463
1856,463,22347,623.74,870.2,224.02,212.19,0.2697
1857,464,3483,550.65,805.08,298.23,185.09,0.672
1858,464,16548,595.01,175.52,216.43,214.96,0.2424
1859,464,28763,135.82,183.23,203.43,201.41,0.2243
1860,465,3483,581.91,831.96,301.08,187.98,0.6666
1861,465,22347,86.39,852.72,225.2,205.82,0.3355
1862,465,16548,612.25,173.47,230.64,220.0,0.2976
1863,465,22347,150.89,186.13,216.83,206.73,0.2681
1864,468,35206,602.97,117.73,204.04,460.1,0.6339
1865,468,35206,608.73,771.84,263.19,387.14,0.4259
1866,469,35206,593.03,125.57,251.74,382.02,0.9248
1867,469,3483,591.87,792.8,290.55,202.95,0.9002
1868,469,27733,115.41,778.04,324.34,269.17,0.3483
1869,469,41768,122.26,771.24,334.31,277.1,0.2702
1870,47,35206,109.11,124.15,238.77,412.63,0.7597
1871,47,20014,498.62,167.9,302.32,289.81,0.4298
1872,47,32310,497.97,163.44,319.73,308.11,0.3088
1873,47,27733,498.62,167.9,302.32,289.81,0.2092
1874,472,3351,611.73,855.34,229.25,129.54,0.4406
1875,472,18357,188.91,706.59,205.2,354.08,0.4142
1876,472,16548,615.03,141.06,251.55,221.15,0.3556
1877,472,16232,144.14,188.86,211.02,199.71,0.2052
1878,474,3351,147.88,311.26,222.49,148.8,0.4137
1879,474,18357,599.16,222.41,201.99,330.02,0.3076
1880,474,16262,111.25,887.77,254.53,227.48,0.297
1881,474,29667,123.5,890.63,232.1,215.11,0.2266
1882,475,35206,602.21,94.47,203.76,431.39,0.6595
1883,475,35206,587.55,723.38,256.85,506.63,0.3254
1884,475,3483,131.83,817.83,265.2,278.41,0.2976
1885,477,35206,598.93,68.2,223.45,428.46,0.6505
1886,477,35206,580.55,716.61,254.47,506.42,0.5319
1887,477,3832,591.81,718.99,245.53,535.36,0.2774
1888,477,3483,121.5,805.21,264.86,264.1,0.2715
1889,479,3483,526.82,787.06,282.75,212.96,0.9054
1890,479,36637,627.46,168.25,186.39,254.78,0.2749
1891,479,30308,74.89,71.39,381.69,490.73,0.2698
1892,479,25367,57.72,65.8,393.15,491.42,0.2494
1893,481,35206,624.65,108.95,227.33,432.68,0.789
1894,481,35206,631.02,733.41,241.27,420.76,0.3543
1895,482,35206,76.2,102.18,232.99,447.65,0.7245
1896,482,35206,77.86,660.69,222.6,474.66,0.3312
1897,482,27733,515.84,160.69,273.98,265.36,0.3154
1898,484,3351,416.12,890.46,191.67,201.47,0.9916
1899,484,19232,16.69,319.45,303.83,326.63,0.4624
1900,484,16688,478.79,107.69,442.2,551.28,0.3757
1901,484,25367,480.5,81.93,417.2,574.06,0.3094
1902,485,3351,309.62,147.9,198.28,186.26,0.9985
1903,485,16688,34.74,495.74,415.48,616.56,0.6647
1904,485,20014,616.54,524.85,308.96,354.17,0.3488
1905,485,19232,619.75,524.69,299.56,349.47,0.3174
1906,486,3351,363.51,201.02,196.17,191.75,0.9981
1907,486,16688,67.37,583.22,438.34,646.2,0.6624
1908,486,20014,656.67,624.54,303.1,362.1,0.3765
1909,486,19232,663.45,628.12,287.46,345.86,0.2513
1910,487,3483,588.97,793.64,291.19,202.36,0.8242
1911,487,27733,120.66,775.75,313.13,270.65,0.3413
1912,487,16688,74.53,28.12,425.59,489.72,0.325
1913,487,41768,121.43,770.48,324.15,275.8,0.2512
1914,493,3351,675.41,273.72,186.42,165.58,0.3878
1915,493,3351,676.93,906.35,169.99,149.15,0.3703
1916,493,16262,113.86,888.07,255.89,233.56,0.2866
1917,493,1900,680.12,903.77,175.13,153.9,0.2677
1918,494,1900,138.26,211.17,154.41,147.05,0.3046
1919,494,16232,95.11,834.45,178.51,171.94,0.279
1920,494,3351,130.3,216.93,156.63,136.51,0.2736
1921,494,16548,588.17,134.72,235.41,223.74,0.2431
1922,496,3351,395.95,866.01,187.38,199.7,0.9776
1923,496,13900,166.12,290.17,191.58,255.05,0.2449
1924,496,36637,159.61,281.43,190.62,260.69,0.2159
1925,497,3351,352.54,160.19,181.32,178.52,0.9899
1926,497,36637,595.8,660.58,191.63,253.86,0.3257
1927,497,13900,590.98,671.32,191.12,257.95,0.2915
1928,499,3483,117.78,282.44,286.65,180.99,0.8083
1929,499,25367,547.05,719.54,425.53,444.55,0.3834
1930,499,30308,539.18,720.55,423.23,470.57,0.3161
1931,499,16262,164.13,839.54,258.75,237.63,0.281
1932,5,3483,82.53,889.38,317.36,172.78,0.4214
1933,5,1900,177.43,270.34,133.22,193.12,0.3965
1934,5,3832,575.49,96.09,283.07,481.71,0.344
1935,5,35206,562.31,114.74,297.03,446.52,0.2863
1936,500,3483,566.57,809.98,282.59,192.95,0.8458
1937,500,25367,29.25,62.91,411.06,447.75,0.388
1938,500,16262,541.06,185.8,241.79,232.26,0.2489
1939,500,30308,29.25,62.91,411.06,447.75,0.2157
1940,501,3483,594.35,844.88,286.52,189.27,0.8416
1941,501,25367,51.61,64.73,412.59,468.73,0.4241
1942,501,16262,569.63,192.59,246.79,227.85,0.2809
1943,501,30308,51.61,64.73,412.59,468.73,0.2795
1944,502,3483,117.33,283.16,284.14,181.5,0.7736
1945,502,20877,589.58,206.22,339.1,241.46,0.2942
1946,502,25367,563.04,720.68,405.42,410.26,0.283
1947,502,30308,552.01,728.62,399.78,427.77,0.2812
1948,503,3483,565.3,809.67,283.86,193.45,0.8103
1949,503,30308,23.15,100.99,403.48,408.82,0.2307
1950,503,25367,33.44,100.85,384.51,400.14,0.2267
1951,506,3351,351.73,137.94,183.86,186.1,0.9938
1952,506,38162,529.87,626.37,186.39,303.31,0.5578
1953,507,3351,394.47,189.36,185.9,193.32,0.9937
1954,507,38162,582.35,728.03,189.18,294.99,0.4807
1955,507,36637,585.96,729.99,190.77,287.29,0.2013
1956,508,3351,418.56,866.25,190.35,189.99,0.9371
1957,509,3351,324.09,161.75,186.64,188.52,0.989
1958,509,16232,597.12,774.01,180.72,196.38,0.3055
1959,509,22074,585.13,778.68,191.35,184.13,0.2889
1960,509,3832,48.2,616.46,329.99,374.49,0.269
1961,511,3483,152.2,219.46,244.52,216.9,0.493
1962,511,3483,74.05,896.24,320.85,177.47,0.3402
1963,511,30308,597.83,748.82,378.17,497.79,0.3334
1964,511,20014,596.67,721.28,363.51,499.51,0.2391
1965,515,35206,605.05,135.22,221.85,408.41,0.956
1966,515,3483,556.76,818.96,285.23,211.34,0.9212
1967,515,25367,69.38,189.28,471.93,369.09,0.4754
1968,515,16232,173.12,817.03,182.26,205.19,0.3916
1969,516,3483,164.02,284.97,280.78,204.57,0.9675
1970,516,35206,140.66,711.06,235.79,410.23,0.9231
1971,516,25367,481.72,700.04,434.23,376.69,0.3252
1972,516,3351,643.65,281.43,174.37,201.26,0.3217
1973,517,3483,576.91,835.6,307.89,183.45,0.8079
1974,517,36637,640.13,207.78,191.48,242.44,0.3466
1975,517,22347,85.78,850.38,223.73,207.31,0.3321
1976,517,16688,9.14,10.6,377.77,546.87,0.3317
1977,518,3483,550.16,802.43,301.73,191.38,0.7266
1978,518,36637,610.09,195.68,191.89,249.53,0.2577
1979,518,16688,6.63,0.0,355.39,535.38,0.2412
1980,518,13900,606.8,201.77,187.77,247.91,0.203
1981,519,3483,116.44,285.04,304.89,168.83,0.8356
1982,519,22347,675.15,253.97,219.03,193.39,0.4894
1983,519,3351,680.07,250.89,212.32,202.12,0.4255
1984,519,16688,605.73,685.1,370.27,571.03,0.3114
1985,520,3483,175.5,278.47,269.55,209.53,0.6973
1986,520,3351,645.04,286.26,175.11,196.93,0.3495
1987,520,22074,634.86,286.73,177.29,200.71,0.2629
1988,520,16262,122.77,882.98,237.88,222.01,0.2423
1989,521,3483,525.01,779.08,275.0,223.91,0.7489
1990,521,16548,586.07,159.66,234.58,206.46,0.2516
1991,521,16232,141.65,774.45,182.31,197.27,0.2218
1992,521,22074,141.65,774.45,182.31,197.27,0.2061
1993,522,3483,561.39,817.69,268.29,214.13,0.5621
1994,522,16232,173.31,805.06,187.63,209.55,0.3219
1995,522,16548,613.54,164.93,234.25,208.32,0.3034
1996,522,22074,163.49,812.69,177.32,195.74,0.2686
1997,525,3483,111.95,314.53,286.33,192.06,0.8311
1998,525,27733,553.66,265.47,310.37,245.44,0.4584
1999,525,16232,143.13,892.31,194.56,186.81,0.2555
2000,525,3351,641.19,871.37,214.14,206.12,0.215
2001,526,3483,148.01,223.26,245.06,219.51,0.5691
2002,526,16262,101.46,852.21,246.39,236.04,0.3302
2003,526,35206,554.85,687.42,314.02,467.64,0.2427
2004,526,3832,568.71,707.92,301.2,507.68,0.2398
2005,527,3483,597.34,871.62,255.19,225.97,0.474
2006,527,3832,148.25,64.54,299.45,480.34,0.3436
2007,527,3483,122.85,871.97,227.91,167.8,0.2825
2008,527,16262,633.1,173.29,247.7,237.81,0.2297
2009,528,3483,569.82,833.89,267.27,234.78,0.5307
2010,528,3832,125.87,52.99,290.88,477.46,0.2656
2011,528,16548,608.25,161.29,235.46,238.82,0.2627
2012,528,35206,127.07,79.64,277.31,382.81,0.2315
2013,529,3483,594.46,841.74,284.79,196.21,0.7343
2014,529,16262,616.14,193.32,224.73,218.71,0.2051
2015,53,35206,652.53,112.52,210.52,431.05,0.6959
2016,53,35206,578.58,699.53,273.69,498.5,0.267
2017,53,38162,124.39,850.57,269.96,276.63,0.2036
2018,53,16688,122.17,115.06,349.69,505.28,0.2012
2019,530,3483,118.89,280.91,281.03,183.39,0.6404
2020,530,25469,568.5,230.64,390.05,209.98,0.2815
2021,530,16262,135.8,847.9,239.79,228.19,0.2175
2022,530,16548,138.28,843.42,230.22,226.04,0.2115
2023,531,3483,568.49,806.66,280.08,196.92,0.736
2024,531,16548,591.82,194.57,218.65,216.8,0.2148
2025,532,35206,596.5,113.72,288.46,415.11,0.7225
2026,532,20014,79.5,803.79,320.78,330.31,0.3784
2027,532,35206,597.64,708.04,257.84,504.12,0.3122
2028,532,25367,119.92,124.62,383.96,419.78,0.2756
2029,533,35206,595.68,700.43,248.8,497.57,0.5249
2030,533,35206,601.48,67.76,291.88,422.57,0.4676
2031,533,20014,70.18,803.55,322.34,318.46,0.3594
2032,533,25367,114.98,72.82,386.15,437.83,0.3592
2033,534,35206,88.47,83.98,262.81,455.81,0.8118
2034,534,20014,532.89,145.7,322.51,304.24,0.3991
2035,534,32310,537.95,149.8,320.12,311.51,0.3217
2036,534,25367,450.31,692.86,391.57,450.87,0.2628
2037,535,3483,593.74,840.23,287.2,196.37,0.8053
2038,535,36637,675.7,161.75,173.79,274.22,0.3476
2039,535,16688,70.47,140.2,415.1,509.69,0.3202
2040,535,21325,676.45,155.31,167.88,278.55,0.3162
2041,536,3483,566.08,807.26,290.58,200.23,0.7648
2042,536,16688,51.8,112.73,395.61,509.52,0.3372
2043,536,36637,632.8,155.96,173.73,268.85,0.2493
2044,536,20014,42.16,786.42,334.07,294.72,0.2397
2045,537,3483,119.56,277.73,282.86,184.22,0.7895
2046,537,36637,132.86,833.21,187.1,272.1,0.3175
2047,537,20014,571.0,193.43,323.33,277.22,0.264
2048,537,25367,522.8,586.39,415.79,551.78,0.2194
2049,539,3351,310.36,130.02,192.76,184.81,0.9911
2050,539,20014,12.39,663.06,344.63,338.62,0.46
2051,539,38162,584.99,711.47,191.05,301.73,0.4219
2052,54,35206,105.95,97.93,244.01,445.66,0.8336
2053,54,16262,536.1,169.59,258.47,257.94,0.2657
2054,54,35206,64.93,665.57,222.11,463.81,0.2452
2055,540,3351,361.58,182.76,187.09,187.17,0.9899
2056,540,20014,61.14,753.11,329.46,332.53,0.5042
2057,540,38162,636.01,808.77,190.86,287.77,0.4519
2058,540,32310,58.42,753.81,340.91,335.62,0.2167
2059,541,3483,150.68,221.46,240.94,218.8,0.3222
2060,541,16688,589.89,637.39,350.05,571.2,0.3054
2061,541,16232,142.77,903.54,190.34,180.79,0.2209
2062,542,3483,571.48,829.45,263.56,238.64,0.3311
2063,542,16688,65.6,25.45,323.87,549.98,0.243
2064,542,22074,616.82,170.02,179.34,178.89,0.2225
2065,542,16232,614.57,169.6,184.19,172.89,0.2138
2066,543,16688,77.12,45.66,332.11,569.95,0.3456
2067,543,3483,595.36,864.22,253.7,230.59,0.2546
2068,543,16232,653.23,173.04,188.1,179.32,0.2398
2069,543,3832,68.79,40.22,340.99,579.94,0.2055
2070,545,3483,177.02,278.39,269.69,209.09,0.7073
2071,545,3351,645.81,287.14,175.34,195.03,0.3077
2072,545,22074,637.55,287.26,176.43,199.45,0.2593
2073,545,22347,658.37,855.4,224.45,214.56,0.2454
2074,546,3483,522.76,779.59,277.28,222.98,0.7791
2075,546,16548,586.11,160.23,234.17,206.6,0.243
2076,546,22347,100.43,197.51,212.67,197.09,0.2164
2077,546,16232,140.01,775.62,183.73,196.01,0.2138
2078,547,20877,108.91,776.95,339.24,208.09,0.8001
2079,547,3483,651.61,759.43,204.92,264.91,0.5366
2080,547,36637,635.13,220.41,176.35,242.94,0.5051
2081,548,20877,536.67,294.07,346.53,215.37,0.7893
2082,548,3483,148.1,288.53,211.38,260.41,0.5959
2083,548,36637,174.35,798.35,197.32,248.47,0.3264
2084,548,13900,169.83,796.88,185.83,261.01,0.2407
2085,55,3351,420.8,849.33,187.11,193.36,0.9557
2086,55,25367,429.57,170.23,510.19,462.41,0.5427
2087,55,20014,47.03,278.53,346.41,324.86,0.4241
2088,551,3483,113.85,291.83,311.3,167.85,0.8706
2089,551,22347,673.25,253.37,225.23,194.9,0.5475
2090,551,3351,676.0,247.73,211.99,207.61,0.529
2091,551,30308,544.83,673.17,403.48,436.49,0.2527
2092,552,3483,581.87,839.34,303.65,176.98,0.8209
2093,552,22347,84.95,848.52,228.21,210.92,0.2871
2094,552,16548,613.03,174.17,227.03,222.83,0.2669
2095,552,28763,98.58,847.92,211.41,190.42,0.2367
2096,553,3483,567.39,807.2,281.21,195.08,0.7994
2097,553,25367,10.36,80.77,418.26,462.08,0.3044
2098,553,30308,10.36,80.77,418.26,462.08,0.2453
2099,553,16688,7.25,38.2,443.31,481.06,0.2209
2100,555,3483,593.95,846.18,288.45,188.64,0.838
2101,555,25367,16.75,84.59,438.89,456.24,0.4113
2102,555,30308,16.75,84.59,438.89,456.24,0.2746
2103,555,16688,7.56,70.62,445.59,460.77,0.2598
2104,56,3351,316.74,192.05,192.94,186.42,0.9789
2105,56,20014,536.93,622.21,360.69,337.87,0.6688
2106,56,16688,0.0,559.22,506.41,512.84,0.4224
2107,56,25367,0.0,559.22,506.41,512.84,0.331
2108,560,35206,577.15,98.41,288.34,362.84,0.6642
2109,560,3483,595.22,866.15,255.54,228.69,0.5236
2110,560,3483,123.44,873.97,225.05,165.91,0.3504
2111,560,35206,103.63,66.56,302.0,477.42,0.2958
2112,564,3832,588.76,93.01,297.63,488.06,0.2692
2113,564,35206,586.94,99.13,315.86,463.33,0.2616
2114,564,3351,153.55,797.22,202.81,186.65,0.2396
2115,564,22074,155.04,803.99,194.25,186.01,0.2014
2116,565,35206,625.89,87.42,226.11,428.15,0.7026
2117,565,25367,37.71,167.83,397.47,422.35,0.4465
2118,565,35206,641.53,729.99,245.36,417.53,0.3236
2119,565,16688,16.12,145.06,409.84,478.53,0.2369
2120,569,35206,106.37,112.14,233.84,391.41,0.732
2121,569,20014,501.76,167.28,299.26,291.02,0.4356
2122,569,32310,497.86,162.49,320.35,309.49,0.3421
2123,569,19232,497.86,162.49,320.35,309.49,0.2004
2124,571,35206,537.74,47.08,309.97,454.86,0.3676
2125,571,36637,126.05,129.76,174.39,280.45,0.3654
2126,571,3832,546.7,51.45,295.98,468.34,0.2949
2127,571,16232,94.6,833.42,179.78,171.83,0.2903
2128,572,3351,678.48,276.76,185.22,163.78,0.4276
2129,572,3832,105.86,725.21,322.39,486.43,0.4071
2130,572,36637,676.35,816.55,177.04,314.69,0.31
2131,572,38162,680.81,810.27,176.5,304.18,0.3024
2132,573,36637,140.63,126.73,173.44,309.15,0.3427
2133,573,3832,574.97,60.99,301.42,477.0,0.3073
2134,573,35206,559.37,62.04,320.99,469.62,0.3001
2135,573,22074,117.69,865.11,181.7,163.71,0.2567
2136,574,35206,617.25,688.43,246.84,478.1,0.6677
2137,574,35206,664.55,88.32,212.8,444.82,0.461
2138,574,20014,118.95,823.16,315.38,317.79,0.3839
2139,574,32310,117.47,824.76,336.43,329.19,0.2872
2140,575,35206,79.26,105.3,231.58,445.74,0.715
2141,575,20014,496.63,129.84,303.87,302.36,0.3727
2142,575,32310,497.35,125.55,325.13,305.21,0.2556
2143,575,35206,54.55,610.45,228.93,541.05,0.2209
2144,576,35206,653.76,140.81,222.8,429.06,0.704
2145,576,35206,629.32,729.63,240.79,425.84,0.3762
2146,576,20014,133.95,824.94,301.39,330.96,0.2846
2147,577,1900,139.87,785.57,156.54,152.44,0.3567
2148,577,3832,552.49,75.95,328.06,428.63,0.2324
2149,577,35206,533.29,71.53,356.29,415.14,0.2217
2150,578,3832,67.47,709.65,362.72,429.34,0.3263
2151,578,3351,662.1,326.14,159.25,148.12,0.2625
2152,578,20877,105.81,230.43,338.98,235.64,0.2483
2153,578,1900,667.45,324.19,153.26,150.8,0.2248
2154,579,30308,575.96,94.42,362.45,430.33,0.2525
2155,579,1900,165.43,819.88,164.48,153.28,0.2231
2156,579,3832,560.02,95.9,368.91,427.21,0.2042
2157,58,35206,552.84,82.92,278.23,370.15,0.7828
2158,58,3483,570.56,830.53,265.44,236.27,0.5965
2159,58,30308,40.68,57.82,388.17,487.95,0.3226
2160,58,3483,84.61,825.54,238.4,183.75,0.2586
2161,581,36637,655.39,208.55,165.34,264.72,0.2833
2162,581,16548,92.36,898.09,260.65,244.44,0.2817
2163,581,16262,100.83,902.25,246.87,235.6,0.2766
2164,581,13900,649.18,194.12,172.72,286.62,0.2512
2165,583,35206,100.24,84.08,254.06,456.87,0.8813
2166,583,35206,63.93,680.97,259.74,452.52,0.4297
2167,583,27733,543.49,197.1,263.95,267.02,0.3353
2168,583,16688,484.99,617.93,313.53,507.57,0.2115
2169,584,35206,600.98,91.28,260.45,424.82,0.7864
2170,584,35206,582.21,697.66,273.01,499.66,0.3013
2171,586,3483,566.49,807.83,285.09,194.83,0.7532
2172,586,36637,636.94,158.88,177.64,261.88,0.2926
2173,586,20014,39.33,792.0,340.48,290.87,0.2905
2174,586,22347,144.13,198.96,201.66,190.95,0.2125
2175,587,3483,116.62,277.57,285.74,181.1,0.7675
2176,587,36637,133.44,833.5,184.84,269.6,0.349
2177,587,20014,563.43,185.85,335.37,285.25,0.2703
2178,587,22347,612.66,859.53,225.05,214.08,0.2433
2179,588,3483,586.92,844.72,298.67,190.83,0.7575
2180,588,36637,677.03,160.79,172.93,273.08,0.3702
2181,588,21325,676.26,153.8,169.56,281.29,0.3183
2182,588,22347,161.12,197.67,215.78,210.82,0.2433
2183,589,3483,596.58,867.32,253.51,229.53,0.3475
2184,589,3483,124.01,869.66,224.13,167.63,0.2936
2185,589,16688,36.24,106.87,325.49,478.42,0.2424
2186,589,3832,33.22,104.07,343.76,482.19,0.242
2187,591,3483,147.4,221.7,246.6,220.04,0.4351
2188,591,16262,101.15,852.72,246.1,235.26,0.3302
2189,591,3832,658.97,628.72,317.03,512.44,0.236
2190,591,3483,638.8,269.76,224.31,170.68,0.219
2191,592,3483,147.77,222.18,248.18,217.0,0.4405
2192,592,16548,115.8,838.19,239.82,230.29,0.2858
2193,592,3351,651.32,900.54,216.79,206.76,0.241
2194,593,3483,568.74,832.37,265.93,238.11,0.4192
2195,594,3483,594.62,864.98,253.91,232.51,0.3289
2196,594,16548,636.71,201.09,228.82,216.53,0.2231
2197,595,3351,402.99,865.7,181.66,185.4,0.9906
2198,595,18357,105.06,202.99,247.97,348.98,0.5388
2199,595,32310,105.57,212.77,256.62,342.83,0.3965
2200,595,16232,654.87,285.83,188.51,195.4,0.2468
2201,596,3351,349.49,160.31,182.02,186.72,0.9976
2202,596,18357,578.67,632.95,254.89,350.68,0.3707
2203,596,32310,575.32,604.31,264.77,364.78,0.3402
2204,596,16232,83.48,728.24,188.43,203.61,0.2304
2205,598,3351,404.17,874.35,183.5,177.41,0.991
2206,598,36637,176.27,331.04,180.52,242.89,0.485
2207,598,13900,164.65,328.22,189.22,278.64,0.3789
2208,598,21325,171.06,329.11,179.86,263.41,0.225
2209,60,3483,149.66,220.01,244.63,219.0,0.7529
2210,60,35206,109.58,773.77,290.37,372.75,0.3817
2211,60,3832,110.05,765.85,301.68,396.51,0.3651
2212,60,18147,109.16,768.75,299.94,390.57,0.3445
2213,600,3351,380.34,224.44,191.33,185.03,0.9982
2214,600,36637,625.96,712.5,180.33,268.8,0.4476
2215,600,21325,622.59,707.82,196.22,271.62,0.2625
2216,600,22074,626.56,736.04,177.56,231.74,0.2059
2217,601,3483,113.61,308.23,287.45,194.95,0.8976
2218,601,16262,153.61,813.73,255.52,234.27,0.3972
2219,601,25367,497.76,615.66,463.41,515.94,0.361
2220,601,27733,557.6,270.88,300.26,245.27,0.3566
2221,602,3483,563.26,764.64,288.32,211.69,0.8719
2222,602,16688,24.48,115.15,440.34,448.39,0.456
2223,602,25367,23.39,120.21,451.19,458.1,0.4376
2224,602,27733,85.52,728.28,307.68,274.82,0.4249
2225,603,3483,592.56,801.54,285.77,198.38,0.8443
2226,603,16688,20.53,145.98,486.23,448.78,0.4542
2227,603,25367,36.15,146.85,469.23,473.79,0.42
2228,603,27733,121.39,772.66,312.81,272.13,0.3276
2229,605,3483,577.98,837.21,309.65,179.75,0.8267
2230,605,36637,643.42,217.73,180.98,237.32,0.4105
2231,605,22347,85.59,852.83,225.52,205.45,0.307
2232,605,13900,634.17,204.42,195.44,266.38,0.2657
2233,608,3351,340.96,187.32,181.9,192.44,0.9981
2234,608,16548,595.44,718.59,222.97,236.84,0.2629
2235,608,3832,57.1,605.11,304.18,444.4,0.2595
2236,608,16262,593.37,712.15,232.84,242.03,0.2369
2237,610,3483,549.7,804.04,301.34,189.34,0.7236
2238,610,25367,0.0,93.81,393.96,470.05,0.4017
2239,610,16232,614.49,223.17,186.62,176.34,0.2143
2240,610,30308,0.0,103.85,390.19,448.42,0.2095
2241,611,3483,116.01,289.79,312.98,164.33,0.8488
2242,611,22347,676.71,255.41,220.21,192.55,0.5252
2243,611,3351,681.68,252.61,209.44,202.22,0.4904
2244,611,25367,590.92,635.69,385.08,478.21,0.2832
2245,612,3483,577.11,837.9,306.3,179.92,0.785
2246,612,25367,0.0,134.38,424.63,450.87,0.4119
2247,612,22347,84.08,851.31,226.76,208.11,0.2916
2248,612,16232,651.43,228.41,189.41,181.16,0.2815
2249,614,3351,343.79,145.56,188.57,194.8,0.9981
2250,614,18357,143.91,638.41,262.52,344.68,0.6131
2251,614,19232,148.41,668.16,258.29,353.51,0.3833
2252,614,32310,158.52,646.31,250.06,375.14,0.3328
2253,615,3351,381.25,208.21,195.56,183.93,0.9981
2254,615,18357,194.88,735.6,251.25,358.16,0.6114
2255,615,32310,200.65,746.86,254.36,380.14,0.4263
2256,615,22074,668.39,819.17,188.96,178.11,0.2937
2257,616,3483,150.42,220.68,241.25,217.25,0.3446
2258,616,16232,146.25,901.29,185.67,182.46,0.2444
2259,616,22074,146.25,901.29,185.67,182.46,0.2044
2260,617,22347,143.66,175.85,210.47,197.31,0.2789
2261,617,16232,652.62,172.96,188.22,181.44,0.2717
2262,617,3483,601.77,864.2,258.34,231.59,0.2544
2263,617,28763,149.45,172.13,209.53,191.9,0.2285
2264,618,3483,571.17,829.91,264.4,239.01,0.3286
2265,618,22074,615.38,170.6,181.58,176.37,0.238
2266,618,16232,615.36,168.38,182.53,174.37,0.2201
2267,62,3351,320.68,151.38,181.7,187.06,0.9887
2268,62,18147,84.31,559.08,288.44,396.04,0.3896
2269,62,36637,545.09,640.43,207.69,266.74,0.3887
2270,62,3832,89.39,549.95,288.29,395.38,0.3604
2271,620,35206,85.6,80.59,244.8,357.36,0.615
2272,620,35206,78.32,628.94,219.06,499.17,0.2699
2273,620,3832,566.68,629.15,284.56,522.37,0.2122
2274,620,27733,513.12,148.39,277.47,265.25,0.2016
2275,621,35206,608.68,804.58,260.7,375.08,0.5851
2276,621,35206,648.41,79.2,208.33,492.23,0.5123
2277,621,19232,136.68,855.92,279.69,264.63,0.2639
2278,622,3351,395.36,886.07,189.6,191.65,0.9684
2279,622,41768,139.39,294.81,253.51,286.8,0.5561
2280,622,35206,134.32,287.19,259.92,299.19,0.2183
2281,623,3351,349.57,143.54,187.43,188.19,0.9945
2282,623,41768,565.74,622.85,258.43,308.19,0.7069
2283,623,16232,132.31,746.2,183.31,194.34,0.2374
2284,623,35206,561.94,630.56,262.71,309.71,0.2253
2285,624,3351,392.55,205.97,188.07,184.69,0.9954
2286,624,41768,601.8,709.79,262.18,315.96,0.5925
2287,624,22074,165.4,837.15,181.05,183.03,0.2824
2288,624,16232,174.13,834.99,184.45,188.5,0.2772
2289,625,3483,108.3,314.66,295.76,189.57,0.9487
2290,625,27733,553.51,274.59,307.05,243.77,0.4653
2291,625,16262,154.18,812.58,255.93,234.22,0.3879
2292,625,25367,493.58,681.61,425.53,416.16,0.3333
2293,627,3483,561.46,768.21,292.75,206.14,0.9216
2294,627,27733,86.24,727.81,310.07,277.6,0.4833
2295,627,25367,71.62,146.53,403.86,395.99,0.4031
2296,627,16688,74.02,133.41,414.9,386.13,0.2804
2297,628,3483,113.3,314.27,284.64,193.09,0.8124
2298,628,27733,552.88,265.4,312.92,246.74,0.4536
2299,628,16232,142.55,891.89,195.9,187.16,0.2583
2300,628,22347,662.94,851.85,221.49,203.09,0.2198
2301,632,35206,108.79,91.78,246.25,453.68,0.8533
2302,632,16262,538.22,178.68,259.31,254.95,0.2283
2303,632,35206,62.75,658.06,222.94,483.76,0.2076
2304,633,35206,655.94,111.01,198.73,437.53,0.5969
2305,633,35206,579.24,695.6,271.1,499.89,0.2588
2306,633,3483,135.45,839.89,263.84,285.03,0.2216
2307,633,38162,121.7,842.95,272.46,280.89,0.2184
2308,635,16548,61.43,746.98,253.91,229.32,0.2834
2309,635,29667,72.15,759.2,233.06,213.54,0.2467
2310,635,3351,615.32,784.98,162.56,232.66,0.2375
2311,635,16262,61.45,755.38,253.89,226.89,0.2303
2312,636,3351,198.69,247.99,159.32,229.51,0.7861
2313,636,16548,642.85,284.46,240.52,201.64,0.3449
2314,637,35206,597.06,114.22,286.98,416.42,0.7132
2315,637,25367,65.69,198.27,467.57,347.93,0.4084
2316,637,20014,80.9,805.01,317.21,328.15,0.3905
2317,637,35206,596.45,708.19,258.88,502.7,0.3181
2318,638,35206,594.91,699.97,249.42,497.88,0.5249
2319,638,25367,60.13,171.09,485.53,325.41,0.5215
2320,638,35206,591.72,62.11,317.16,472.32,0.4387
2321,638,20014,72.37,803.47,318.56,318.77,0.3641
2322,64,3351,396.6,884.86,186.53,189.11,0.9792
2323,64,20014,597.47,260.01,335.82,316.53,0.3725
2324,64,16262,152.39,279.33,230.23,215.54,0.2027
2325,640,3351,408.1,918.53,185.69,195.37,0.9762
2326,640,16262,96.85,293.53,226.56,230.08,0.2613
2327,640,38162,96.57,299.03,221.56,230.56,0.2311
2328,641,3351,341.86,118.1,186.12,196.34,0.9954
2329,641,16262,618.49,701.83,231.11,235.55,0.2396
2330,644,35206,69.07,105.38,238.85,445.23,0.7791
2331,644,20014,484.37,124.99,312.51,302.65,0.4372
2332,644,32310,485.41,122.58,316.38,308.78,0.2428
2333,644,3832,76.68,88.49,241.11,491.07,0.2349
2334,646,3483,166.96,281.47,282.98,205.79,0.9179
2335,646,3351,642.51,280.68,173.42,204.51,0.4296
2336,646,25367,387.25,641.65,475.3,425.0,0.3955
2337,646,36637,129.35,831.64,195.16,259.55,0.3191
2338,647,3483,561.37,816.92,277.61,209.55,0.8018
2339,647,25367,133.75,186.01,455.77,404.57,0.4089
2340,647,36637,663.48,174.11,187.19,261.55,0.3602
2341,647,16232,173.17,813.51,181.77,206.81,0.347
2342,648,3483,523.52,788.4,284.64,209.27,0.9137
2343,648,25367,119.51,165.92,436.86,410.51,0.4602
2344,648,36637,626.5,167.29,190.38,256.81,0.2768
2345,648,16232,144.06,772.6,184.65,199.64,0.2261
2346,65,3351,347.99,147.42,189.39,186.95,0.9885
2347,65,20014,0.0,627.03,340.43,348.89,0.5365
2348,65,16262,555.37,720.18,230.86,246.71,0.25
2349,650,3351,362.23,182.84,188.49,178.91,0.9708
2350,650,32310,0.0,691.89,302.62,338.3,0.4591
2351,650,29667,557.67,816.79,283.17,175.3,0.292
2352,650,20014,0.0,691.56,317.95,319.36,0.2792
2353,652,3483,105.63,836.78,310.96,177.79,0.5016
2354,652,35206,547.84,68.62,309.0,456.67,0.3466
2355,652,3832,564.86,64.95,283.19,479.61,0.249
2356,652,18147,558.29,75.89,292.33,468.25,0.2194
2357,653,3483,542.01,264.87,308.9,171.76,0.377
2358,653,35206,136.29,142.13,249.47,394.06,0.2959
2359,653,3832,91.64,664.16,317.33,503.38,0.2805
2360,653,29667,552.29,259.91,290.63,176.17,0.219
2361,654,3483,148.39,885.8,306.95,167.02,0.3017
2362,654,35206,589.04,70.93,317.16,459.49,0.2977
2363,654,3832,596.07,65.05,288.97,484.74,0.2321
2364,654,29667,150.14,872.59,293.59,179.46,0.2306
2365,656,3351,618.47,858.4,224.85,140.05,0.422
2366,656,18357,187.96,705.67,206.81,359.54,0.4129
2367,656,25367,547.6,179.83,427.09,402.29,0.2983
2368,656,3832,546.92,192.09,413.07,373.11,0.2285
2369,658,19232,74.71,803.23,314.57,283.88,0.4283
2370,658,3832,627.83,0.0,307.48,469.42,0.2914
2371,658,32310,83.15,807.84,291.79,273.71,0.2767
2372,658,35206,619.54,8.45,314.1,488.25,0.2653
2373,659,20014,57.01,761.34,289.41,295.26,0.3085
2374,659,19232,36.66,744.43,311.73,294.94,0.2904
2375,659,35206,602.53,29.52,275.82,433.62,0.2854
2376,659,3832,588.94,0.0,296.57,459.5,0.2792
2377,66,3351,390.96,209.31,187.32,180.98,0.9947
2378,66,20014,30.94,721.08,350.11,338.98,0.3077
2379,660,20014,613.72,224.72,290.99,278.93,0.3376
2380,660,19232,608.13,233.79,304.71,274.21,0.3109
2381,660,3832,74.76,743.54,280.82,496.45,0.2925
2382,660,32310,608.13,233.79,304.71,274.21,0.2657
2383,661,3351,376.52,876.35,185.23,191.96,0.9364
2384,661,22074,682.34,292.09,187.13,187.46,0.2473
2385,662,3351,365.03,158.27,186.94,193.45,0.9931
2386,662,22074,34.73,740.29,198.76,190.83,0.2566
2387,662,16232,37.0,741.65,196.12,185.1,0.216
2388,664,20877,540.22,296.14,344.67,217.06,0.8204
2389,664,3483,147.88,290.41,210.58,261.13,0.5907
2390,664,36637,174.64,799.48,198.41,246.54,0.3199
2391,664,13900,172.09,800.17,184.46,255.72,0.2235
2392,665,20877,84.38,729.62,339.32,239.14,0.601
2393,665,3483,618.15,713.34,207.35,282.3,0.3559
2394,665,36637,602.34,194.04,187.51,247.72,0.3067
2395,665,13900,597.77,198.65,186.03,254.35,0.2575
2396,667,35206,638.61,715.15,244.41,439.05,0.549
2397,667,35206,583.48,121.11,296.97,421.98,0.3621
2398,667,16262,107.87,822.1,270.43,259.23,0.2867
2399,667,25469,28.5,140.62,458.81,287.12,0.2679
2400,668,35206,60.33,129.58,240.94,413.79,0.7472
2401,668,16262,546.24,192.12,262.44,252.79,0.3241
2402,668,35206,85.25,646.75,284.39,416.49,0.2827
2403,668,16688,71.6,632.73,295.66,473.08,0.2151
2404,670,35206,134.61,732.34,240.9,402.61,0.884
2405,670,3483,118.92,273.79,280.89,187.18,0.8437
2406,670,20014,565.69,185.98,333.65,284.23,0.2722
2407,670,3832,143.38,720.37,230.27,397.78,0.2639
2408,672,35206,605.37,123.37,229.8,388.51,0.9268
2409,672,3483,591.96,843.17,290.89,196.32,0.8489
2410,672,20014,79.49,825.16,348.49,308.48,0.2292
2411,674,3483,114.06,286.64,340.01,157.9,0.6097
2412,674,35206,603.29,165.97,261.73,422.03,0.3988
2413,674,16262,146.34,886.19,259.22,232.54,0.246
2414,674,16548,146.34,886.19,259.22,232.54,0.2427
2415,675,3483,519.26,832.16,338.89,150.83,0.4458
2416,675,35206,76.79,613.26,303.96,470.48,0.2528
2417,675,16548,561.18,133.54,230.82,218.09,0.2511
2418,675,16262,563.81,135.55,229.66,222.39,0.2314
2419,677,19232,10.52,691.86,310.94,295.77,0.3423
2420,677,32310,10.52,691.86,310.94,295.77,0.2807
2421,677,3832,565.24,616.64,267.68,523.27,0.28
2422,677,3832,612.66,0.66,319.98,435.72,0.2607
2423,679,35206,593.35,702.57,228.22,446.42,0.7525
2424,679,35206,612.49,94.78,215.25,441.37,0.7081
2425,68,3483,170.12,281.25,273.88,201.5,0.89
2426,68,25367,513.31,748.42,444.11,372.01,0.3312
2427,68,3351,643.3,284.87,175.97,194.85,0.3059
2428,68,16232,150.43,838.79,194.94,186.86,0.2743
2429,680,35206,138.41,103.95,213.73,417.67,0.9002
2430,680,27733,548.43,206.0,261.05,265.27,0.2665
2431,680,35206,79.42,667.62,239.37,476.26,0.2305
2432,681,35206,588.04,697.12,222.27,446.95,0.9197
2433,681,35206,612.6,74.23,226.59,428.57,0.5055
2434,681,32310,99.96,804.99,277.15,278.77,0.259
2435,681,19232,96.58,802.59,278.11,287.39,0.2096
2436,684,1900,175.32,271.82,134.65,188.4,0.4351
2437,684,19232,76.55,769.45,315.63,279.12,0.3772
2438,684,20014,86.36,762.09,306.47,281.63,0.3151
2439,684,32310,76.55,769.45,315.63,279.12,0.2885
2440,685,35206,637.38,717.73,242.14,438.83,0.5654
2441,685,35206,587.66,121.2,292.72,420.17,0.3597
2442,685,16262,105.15,822.37,280.0,252.06,0.2281
2443,685,3483,127.26,825.01,255.08,252.98,0.2057
2444,688,3483,556.17,767.2,303.32,201.4,0.9383
2445,688,25367,93.58,184.63,467.06,395.17,0.5627
2446,688,27733,86.44,727.15,307.42,276.86,0.4024
2447,688,16688,116.58,210.86,447.45,373.48,0.2675
2448,692,35206,105.03,682.29,201.34,428.68,0.9169
2449,692,3483,116.49,284.74,306.64,173.43,0.8142
2450,692,3351,677.66,249.57,213.22,202.19,0.4896
2451,692,22347,675.14,254.97,224.2,190.51,0.4654
2452,694,3351,403.25,849.87,187.17,190.24,0.9711
2453,694,35206,147.96,268.75,265.65,373.75,0.8759
2454,694,20014,508.69,246.61,319.58,243.46,0.3202
2455,694,19232,496.01,240.04,352.45,257.31,0.2428
2456,697,3351,405.36,857.59,183.69,180.53,0.9807
2457,697,18357,594.59,200.38,245.25,332.66,0.5515
2458,697,38162,143.85,256.81,227.03,266.14,0.4207
2459,697,32310,594.18,185.82,245.73,361.81,0.2012
2460,698,3351,344.26,171.81,183.06,189.52,0.9964
2461,698,18357,70.81,610.7,264.76,371.16,0.6253
2462,698,38162,576.8,681.91,236.46,275.16,0.3642
2463,698,19232,73.19,619.97,255.48,394.01,0.2266
2464,70,3832,61.01,710.94,287.36,514.85,0.295
2465,70,36637,646.78,241.76,197.55,266.47,0.2772
2466,70,13900,651.72,246.0,184.8,276.86,0.2284
2467,70,25469,39.36,234.72,423.34,216.39,0.2251
2468,700,3483,571.08,834.35,265.16,232.84,0.5161
2469,700,16232,614.58,170.39,182.51,178.76,0.2531
2470,700,3483,84.61,824.57,236.99,184.14,0.2302
2471,700,25367,73.45,121.3,381.41,410.13,0.2202
2472,701,3483,597.24,874.88,256.49,223.16,0.4325
2473,701,16232,652.46,174.1,186.02,185.62,0.302
2474,701,25367,80.26,132.25,412.48,435.46,0.2835
2475,701,3483,122.4,873.2,226.33,166.04,0.2735
2476,702,3483,151.29,221.97,242.59,218.93,0.6128
2477,702,25367,509.58,680.64,420.82,421.99,0.3339
2478,702,16232,143.65,901.6,189.81,184.73,0.2555
2479,705,3483,588.15,863.93,255.79,242.54,0.3271
2480,705,16548,634.93,206.29,230.66,213.74,0.2102
2481,706,35206,602.05,92.12,261.75,424.14,0.7462
2482,706,35206,582.05,698.17,272.78,499.62,0.2927
2483,707,35206,100.8,83.39,253.57,457.01,0.8591
2484,707,35206,65.08,679.96,261.47,458.51,0.4167
2485,707,27733,543.56,197.18,262.45,266.45,0.3444
2486,708,35206,611.9,52.15,259.18,437.87,0.6136
2487,708,35206,580.76,690.45,249.17,469.55,0.5784
2488,708,3832,592.0,655.0,254.41,499.61,0.2722
2489,708,32310,121.54,811.9,262.04,278.7,0.2343
2490,710,3483,563.0,767.95,290.54,207.58,0.889
2491,710,27733,81.17,740.15,319.41,268.14,0.4384
2492,710,16548,555.24,212.59,243.32,216.12,0.2962
2493,710,41768,80.11,729.31,340.33,282.53,0.2486
2494,712,35206,624.78,110.54,226.98,429.12,0.7859
2495,712,35206,630.92,732.41,241.45,421.93,0.3536
2496,713,35206,76.08,103.42,232.74,446.0,0.7303
2497,713,35206,77.97,661.23,221.56,472.31,0.3567
2498,713,27733,517.31,162.88,272.49,264.0,0.27
2499,713,41768,529.56,165.32,262.09,263.97,0.2054
2500,714,35206,619.84,695.82,247.19,467.22,0.687
2501,714,35206,631.6,70.31,228.64,434.4,0.6746
2502,714,19232,131.95,841.62,283.09,272.83,0.275
2503,714,3832,616.49,668.56,245.86,524.45,0.2066
2504,716,35206,590.27,107.23,231.66,450.38,0.7469
2505,716,35206,613.71,746.01,242.53,415.14,0.4007
2506,717,35206,109.42,124.61,239.02,411.75,0.7523
2507,717,20014,499.93,167.1,302.24,290.48,0.4156
2508,717,32310,497.62,162.48,319.41,308.5,0.328
2509,717,27733,499.93,167.1,302.24,290.48,0.2066
2510,719,16548,545.97,181.7,238.73,230.57,0.3811
2511,719,28763,88.62,805.96,196.23,195.41,0.2353
2512,72,36637,152.6,762.44,188.95,301.49,0.3407
2513,72,35206,631.95,48.14,313.43,471.54,0.2974
2514,72,3832,643.4,47.13,295.75,496.7,0.2877
2515,720,3351,666.3,286.09,194.34,175.26,0.4769
2516,720,35206,114.48,139.61,258.43,398.53,0.2924
2517,720,16548,163.91,838.45,250.71,236.57,0.2499
2518,720,16262,162.27,841.77,262.77,236.52,0.2373
2519,721,3483,559.4,756.39,294.66,215.35,0.9349
2520,721,35206,565.14,121.86,252.24,367.89,0.8971
2521,721,27733,87.46,727.12,307.08,276.68,0.437
2522,721,16688,72.16,180.07,429.48,428.66,0.3987
2523,724,16548,567.64,162.57,225.26,207.84,0.2668
2524,724,3832,575.25,662.34,266.93,470.38,0.2636
2525,724,16548,104.05,744.07,249.71,230.75,0.2521
2526,724,16262,104.05,744.07,249.71,230.75,0.2171
2527,725,16548,605.1,295.63,245.81,227.11,0.4334
2528,725,3483,632.5,890.24,225.65,205.3,0.3484
2529,725,35206,142.41,148.85,265.39,394.26,0.3243
2530,725,3832,142.41,148.85,265.39,394.26,0.2482
2531,726,16548,605.43,166.14,225.78,225.67,0.3759
2532,726,16548,140.55,774.75,237.92,226.76,0.3194
2533,726,16262,131.46,774.72,251.28,231.1,0.2144
2534,726,16548,146.17,177.41,206.54,194.29,0.2016
2535,727,3483,562.62,807.12,294.88,194.0,0.8514
2536,727,25367,30.99,148.14,423.89,442.99,0.4089
2537,727,16688,21.61,151.9,415.74,460.99,0.2775
2538,727,16232,602.13,212.84,184.79,178.3,0.2278
2539,728,3483,593.33,850.46,294.62,182.4,0.8902
2540,728,25367,58.74,168.86,405.83,440.76,0.3389
2541,728,30308,47.77,184.53,416.2,470.67,0.2883
2542,728,16232,624.74,221.04,184.38,185.48,0.2426
2543,73,18357,166.19,662.04,206.85,360.94,0.3767
2544,73,35206,164.89,680.81,214.02,361.71,0.3225
2545,73,35206,519.71,63.39,352.76,426.1,0.2585
2546,73,16232,71.27,199.36,207.04,192.73,0.2298
2547,731,16548,112.14,768.92,253.79,227.13,0.3494
2548,732,16548,602.71,271.11,231.85,210.18,0.2776
2549,732,16262,604.23,266.2,232.02,215.97,0.2293
2550,738,3832,136.03,632.02,269.91,478.73,0.3121
2551,738,35206,588.45,79.14,301.88,455.82,0.298
2552,738,13900,610.12,761.11,156.52,295.94,0.2472
2553,738,21325,606.45,755.99,153.83,304.4,0.2047
2554,740,35206,130.48,125.1,258.54,412.81,0.3438
2555,740,16262,111.75,811.46,254.25,235.97,0.252
2556,742,35206,79.66,112.43,220.42,397.71,0.8527
2557,742,35206,86.54,678.73,250.47,440.55,0.2471
2558,742,16262,566.94,183.68,257.72,252.98,0.2216
2559,743,35206,635.31,728.76,227.14,403.68,0.7898
2560,743,35206,606.65,78.24,256.7,413.84,0.5168
2561,743,3483,121.03,823.54,250.84,262.94,0.2777
2562,745,3351,351.46,892.53,188.66,189.26,0.9789
2563,745,18357,108.27,167.11,230.2,356.68,0.5986
2564,745,16262,662.49,268.72,242.12,231.43,0.4038
2565,745,32310,112.32,176.05,220.0,369.24,0.2372
2566,747,3351,434.72,186.76,188.28,183.02,0.9922
2567,747,18357,640.53,716.71,226.32,393.75,0.5579
2568,747,16262,60.99,796.12,247.44,243.25,0.3773
2569,75,18357,195.78,716.78,212.71,359.01,0.4023
2570,75,35206,197.37,712.82,206.95,365.2,0.2592
2571,75,3832,552.91,89.1,358.05,428.43,0.2496
2572,75,16232,82.22,218.22,220.75,187.07,0.2484
2573,750,1900,687.82,808.48,130.15,205.56,0.3231
2574,750,16262,144.94,794.96,246.45,230.73,0.3198
2575,750,36637,189.56,190.83,166.15,272.11,0.2843
2576,750,16548,145.0,786.14,247.49,244.74,0.2707
2577,752,18357,166.72,665.11,203.62,352.18,0.3609
2578,752,16548,551.61,142.42,231.38,208.69,0.2722
2579,752,35206,162.64,678.45,213.42,359.06,0.2465
2580,752,16232,86.71,198.46,216.54,185.7,0.238
2581,754,3351,369.31,195.1,181.83,186.53,0.9802
2582,754,3832,89.26,655.44,356.94,373.29,0.2065
2583,756,3351,414.81,885.65,186.16,196.0,0.9496
2584,758,3483,152.04,219.8,242.58,218.88,0.3536
2585,758,3483,73.83,896.75,317.82,176.45,0.3224
2586,758,16688,581.17,642.51,340.38,608.17,0.2753
2587,758,29667,84.9,894.8,291.41,173.43,0.2096
2588,759,3483,569.69,830.75,264.57,239.87,0.3091
2589,759,16688,83.87,21.99,330.51,544.82,0.2032
2590,760,16548,572.61,202.74,240.0,220.48,0.3308
2591,760,1900,159.03,260.38,126.71,194.86,0.3254
2592,760,3832,78.51,692.4,297.76,447.27,0.2364
2593,761,1900,176.07,270.65,129.09,191.24,0.3966
2594,761,16548,596.35,214.77,245.82,208.78,0.3589
2595,761,3832,124.25,757.83,284.7,447.97,0.3519
2596,761,16262,606.29,216.79,242.73,216.27,0.2411
2597,763,3483,111.46,314.09,288.13,193.71,0.8602
2598,763,25367,494.89,622.46,465.62,509.47,0.3636
2599,763,27733,556.58,269.49,301.55,245.79,0.358
2600,763,16548,117.57,855.0,225.8,231.23,0.2351
2601,764,3483,586.45,799.41,294.33,197.53,0.8572
2602,764,16688,14.05,133.02,494.28,454.5,0.4739
2603,764,25367,35.84,142.79,472.95,474.47,0.4103
2604,764,27733,122.11,774.32,310.21,270.82,0.3319
2605,766,20877,549.13,299.7,327.36,214.82,0.8539
2606,766,3483,148.98,288.36,211.15,261.42,0.6507
2607,766,30308,602.85,731.36,373.15,508.12,0.3266
2608,766,36637,174.28,797.53,199.12,250.0,0.3152
2609,768,20877,84.42,728.15,335.41,247.03,0.6537
2610,768,3483,616.09,715.72,208.68,279.78,0.4055
2611,768,25367,2.43,21.39,402.72,441.95,0.4001
2612,768,36637,601.1,194.36,188.62,247.85,0.2984
2613,772,3832,559.17,71.37,285.83,493.56,0.3207
2614,772,3832,170.42,664.39,261.25,462.5,0.314
2615,772,35206,546.34,79.57,302.88,464.14,0.2911
2616,773,35206,515.45,65.51,309.26,460.92,0.3999
2617,773,3832,135.13,632.57,269.7,476.58,0.2902
2618,778,3483,594.2,847.81,291.11,185.52,0.8745
2619,778,25367,69.3,161.33,431.39,418.38,0.3419
2620,778,30308,72.72,175.64,415.51,421.16,0.3032
2621,778,16232,624.84,221.19,183.87,185.69,0.224
2622,779,3483,118.56,284.32,283.77,179.7,0.839
2623,779,25367,508.13,673.35,426.4,420.53,0.3241
2624,779,20877,590.21,201.03,337.2,246.52,0.2802
2625,779,25469,570.88,230.21,386.61,212.91,0.243
2626,780,3483,563.61,808.84,292.81,192.74,0.8427
2627,780,25367,68.64,143.13,392.65,398.98,0.2349
2628,780,16688,61.66,119.44,404.42,418.92,0.2294
2629,780,16232,601.6,212.45,185.89,178.6,0.2174
2630,782,3351,340.25,180.69,183.89,191.62,0.9922
2631,782,20014,7.57,617.27,344.72,346.63,0.5965
2632,785,35206,105.26,682.71,204.44,428.0,0.9187
2633,785,3483,113.36,289.0,313.48,168.67,0.9148
2634,785,3351,677.8,249.06,212.25,206.66,0.5639
2635,785,22347,674.97,254.54,224.35,195.11,0.5234
2636,787,3483,147.62,222.91,245.79,218.12,0.6168
2637,787,16548,114.9,854.25,226.63,230.12,0.2173
2638,787,16688,560.61,646.97,350.44,513.81,0.2036
2639,788,3483,569.89,833.7,267.47,234.44,0.574
2640,788,3832,108.45,64.65,316.5,494.67,0.2787
2641,788,3483,84.96,825.15,236.76,183.47,0.264
2642,79,3351,388.14,845.27,187.71,191.27,0.975
2643,79,19232,495.82,240.74,349.65,254.82,0.3457
2644,79,20014,508.76,244.71,316.01,241.73,0.3
2645,79,38162,125.24,293.42,248.49,242.42,0.2672
2646,797,3832,50.81,522.61,306.32,460.24,0.4198
2647,797,16688,42.89,526.38,311.33,455.93,0.2385
2648,797,3483,473.03,858.17,377.2,147.57,0.2303
2649,797,31885,51.69,520.25,309.52,505.19,0.2023
2650,798,3832,57.49,577.73,326.52,497.34,0.2945
2651,798,35206,59.33,567.46,349.68,475.88,0.2345
2652,798,16548,159.71,208.03,204.74,194.42,0.2106
2653,798,3483,498.46,899.6,354.67,142.85,0.2056
2654,799,3483,601.98,864.45,258.67,231.66,0.3462
2655,799,22347,168.16,176.58,206.15,201.09,0.2375
2656,799,16548,647.04,203.97,220.87,209.79,0.2069
2657,8,3483,580.45,833.64,301.44,187.52,0.6855
2658,8,22347,85.61,853.61,225.37,204.34,0.3126
2659,8,16548,612.82,175.05,230.78,220.24,0.2953
2660,8,28763,95.86,847.79,213.53,191.81,0.2479
2661,80,3351,360.14,193.9,184.43,186.39,0.9969
2662,80,19232,90.19,686.61,341.04,274.06,0.3968
2663,80,16262,571.87,692.51,239.53,253.11,0.2589
2664,80,38162,567.39,696.5,255.43,245.53,0.2487
2665,807,3483,155.28,218.7,247.44,217.2,0.4294
2666,807,16548,117.46,833.94,239.26,229.78,0.2456
2667,807,3832,638.59,716.65,300.34,540.67,0.2315
2668,808,18357,190.51,714.34,208.6,355.38,0.3385
2669,808,3832,615.18,49.74,347.17,471.64,0.3232
2670,808,36637,632.65,824.61,166.49,241.76,0.2835
2671,808,35206,191.37,704.77,206.69,356.11,0.2421
2672,810,18357,161.86,656.71,206.07,362.51,0.3971
2673,810,3832,583.58,42.84,338.75,469.65,0.2636
2674,810,35206,159.82,678.61,215.34,354.64,0.2353
2675,810,16232,85.32,201.42,218.59,185.26,0.227
2676,815,3351,355.43,164.53,190.11,195.01,0.9957
2677,815,18357,517.14,600.95,273.71,361.67,0.4651
2678,815,32310,504.4,624.36,275.0,326.66,0.4349
2679,815,16262,103.47,713.72,221.78,233.13,0.3316
2680,817,3483,576.81,842.61,311.86,171.37,0.8577
2681,817,16232,650.6,228.89,189.38,183.01,0.3083
2682,817,25367,77.5,141.8,402.61,442.53,0.3024
2683,817,22347,84.2,849.12,226.41,207.86,0.2809
2684,818,3483,114.45,291.38,315.49,163.9,0.9121
2685,818,3351,679.23,248.02,210.32,207.57,0.5715
2686,818,22347,677.18,255.56,221.58,193.52,0.5333
2687,818,25367,530.08,655.71,388.91,440.4,0.2496
2688,819,3483,546.73,805.66,305.98,182.9,0.8258
2689,819,16232,610.02,232.76,196.44,178.26,0.229
2690,82,35206,630.71,107.85,202.05,449.23,0.4666
2691,82,35206,611.93,754.55,263.2,365.14,0.3774
2692,82,20014,138.43,826.18,300.96,330.49,0.277
2693,82,35206,134.58,153.22,301.01,468.45,0.227
2694,820,35206,129.77,108.15,223.66,405.6,0.909
2695,820,20014,486.34,144.44,310.09,299.14,0.4046
2696,820,32310,483.06,147.87,324.05,310.67,0.3127
2697,820,35206,87.94,661.26,219.91,530.47,0.2477
2698,822,35206,589.18,708.84,238.95,433.7,0.7449
2699,822,35206,617.69,83.84,208.13,437.74,0.6689
2700,822,20014,140.8,808.38,310.84,327.27,0.2737
2701,826,3351,407.44,858.74,185.31,185.61,0.9834
2702,826,38162,184.66,202.95,241.34,254.92,0.3492
2703,826,35206,539.68,325.08,307.08,367.64,0.3108
2704,826,3832,533.48,319.09,316.0,393.77,0.2559
2705,828,3351,377.33,234.08,186.38,182.81,0.9887
2706,828,3832,135.7,582.74,297.71,383.51,0.3751
2707,828,38162,549.45,866.48,251.4,251.44,0.3115
2708,828,18147,121.88,570.15,308.41,411.1,0.2375
2709,829,3483,527.64,781.23,282.33,219.66,0.7886
2710,829,36637,637.48,169.8,187.59,246.72,0.2637
2711,829,3351,93.7,170.86,208.7,192.2,0.2568
2712,829,16232,142.54,776.11,181.34,196.51,0.2193
2713,83,35206,85.83,125.65,258.2,362.09,0.649
2714,83,20014,492.93,128.96,308.1,299.81,0.3579
2715,83,32310,491.95,133.88,319.04,301.56,0.2359
2716,830,3483,171.12,278.26,272.63,207.08,0.7934
2717,830,36637,129.6,834.93,195.16,256.57,0.4052
2718,830,3351,643.94,285.57,174.77,195.08,0.3086
2719,830,22074,634.0,285.85,177.82,198.56,0.2526
2720,831,3483,560.64,822.1,272.58,209.6,0.616
2721,831,36637,665.28,170.48,187.93,263.5,0.3395
2722,831,16232,174.38,807.85,186.37,206.61,0.3306
2723,831,22074,166.99,812.18,174.03,198.86,0.2651
2724,832,16548,597.13,160.36,243.11,224.62,0.4151
2725,832,32310,53.44,126.89,299.16,295.89,0.3218
2726,832,20014,67.07,130.21,291.89,291.37,0.2797
2727,832,22074,141.28,871.14,178.61,166.17,0.2425
2728,838,16548,591.11,160.88,233.96,228.51,0.389
2729,838,35206,71.13,616.44,299.57,470.58,0.2241
2730,842,3483,107.32,314.29,297.69,190.05,0.9509
2731,842,27733,555.1,274.63,304.35,245.08,0.449
2732,842,16262,154.04,813.19,256.35,232.23,0.4
2733,842,25367,477.38,656.01,466.32,454.05,0.3568
2734,85,16548,560.46,241.76,243.96,232.4,0.4172
2735,85,1900,165.59,261.48,121.04,190.51,0.3865
2736,85,3351,143.59,849.09,197.78,191.35,0.3003
2737,85,3832,584.39,655.69,282.12,463.9,0.2163
2738,851,35206,626.24,113.61,202.54,431.07,0.4956
2739,851,35206,612.8,756.45,260.99,360.62,0.3803
2740,851,20014,140.24,827.66,297.76,327.56,0.2817
2741,851,35206,131.64,152.44,287.32,472.07,0.2185
2742,855,35206,587.26,714.75,239.51,423.37,0.7143
2743,855,35206,615.53,87.3,206.43,431.59,0.6447
2744,855,20014,133.08,802.89,331.55,345.99,0.2643
2745,857,3351,335.48,130.8,186.97,186.22,0.998
2746,857,16262,90.07,682.13,254.44,235.34,0.4524
2747,858,3351,372.75,184.67,189.19,183.32,0.9741
2748,858,16262,131.79,764.56,253.07,242.37,0.356
2749,858,22074,613.25,828.8,202.33,209.61,0.2668
2750,858,38162,136.61,768.5,245.04,241.59,0.2409
2751,86,3351,607.85,250.5,202.17,181.12,0.6853
2752,86,35206,123.03,156.2,279.3,388.34,0.3316
2753,86,1900,682.11,807.28,131.33,203.83,0.2654
2754,86,16262,145.8,772.24,247.59,235.05,0.2323
2755,861,35206,567.67,141.44,294.76,427.36,0.5179
2756,861,35206,663.5,744.11,247.29,406.64,0.2596
2757,861,3483,132.74,822.23,260.39,273.9,0.2476
2758,862,3483,584.84,848.55,298.84,183.96,0.8617
2759,862,25367,58.93,143.88,474.74,407.07,0.5044
2760,862,36637,675.09,162.4,174.0,272.62,0.3687
2761,862,21325,674.84,153.82,171.78,277.42,0.3112
2762,864,3483,566.32,807.27,291.43,194.92,0.8344
2763,864,25367,69.28,93.8,427.29,443.23,0.4489
2764,864,36637,638.0,162.45,174.23,263.63,0.2704
2765,864,16688,52.86,85.32,453.71,405.75,0.2669
2766,866,3351,303.3,176.8,181.81,184.89,0.9926
2767,866,16688,23.2,490.41,431.36,626.37,0.6775
2768,866,20014,488.89,567.2,377.96,366.68,0.3107
2769,866,33880,490.72,568.72,373.99,358.98,0.2613
2770,867,3351,345.59,233.7,183.64,184.16,0.9975
2771,867,16688,64.16,586.35,452.92,646.15,0.7101
2772,867,25367,62.79,584.43,465.34,641.93,0.2168
2773,867,25367,525.59,656.44,364.69,358.19,0.2092
2774,868,3483,578.52,834.58,303.5,184.85,0.7277
2775,868,22347,85.66,850.61,222.05,206.47,0.3317
2776,868,16688,16.48,54.11,447.71,531.47,0.2888
2777,868,16232,651.33,227.98,191.05,180.57,0.2614
2778,869,3483,550.74,802.97,299.95,192.13,0.6871
2779,869,16688,7.17,32.21,384.07,522.75,0.2336
2780,869,16232,609.34,229.25,197.03,183.28,0.2122
2781,869,25367,9.01,35.09,395.07,526.61,0.2101
2782,870,3483,118.28,287.4,305.32,168.59,0.7676
2783,870,22347,676.75,254.69,218.26,193.41,0.4989
2784,870,3351,680.57,251.97,212.24,201.54,0.4901
2785,870,16688,573.82,667.04,402.18,534.49,0.3022
2786,873,3351,339.24,218.93,191.25,188.74,0.9975
2787,873,35206,613.01,679.97,301.0,415.45,0.729
2788,873,16688,64.17,591.79,446.37,631.64,0.6674
2789,873,25367,63.85,581.79,462.08,636.01,0.2181
2790,874,20877,92.85,722.62,325.81,243.77,0.6626
2791,874,25367,130.54,164.27,434.63,456.66,0.3791
2792,874,3483,619.87,714.36,204.03,279.69,0.2922
2793,874,16688,175.1,186.1,396.06,412.96,0.2371
2794,875,20877,114.74,773.53,331.31,211.24,0.8315
2795,875,3483,652.84,753.34,202.83,267.11,0.4373
2796,875,25367,153.37,172.35,448.89,479.08,0.3285
2797,875,16688,153.37,172.35,448.89,479.08,0.2325
2798,878,3483,577.26,839.25,310.02,176.54,0.853
2799,878,36637,640.58,207.87,189.78,242.13,0.3653
2800,878,22347,84.93,854.19,214.83,205.8,0.2792
2801,878,13900,637.15,204.76,192.07,264.85,0.2535
2802,879,3483,549.3,802.98,303.55,186.83,0.7938
2803,879,36637,610.55,195.41,189.55,248.49,0.2701
2804,879,13900,607.83,201.43,186.42,248.18,0.2123
2805,88,19232,73.36,810.38,303.06,281.22,0.3174
2806,88,35206,594.2,38.72,322.58,485.95,0.3163
2807,88,32310,84.39,813.76,287.67,275.61,0.294
2808,88,3832,602.99,41.93,295.71,515.27,0.2254
2809,880,35206,62.52,97.26,243.37,454.05,0.819
2810,880,35206,72.76,658.16,229.15,473.51,0.393
2811,880,27733,510.67,165.38,261.55,260.84,0.277
2812,880,3832,69.75,88.84,243.03,502.23,0.2749
2813,882,35206,631.24,61.75,231.47,439.47,0.7055
2814,882,35206,627.23,688.4,248.26,463.76,0.5557
2815,882,19232,140.05,837.37,291.09,279.34,0.2519
2816,882,3832,144.32,94.15,294.74,496.43,0.249
2817,883,3483,594.36,843.12,286.25,193.77,0.7412
2818,883,22074,622.91,223.5,191.92,176.27,0.2325
2819,883,3351,136.66,228.24,213.95,203.18,0.2178
2820,883,16232,630.57,221.35,191.53,177.09,0.2049
2821,886,3351,406.36,889.25,190.19,198.16,0.9802
2822,886,35206,538.45,247.6,285.06,393.88,0.9448
2823,886,22074,159.59,284.07,218.87,203.76,0.2003
2824,888,3351,371.44,203.31,190.08,184.41,0.9963
2825,888,35206,161.54,639.09,277.16,408.14,0.8977
2826,888,18147,158.7,640.04,249.43,415.26,0.2845
2827,888,3832,174.4,640.39,262.54,413.78,0.2186
2828,889,20877,541.78,292.24,339.46,220.73,0.7831
2829,889,3483,148.81,288.52,211.71,261.84,0.2883
2830,889,16232,140.2,845.02,190.32,186.7,0.2276
2831,89,35206,565.31,36.49,292.77,476.09,0.3371
2832,89,20014,40.29,757.09,319.82,295.6,0.2652
2833,89,32310,36.2,756.93,315.88,295.89,0.255
2834,89,3832,584.25,654.81,272.61,474.38,0.2277
2835,891,20877,90.93,727.62,328.58,237.66,0.5422
2836,891,16232,619.0,220.07,188.0,179.94,0.2214
2837,891,3483,617.54,715.01,206.16,279.2,0.2108
2838,894,20877,84.93,726.9,335.95,246.16,0.6658
2839,894,25367,21.77,32.8,417.58,420.1,0.5317
2840,894,3483,617.25,715.55,207.22,280.03,0.4418
2841,894,36637,601.91,194.94,188.36,246.23,0.3275
2842,895,35206,524.44,28.41,315.3,469.79,0.3637
2843,895,3483,575.93,780.35,230.92,214.99,0.3472
2844,895,3832,534.09,38.02,297.37,483.28,0.266
2845,895,16232,99.77,821.87,181.84,171.66,0.2384
2846,896,35206,554.48,37.84,309.92,473.97,0.3377
2847,896,16232,138.93,852.16,177.47,172.75,0.2522
2848,896,3832,568.54,41.35,297.53,489.58,0.2488
2849,896,18147,561.41,53.91,295.81,482.15,0.2295
2850,897,3832,126.31,738.88,310.47,487.4,0.4158
2851,897,16548,168.02,272.59,221.4,214.49,0.2352
2852,897,16232,672.9,287.35,180.01,160.98,0.2229
2853,897,3483,676.38,849.82,219.16,198.4,0.2125
2854,898,16548,77.08,773.02,238.2,231.48,0.3044
2855,898,35206,556.2,580.46,276.11,497.39,0.261
2856,898,18147,562.71,589.04,267.26,506.66,0.2496
2857,898,3832,561.52,586.33,270.43,520.62,0.2411
2858,9,3483,550.69,805.8,296.96,184.78,0.6701
2859,9,16548,594.81,176.99,217.12,215.04,0.2459
2860,90,35206,134.52,129.92,255.86,411.48,0.4505
2861,90,20014,617.3,220.08,293.55,275.3,0.2685
2862,90,3832,83.31,699.16,295.94,547.04,0.2481
2863,90,35206,77.53,704.42,314.66,501.94,0.2355
2864,900,16548,94.89,819.99,254.19,222.16,0.3189
2865,900,18147,578.98,633.27,269.65,487.86,0.2542
2866,900,29667,90.46,823.02,248.23,223.65,0.2355
2867,900,35206,580.11,621.6,288.13,482.88,0.2166
2868,904,3483,584.1,801.8,297.96,194.52,0.891
2869,904,27733,117.44,778.79,315.32,269.64,0.4259
2870,904,41768,120.97,768.99,328.27,280.45,0.2582
2871,904,16548,642.54,203.0,222.17,215.76,0.2327
2872,906,3483,107.88,318.75,292.48,189.59,0.9053
2873,906,27733,555.15,266.22,303.99,245.23,0.5142
2874,906,3832,568.3,717.57,286.69,532.6,0.2665
2875,906,35206,561.39,696.37,295.19,488.74,0.2526
2876,908,3351,306.66,189.42,180.78,191.12,0.9972
2877,908,16262,126.28,709.91,226.33,224.15,0.3057
2878,908,16548,118.21,719.7,225.8,226.14,0.2173
2879,91,3351,682.65,301.52,162.45,141.12,0.5546
2880,91,1900,683.49,299.29,167.28,147.53,0.3181
2881,91,16262,111.25,872.82,256.22,238.81,0.2767
2882,91,35206,152.64,144.91,255.28,432.61,0.2607
2883,910,3483,174.67,281.56,274.81,206.81,0.8664
2884,910,25367,512.15,695.84,463.58,437.42,0.5977
2885,910,3351,645.88,286.39,174.35,200.78,0.4154
2886,910,22074,635.14,287.19,175.59,205.36,0.2416
2887,912,3483,523.57,785.0,280.15,216.25,0.8747
2888,912,25367,13.89,96.66,445.45,433.07,0.5232
2889,912,16688,16.58,69.53,432.36,423.29,0.2606
2890,912,30308,13.89,96.66,445.45,433.07,0.2547
2891,914,3351,365.01,118.12,184.75,186.0,0.9813
2892,914,20014,38.6,612.74,334.37,341.17,0.2586
2893,914,13900,553.66,703.38,197.31,248.79,0.2272
2894,914,3832,41.81,622.57,342.75,355.74,0.2144
2895,915,3351,408.52,178.85,186.67,183.63,0.986
2896,915,13900,591.77,795.47,201.8,252.07,0.3095
2897,915,20014,96.81,707.37,319.73,341.5,0.2177
2898,916,3483,108.95,320.74,294.7,188.8,0.9323
2899,916,25367,493.81,682.76,482.19,408.17,0.5677
2900,916,27733,546.72,274.32,318.42,246.75,0.4704
2901,916,16232,142.86,891.21,195.9,191.43,0.2403
2902,919,3483,106.07,320.37,292.59,190.48,0.9418
2903,919,27733,553.15,275.05,309.89,244.23,0.4353
2904,919,3483,94.91,885.74,269.08,178.51,0.3212
2905,920,3483,559.94,761.71,298.79,206.02,0.9262
2906,920,27733,86.94,724.88,308.42,280.41,0.487
2907,920,3483,582.47,216.28,263.71,161.62,0.4841
2908,920,41768,83.25,719.4,338.95,292.85,0.2572
2909,923,20877,541.65,293.63,343.8,217.96,0.8379
2910,923,3483,148.04,287.95,215.34,262.19,0.5003
2911,923,25367,544.19,700.51,431.81,452.59,0.4184
2912,923,30308,549.93,696.61,426.07,471.74,0.28
2913,925,3483,151.23,220.32,242.5,219.95,0.6484
2914,925,25367,490.41,623.19,441.62,480.07,0.2826
2915,925,16232,143.69,901.19,189.82,187.88,0.2514
2916,925,3483,638.2,275.39,222.19,170.66,0.2283
2917,927,3483,571.77,833.14,265.26,234.38,0.5718
2918,927,25367,68.14,130.61,420.17,452.52,0.2929
2919,927,16688,60.3,142.14,431.34,440.43,0.2523
2920,927,3483,85.47,825.31,236.38,181.73,0.2509
2921,929,3483,569.12,805.19,278.93,196.98,0.7553
2922,929,25367,16.22,41.4,406.65,494.89,0.2765
2923,929,16688,11.22,6.48,440.41,513.61,0.2679
2924,929,16232,605.12,211.28,182.1,179.81,0.2077
2925,930,3483,121.59,281.48,278.14,183.31,0.6673
2926,930,20877,595.94,202.6,327.78,243.97,0.3192
2927,930,16688,563.47,725.26,412.53,491.87,0.2764
2928,930,25367,542.34,685.54,433.66,513.11,0.2542
2929,931,3351,159.66,922.17,164.29,146.72,0.4298
2930,931,1900,176.77,268.98,126.88,195.08,0.3917
2931,931,1900,160.07,914.54,167.7,156.1,0.2398
2932,931,25367,488.56,203.17,470.97,417.52,0.212
2933,932,1900,159.95,259.76,122.74,196.97,0.3278
2934,932,25367,472.32,184.96,464.68,429.13,0.2348
2935,932,1900,133.41,884.47,162.38,156.45,0.2267
2936,932,3832,553.12,672.02,313.66,431.06,0.2265
2937,933,3351,663.58,255.51,157.76,144.75,0.6224
2938,933,1900,686.61,805.99,130.81,205.22,0.2919
2939,933,35206,117.42,178.34,322.08,382.7,0.2216
2940,933,33880,9.49,729.21,520.44,277.52,0.2052
2941,936,35206,595.94,107.63,256.61,431.63,0.7439
2942,936,35206,649.68,721.91,221.33,421.88,0.6167
2943,936,3483,119.35,833.24,261.21,281.64,0.2903
2944,936,3832,136.22,196.75,286.14,500.84,0.249
2945,937,35206,587.86,711.85,240.04,427.9,0.7371
2946,937,35206,615.41,87.18,206.65,430.64,0.6732
2947,937,20014,141.17,807.9,307.84,329.85,0.2638
2948,937,3832,141.7,105.31,276.82,501.81,0.2284
2949,938,35206,577.41,707.75,238.26,426.21,0.9157
2950,938,35206,618.28,64.27,207.68,432.8,0.3023
2951,938,3832,141.23,59.67,280.98,543.46,0.2789
2952,938,32310,124.83,795.01,353.18,329.55,0.268
2953,940,3351,421.78,897.07,186.68,190.89,0.9654
2954,940,35206,199.05,235.63,217.33,396.65,0.8714
2955,941,3351,316.97,140.94,187.01,185.93,0.9939
2956,941,35206,516.94,564.82,212.86,410.71,0.81
2957,941,22074,94.3,710.7,181.93,186.34,0.2475
2958,941,16232,93.46,707.79,184.66,187.83,0.2114
2959,942,3351,361.99,193.98,190.76,185.65,0.9931
2960,942,35206,556.05,651.39,216.43,421.14,0.7074
2961,945,3483,147.42,222.14,246.31,219.0,0.4182
2962,945,16548,114.04,854.47,226.53,231.31,0.2366
2963,945,3832,664.04,619.45,291.6,531.56,0.2219
2964,945,3483,638.89,271.67,223.15,170.22,0.2103
2965,947,3483,114.59,288.33,310.69,165.31,0.7605
2966,947,3351,679.1,248.19,212.47,204.09,0.5063
2967,947,22347,676.58,254.32,219.19,190.31,0.4492
2968,947,22074,144.96,845.11,186.93,186.71,0.2258
2969,948,3483,578.05,834.94,305.71,184.73,0.6963
2970,948,22347,85.77,852.86,221.96,202.97,0.3471
2971,948,16232,652.19,227.56,189.37,181.6,0.2594
2972,948,28763,96.09,847.66,210.19,190.35,0.2569
2973,949,20877,542.97,298.56,332.32,216.63,0.8429
2974,949,3483,147.06,290.63,215.01,261.21,0.4874
2975,949,25367,501.74,702.0,433.18,426.55,0.318
2976,949,16262,107.72,840.69,257.55,239.23,0.2409
2977,95,3351,336.69,178.9,187.02,193.14,0.9903
2978,95,20877,509.14,711.01,351.83,249.45,0.3853
2979,95,16262,57.7,737.67,237.54,234.35,0.2938
2980,95,29667,60.9,743.16,224.66,227.41,0.2137
2981,950,20877,90.81,726.48,326.03,247.58,0.6799
2982,950,3483,617.16,716.06,206.93,276.97,0.4068
2983,950,25367,76.39,102.82,394.08,407.96,0.3299
2984,950,16688,73.73,88.84,417.56,426.68,0.2486
2985,951,20877,114.17,775.19,334.83,213.67,0.8241
2986,951,3483,652.89,755.73,204.44,262.66,0.5515
2987,951,25367,80.29,125.01,417.91,420.5,0.4025
2988,951,16688,77.6,129.01,429.31,383.82,0.2674
2989,952,3483,119.98,280.78,283.12,182.18,0.798
2990,952,20877,596.73,199.91,325.01,247.47,0.4167
2991,952,30308,567.12,648.09,403.57,454.13,0.3375
2992,952,16262,162.77,835.1,263.37,240.53,0.286
2993,953,3483,566.82,809.56,282.55,194.28,0.8372
2994,953,16262,539.51,185.23,241.57,232.82,0.2408
2995,953,25367,34.34,131.31,397.88,463.35,0.2064
2996,954,3483,593.26,847.0,290.03,187.57,0.883
2997,954,30308,49.81,189.75,386.51,445.92,0.2959
2998,954,16262,570.47,191.76,246.85,229.12,0.2928
2999,954,25367,42.42,175.57,404.81,453.01,0.274
3000,956,3351,140.6,866.46,161.83,143.58,0.4063
3001,956,3832,595.26,0.0,327.07,423.54,0.2717
3002,956,1900,147.59,860.22,154.42,157.2,0.2174
3003,957,3351,682.64,301.52,162.79,141.18,0.5466
3004,957,1900,683.97,299.26,166.78,147.56,0.3175
3005,957,35206,156.8,143.92,250.94,450.25,0.3173
3006,957,3832,87.06,768.04,309.84,497.95,0.2936
3007,962,35206,606.04,107.57,324.61,447.11,0.3109
3008,962,3832,624.92,88.82,291.64,484.93,0.2583
3009,962,1900,143.93,843.07,160.5,160.44,0.2334
3010,962,20014,485.99,784.43,383.31,267.9,0.2333
3011,966,35206,131.64,124.78,259.19,416.83,0.3643
3012,966,16262,115.75,851.01,262.34,244.92,0.2989
3013,966,20014,617.09,220.28,293.63,275.26,0.2628
3014,966,19232,607.07,225.2,297.21,275.11,0.2345
3015,967,3351,407.58,888.6,188.05,183.02,0.9747
3016,967,41768,138.62,295.11,252.63,299.82,0.5124
3017,967,35206,134.29,304.28,245.44,296.17,0.2233
3018,968,3351,340.81,153.01,185.89,184.38,0.9971
3019,968,41768,569.07,616.93,257.67,300.62,0.7208
3020,968,16262,107.37,687.53,240.08,240.22,0.2728
3021,968,35206,553.3,634.38,258.15,283.2,0.2264
3022,97,3351,663.81,255.5,157.42,143.44,0.6245
3023,97,1900,688.68,804.73,128.49,204.65,0.276
3024,97,35206,116.21,175.68,326.57,386.45,0.2208
3025,97,16262,96.16,826.45,242.64,226.41,0.2176
3026,972,3832,568.04,618.02,268.28,521.65,0.2815
3027,972,35206,556.59,631.34,282.52,482.07,0.2417
3028,972,16232,131.7,775.21,189.62,180.82,0.2322
3029,972,1900,145.78,239.58,187.01,135.32,0.2143
3030,973,3351,181.9,881.11,189.8,187.51,0.4069
3031,973,1900,178.61,270.26,131.92,193.07,0.3825
3032,973,3832,575.41,73.99,293.84,473.91,0.3044
3033,973,35206,555.88,88.48,321.93,445.15,0.2774
3034,974,1900,162.25,259.92,124.17,194.32,0.3903
3035,974,35206,532.67,78.24,318.26,442.02,0.3754
3036,974,3832,551.05,75.77,284.4,467.82,0.2849
3037,974,3351,144.07,850.88,197.79,190.36,0.2838
3038,975,3351,608.08,249.77,201.22,181.97,0.703
3039,975,35206,124.83,161.7,273.04,387.91,0.3603
3040,975,3832,107.68,669.41,323.36,490.36,0.332
3041,975,1900,682.69,807.34,131.79,204.24,0.2618
3042,979,3351,388.22,157.22,189.21,187.08,0.9975
3043,979,19232,62.51,535.28,301.7,361.77,0.4591
3044,979,20014,72.47,529.74,289.64,360.75,0.3562
3045,979,22074,577.15,707.3,193.67,188.65,0.2884
3046,980,3351,355.17,867.9,186.66,188.64,0.9882
3047,980,19232,567.49,301.59,287.06,320.64,0.3531
3048,980,18357,570.06,319.09,286.58,316.08,0.2886
3049,980,20014,564.72,303.75,303.86,338.25,0.2313
3050,982,35206,654.15,142.02,223.32,428.93,0.689
3051,982,35206,629.08,730.47,241.26,424.71,0.3946
3052,982,20014,131.6,832.14,302.53,327.96,0.3119
3053,983,35206,617.15,690.36,246.37,475.71,0.6688
3054,983,35206,663.95,87.8,214.12,444.65,0.4529
3055,983,20014,116.39,827.89,319.71,314.36,0.4097
3056,983,32310,115.75,828.52,340.67,324.33,0.3298
3057,984,35206,79.36,104.5,231.28,446.05,0.7054
3058,984,20014,493.88,126.63,312.99,304.31,0.3449
3059,984,32310,495.33,126.23,324.01,305.95,0.2413
3060,984,35206,55.09,612.12,229.42,539.33,0.2207
3061,985,36637,119.39,728.17,202.87,275.26,0.3758
3062,985,16548,564.35,183.66,245.77,230.73,0.3641
3063,985,38162,115.89,753.25,196.08,260.07,0.2452
3064,985,16262,573.4,186.95,234.94,221.93,0.2148
3065,986,36637,646.9,242.87,196.68,264.54,0.2923
3066,986,16262,134.58,837.39,250.72,235.93,0.266
3067,986,16548,140.18,826.3,250.74,242.56,0.2571
3068,986,13900,651.2,246.24,185.37,277.9,0.2398
3069,988,3483,594.05,866.55,254.95,231.87,0.2535
3070,988,3483,614.49,202.65,279.95,155.42,0.2207
3071,988,22347,151.91,177.78,214.44,202.0,0.2109
3072,989,3483,569.58,831.71,264.83,238.78,0.3119
3073,989,28763,137.69,173.97,202.63,195.77,0.2365
3074,990,3483,152.01,219.17,242.83,216.37,0.3939
3075,990,3483,70.4,895.88,323.99,176.22,0.3641
3076,990,29667,84.62,896.64,293.95,167.21,0.2156
3077,991,16548,558.79,215.53,244.33,216.84,0.3707
3078,991,3483,576.61,789.06,231.77,210.61,0.3163
3079,991,16232,99.81,821.91,181.23,171.6,0.2375
3080,991,16548,579.9,775.43,233.88,223.81,0.2208
3081,993,16548,589.4,233.95,242.51,220.56,0.4923
3082,993,16232,138.74,852.05,178.02,171.75,0.2471
3083,993,22074,136.8,857.38,180.51,166.33,0.2131
3084,994,3483,115.56,290.02,309.1,170.42,0.8488
3085,994,3351,678.11,249.33,213.15,204.29,0.5746
3086,994,22347,676.32,253.5,220.81,193.34,0.4707
3087,994,16262,111.29,843.03,263.86,252.18,0.2938
3088,996,3483,580.14,836.69,304.85,179.11,0.7841
3089,996,25367,108.74,66.08,374.43,442.37,0.3103
3090,996,22347,85.15,850.53,224.03,204.43,0.3079
3091,996,16262,617.99,181.24,246.89,229.23,0.2656
3092,997,35206,572.93,58.95,296.76,472.63,0.2573
3093,997,18147,572.56,63.45,280.05,483.9,0.2259
3094,998,35206,597.14,58.29,331.79,472.9,0.3256
3095,998,3832,612.79,59.21,301.34,497.86,0.2505
3096,998,16232,148.9,836.26,191.19,179.87,0.213
3097,998,1900,167.41,241.99,179.64,180.63,0.2115
3098,999,3351,645.98,287.47,193.41,178.7,0.6424
3099,999,3832,73.82,659.81,300.61,513.88,0.3475
3100,999,3483,643.79,842.98,189.48,194.87,0.2246
3101,999,1900,640.8,847.78,193.2,186.79,0.2004
