annotation_id,image_id,category_id,bbox_x,bbox_y,bbox_w,bbox_h,score
1,1,1900,156.96,253.7,202.6,125.16,0.967
2,1,16551,553.41,71.37,396.06,408.36,0.7235
3,1,27926,596.11,676.68,253.09,476.44,0.6553
4,1,3832,554.8,73.48,391.9,406.45,0.4615
5,10,1900,642.16,841.67,189.89,192.03,0.9773
6,10,16548,97.38,805.62,248.54,237.63,0.7795
7,10,29451,99.74,240.65,409.73,211.82,0.744
8,10,21771,643.05,289.68,189.94,183.14,0.5996
9,100,1900,132.27,242.89,194.22,165.12,0.9837
10,100,16548,583.27,127.53,236.38,228.2,0.9055
11,100,33009,513.69,791.43,389.88,204.36,0.6138
12,100,16548,510.65,791.38,391.83,205.42,0.321
13,1003,3483,605.15,791.36,271.4,209.78,0.9838
14,1003,16232,645.99,185.11,192.63,181.65,0.9175
15,1003,27733,122.08,773.5,309.48,276.46,0.8624
16,1003,25367,28.08,163.26,452.72,415.63,0.6807
17,1004,3483,125.61,304.77,269.51,204.02,0.9801
18,1004,16232,139.57,892.68,200.57,193.5,0.9445
19,1004,27733,563.56,259.29,305.18,268.26,0.9093
20,1004,25367,507.25,659.74,460.82,447.87,0.5475
21,1005,3483,576.68,759.36,281.32,210.47,0.9804
22,1005,16232,617.75,177.91,189.12,184.64,0.9487
23,1005,27733,85.26,726.29,317.3,281.16,0.8842
24,1005,16688,22.49,133.55,438.19,430.33,0.5917
25,1006,3483,602.82,843.78,283.56,187.3,0.9462
26,1006,25469,45.19,856.26,379.31,220.4,0.926
27,1006,25367,29.63,181.11,449.7,420.94,0.869
28,1006,20238,615.73,196.12,230.6,212.88,0.8328
29,1007,3483,573.01,810.23,287.02,192.34,0.9379
30,1007,25469,9.99,812.07,387.0,220.75,0.916
31,1007,20238,591.33,192.32,218.46,212.31,0.915
32,1007,25367,20.95,161.98,433.64,418.3,0.8455
33,1009,22347,74.97,197.56,204.08,195.46,0.9646
34,1009,3483,575.01,810.36,284.49,193.8,0.9521
35,1009,25469,11.16,811.78,381.35,220.43,0.9418
36,1009,16262,546.24,188.02,236.97,230.11,0.9122
37,1010,3483,602.07,842.39,279.03,190.53,0.977
38,1010,22347,92.15,206.06,207.38,199.15,0.9688
39,1010,25469,44.81,856.24,379.75,221.26,0.9216
40,1010,16262,574.0,195.39,243.3,230.71,0.8825
41,1012,1900,140.61,243.87,196.8,127.34,0.9662
42,1012,16548,612.52,157.7,230.98,223.74,0.8955
43,1012,27926,564.91,631.49,264.12,483.87,0.7362
44,1012,18357,140.89,706.83,199.74,290.87,0.486
45,1013,1900,632.77,892.8,207.42,134.27,0.9656
46,1013,27926,148.07,143.13,257.74,455.0,0.7147
47,1013,16548,103.04,864.28,243.15,239.33,0.6634
48,1013,12778,151.4,142.06,255.06,456.55,0.5368
49,1014,1900,157.97,252.65,203.07,125.47,0.9752
50,1014,16548,643.15,162.59,235.39,226.28,0.8414
51,1014,27926,595.4,675.02,253.78,479.01,0.7027
52,1014,28763,170.64,745.02,202.62,286.01,0.5664
53,1015,3483,651.33,748.92,211.61,268.81,0.9738
54,1015,35206,660.5,175.31,222.32,401.8,0.9489
55,1015,20877,114.62,772.44,335.14,228.35,0.9012
56,1015,25367,63.35,120.17,398.89,410.66,0.5381
57,1016,3483,141.16,292.21,212.95,257.51,0.9736
58,1016,35206,97.31,672.2,236.78,412.12,0.9457
59,1016,20877,540.59,292.72,335.47,236.3,0.8829
60,1016,16688,531.94,717.91,405.82,421.28,0.5195
61,1018,3483,125.91,307.48,268.73,199.14,0.9492
62,1018,29667,87.39,859.08,232.76,231.59,0.9217
63,1018,27733,557.45,255.87,303.99,269.28,0.8994
64,1018,25469,437.02,740.47,473.3,303.83,0.4888
65,1019,3483,606.35,791.1,271.17,208.97,0.9598
66,1019,29667,671.27,180.74,223.13,217.41,0.8101
67,1019,27733,128.18,779.53,310.24,278.26,0.7228
68,1019,30308,89.29,206.42,464.37,302.14,0.6675
69,102,1900,149.9,252.59,196.35,166.37,0.9842
70,102,16548,616.26,132.55,236.49,228.31,0.8781
71,102,33009,546.09,833.6,380.78,199.92,0.6898
72,102,16548,544.86,834.94,380.52,199.12,0.3127
73,1020,3483,577.32,757.89,274.07,210.4,0.9783
74,1020,27733,92.61,734.68,318.5,279.03,0.8328
75,1020,29667,639.07,173.89,221.12,220.89,0.7644
76,1020,30308,67.45,186.62,459.13,300.53,0.6374
77,1022,1900,144.78,239.86,183.0,184.57,0.9502
78,1022,33208,581.83,810.1,207.89,205.08,0.8501
79,1022,16551,625.02,26.01,282.89,467.04,0.749
80,1022,29451,32.95,805.45,424.07,217.22,0.7262
81,1023,1900,163.97,248.14,182.81,185.0,0.9556
82,1023,16551,654.38,29.44,287.45,483.93,0.8578
83,1023,33208,609.54,845.31,207.22,196.86,0.7925
84,1023,29451,68.66,845.67,414.59,213.93,0.5793
85,1025,3483,140.99,292.41,213.25,256.13,0.9683
86,1025,28763,646.96,863.67,215.04,208.96,0.928
87,1025,16262,109.44,839.06,244.02,240.65,0.8956
88,1025,20877,542.16,292.25,334.56,235.1,0.8519
89,1026,28763,133.31,206.34,213.06,201.24,0.9561
90,1026,3483,650.8,749.33,209.41,269.25,0.9457
91,1026,16262,631.11,194.0,240.52,229.44,0.9013
92,1026,20877,114.14,770.68,334.09,230.01,0.8172
93,1027,13900,190.42,283.01,199.81,236.59,0.987
94,1027,22074,599.61,265.71,188.16,185.9,0.8942
95,1027,3351,352.86,883.88,190.62,191.61,0.7516
96,1027,3351,603.89,264.55,183.53,185.62,0.3239
97,1028,3351,390.08,157.12,185.19,187.0,0.993
98,1028,13900,551.83,704.91,205.03,250.98,0.978
99,1028,16232,135.74,778.41,192.13,190.05,0.9122
100,1028,22074,136.0,779.04,192.08,189.44,0.2064
101,1029,3351,434.14,216.09,185.19,183.32,0.9957
102,1029,13900,590.39,795.44,202.22,244.74,0.9848
103,1029,16232,181.7,866.87,185.4,194.39,0.6282
104,1029,22074,180.39,866.03,187.22,193.75,0.4814
105,1030,3483,579.62,758.73,276.01,208.78,0.9858
106,1030,27733,85.06,726.63,316.42,280.12,0.8494
107,1030,25367,43.05,149.48,448.88,415.81,0.6913
108,1030,35206,570.62,117.0,247.76,388.13,0.6186
109,1034,3483,152.59,220.17,247.87,220.94,0.9734
110,1034,28763,651.89,886.74,216.59,208.69,0.9471
111,1034,19861,639.19,276.56,221.63,172.9,0.9411
112,1034,27993,92.32,906.73,276.06,163.75,0.6905
113,1039,28763,126.49,213.03,211.57,203.08,0.9672
114,1039,3483,604.19,843.37,276.83,190.25,0.9626
115,1039,25469,45.36,856.7,380.58,219.65,0.9252
116,1039,16262,575.18,194.22,241.92,231.24,0.901
117,104,3351,323.43,204.95,184.2,186.02,0.9983
118,104,21325,614.75,761.56,175.77,229.76,0.9768
119,104,18357,106.61,607.99,253.72,370.23,0.9643
120,104,28763,105.44,619.82,256.0,305.49,0.2809
121,1041,28763,653.45,855.74,219.05,206.98,0.9531
122,1041,16262,164.18,835.0,249.14,241.39,0.9305
123,1041,3483,127.15,272.27,270.94,186.57,0.8941
124,1041,25469,572.01,229.31,366.37,221.68,0.8696
125,1043,3351,312.1,170.32,185.94,187.16,0.9986
126,1043,35206,507.59,599.15,247.34,427.31,0.9757
127,1043,18357,45.49,628.33,274.7,353.11,0.8981
128,1043,32310,48.89,624.19,281.0,356.95,0.4088
129,1044,3351,352.49,227.18,185.45,183.47,0.9993
130,1044,35206,546.95,699.54,245.46,416.03,0.9672
131,1044,18357,89.54,722.88,270.31,352.73,0.9296
132,1044,32310,94.18,719.52,267.2,356.29,0.2487
133,1045,3483,622.75,714.45,211.75,271.99,0.965
134,1045,28763,131.69,214.06,210.42,198.3,0.9536
135,1045,29667,594.14,174.3,222.57,223.0,0.8143
136,1045,20877,38.98,761.17,329.77,244.06,0.7313
137,1046,3483,650.82,752.12,209.73,265.0,0.961
138,1046,28763,151.89,222.0,212.14,201.77,0.9331
139,1046,29667,626.31,180.8,224.61,218.08,0.8619
140,1046,20877,71.17,800.47,329.81,248.65,0.8549
141,1047,28763,626.98,845.84,218.02,208.66,0.978
142,1047,3483,141.92,288.59,211.85,259.52,0.9524
143,1047,29667,134.21,858.23,230.31,229.95,0.8831
144,1047,20877,586.08,259.86,331.1,242.3,0.7597
145,1050,2483,649.87,82.09,198.5,484.26,0.9185
146,1050,22362,610.32,788.61,249.68,400.97,0.882
147,1050,12778,94.71,186.47,320.99,459.29,0.6312
148,1050,19552,93.49,188.73,323.13,457.43,0.6148
149,1051,2483,93.34,676.64,218.42,469.69,0.8276
150,1051,22362,141.23,119.37,207.67,420.44,0.7191
151,1051,16548,551.42,195.96,271.01,264.78,0.6257
152,1051,13395,141.36,120.8,206.72,418.5,0.5028
153,1053,2483,621.64,56.75,214.68,477.17,0.9471
154,1053,16688,73.06,71.68,397.19,486.87,0.6215
155,1053,13395,583.86,707.94,218.73,440.58,0.6018
156,1053,27926,584.45,708.0,218.67,441.12,0.559
157,1055,3483,572.46,766.68,275.01,205.06,0.9728
158,1055,27733,80.12,732.62,324.34,270.04,0.871
159,1055,29667,646.94,184.53,223.0,216.28,0.8211
160,1055,31885,60.96,32.84,412.77,490.88,0.641
161,1056,3483,598.63,801.79,273.44,203.88,0.9786
162,1056,29667,680.59,189.68,223.92,216.2,0.8405
163,1056,27733,117.31,777.91,316.09,269.87,0.6865
164,1056,31885,65.72,43.08,433.12,501.05,0.6267
165,1057,25438,106.46,830.25,260.52,254.55,0.931
166,1057,2483,605.12,68.77,250.02,471.33,0.9293
167,1057,12778,82.54,90.45,315.43,485.64,0.8113
168,1057,13395,643.22,712.3,217.95,443.79,0.506
169,1058,25438,107.57,844.98,265.76,259.89,0.9423
170,1058,2483,591.13,116.31,258.43,444.57,0.8451
171,1058,19552,83.82,133.0,316.33,475.78,0.6519
172,1058,16688,81.73,135.58,319.46,473.96,0.3995
173,1060,2483,120.08,680.84,209.97,486.83,0.9433
174,1060,25438,552.99,208.24,254.52,247.02,0.9073
175,1060,19552,532.29,655.27,339.18,454.35,0.5783
176,1060,12778,532.29,655.27,339.18,454.35,0.434
177,1064,3483,603.62,844.16,278.88,186.24,0.9722
178,1064,25469,44.52,856.24,380.67,222.49,0.9439
179,1064,20238,617.9,196.49,226.17,211.77,0.7748
180,1064,25367,62.73,132.14,457.5,417.73,0.5499
181,1065,25469,572.83,229.44,365.51,218.96,0.8962
182,1065,3483,126.2,273.87,271.86,188.62,0.8938
183,1065,20238,138.29,849.69,233.35,227.62,0.8785
184,1065,30308,481.62,688.97,464.8,436.16,0.5952
185,1067,16262,113.18,847.26,254.58,243.5,0.9597
186,1067,3483,132.59,293.37,279.26,167.85,0.91
187,1067,31885,552.21,672.74,410.7,535.04,0.799
188,1067,3832,554.17,673.74,407.7,528.29,0.6079
189,1069,1900,622.09,889.68,206.8,140.62,0.9447
190,1069,21771,111.96,203.0,199.3,186.51,0.8543
191,1069,16548,643.0,164.53,239.77,226.55,0.836
192,1069,3351,137.06,867.45,188.04,176.65,0.4497
193,1070,1900,174.93,279.85,203.65,139.82,0.9417
194,1070,21771,684.54,882.95,200.0,191.95,0.8315
195,1070,16548,99.07,861.93,245.67,243.38,0.6216
196,1070,20238,686.91,882.02,198.6,192.46,0.5901
197,1073,3483,536.92,775.45,268.95,226.86,0.9895
198,1073,27777,143.5,775.29,178.78,205.53,0.9186
199,1073,22347,114.43,197.33,202.18,196.12,0.8665
200,1073,36637,634.87,179.4,184.15,244.18,0.7879
201,1075,16551,89.04,595.27,337.25,461.04,0.7868
202,1075,3544,99.39,159.51,205.8,200.88,0.7513
203,1075,3832,96.35,591.77,343.05,465.06,0.6351
204,1075,4543,610.48,143.77,200.73,198.23,0.6028
205,1076,3544,667.62,897.86,216.39,212.39,0.8421
206,1076,16551,533.56,193.05,329.65,441.98,0.7585
207,1076,30308,532.8,191.59,331.53,442.1,0.6103
208,1076,4543,130.58,917.32,215.44,208.92,0.6002
209,1077,16551,120.41,645.07,337.11,459.66,0.8931
210,1077,3544,115.19,165.16,208.57,204.06,0.8679
211,1077,4543,640.96,142.52,207.16,203.28,0.8065
212,1077,36637,629.57,807.19,206.8,218.28,0.618
213,1079,3483,646.37,754.82,212.19,266.46,0.9561
214,1079,20877,71.28,801.63,325.01,245.88,0.8608
215,1079,29667,626.94,184.42,223.85,217.81,0.854
216,1079,22347,116.6,220.08,206.41,197.95,0.6882
217,108,25438,142.21,843.95,257.04,255.3,0.9269
218,108,2483,604.59,87.06,244.23,471.28,0.9185
219,108,22362,583.11,750.32,256.21,403.95,0.8588
220,108,12778,120.71,58.41,259.05,507.61,0.7197
221,1080,3483,621.21,718.63,206.4,270.56,0.9806
222,1080,29667,593.47,176.23,223.0,223.05,0.7712
223,1080,20877,37.36,756.61,329.2,250.01,0.6194
224,1080,22347,100.13,209.56,202.81,195.56,0.6124
225,1081,1900,610.8,903.62,202.53,133.07,0.949
226,1081,3483,91.74,183.89,259.66,228.5,0.7645
227,1081,30308,483.62,203.08,452.35,326.84,0.5206
228,1081,3351,123.52,866.74,182.07,177.09,0.5184
229,1085,3483,622.06,715.45,213.91,270.58,0.9776
230,1085,16232,624.11,221.18,190.04,186.62,0.9486
231,1085,25367,22.53,137.83,443.12,405.18,0.9052
232,1085,20877,83.38,723.01,333.99,244.34,0.8612
233,1087,16551,81.15,588.86,298.03,489.84,0.7267
234,1087,16232,132.39,172.96,205.73,202.99,0.5214
235,1087,3544,129.81,173.29,205.6,202.21,0.5133
236,1087,29345,565.45,673.52,266.24,453.42,0.4841
237,1089,3544,633.77,887.85,216.6,209.02,0.8793
238,1089,16551,584.3,180.61,293.22,464.3,0.752
239,1089,16262,104.05,835.62,232.65,224.76,0.507
240,1089,27926,141.69,149.79,267.51,415.75,0.4043
241,109,3483,150.5,218.0,250.69,225.75,0.9933
242,109,35206,108.38,770.53,300.73,399.29,0.9661
243,109,19861,638.83,275.98,221.94,173.82,0.9403
244,109,25367,584.29,713.8,381.22,497.32,0.6315
245,1092,1900,652.26,848.85,209.02,160.41,0.977
246,1092,16548,80.69,910.7,246.54,242.84,0.6219
247,1092,3483,136.6,242.34,243.17,231.74,0.5285
248,1092,38162,136.49,245.71,241.58,229.96,0.4672
249,1093,3483,147.36,217.33,253.71,226.23,0.9833
250,1093,19861,638.67,276.82,222.26,173.06,0.9686
251,1093,16262,100.93,853.11,245.79,239.49,0.9432
252,1093,16688,496.4,689.3,460.91,469.44,0.6337
253,1095,3483,600.61,868.07,260.99,230.61,0.9922
254,1095,19861,125.35,865.55,221.55,169.66,0.9777
255,1095,16262,638.45,177.15,244.48,231.1,0.9571
256,1095,25367,50.02,127.19,440.57,418.16,0.6025
257,1096,3544,89.68,195.53,203.48,200.76,0.8529
258,1096,27733,545.86,777.75,313.45,242.15,0.7027
259,1096,16232,91.32,196.03,207.57,198.34,0.5025
260,1096,27926,160.64,677.03,223.15,359.48,0.4509
261,1097,3544,104.11,204.68,212.95,203.01,0.9404
262,1097,13900,195.3,717.31,214.47,355.8,0.5782
263,1097,27733,575.0,817.12,309.33,234.17,0.4391
264,1097,30308,509.12,124.09,444.75,334.03,0.3999
265,1098,3544,677.67,862.14,214.81,208.73,0.9304
266,1098,38162,582.62,232.04,210.85,338.42,0.5938
267,1098,27733,122.67,254.98,301.4,231.48,0.5158
268,1098,27993,123.4,255.61,299.68,231.57,0.4569
269,110,3483,600.01,866.82,259.52,232.85,0.9912
270,110,19861,124.94,866.09,222.69,169.25,0.9673
271,110,35206,585.67,98.39,283.57,380.54,0.7907
272,110,25367,27.31,47.61,374.73,486.56,0.7352
273,1100,3483,537.39,775.89,266.99,226.06,0.9817
274,1100,27777,143.41,775.39,178.31,204.93,0.9696
275,1100,36637,634.15,178.51,185.54,244.25,0.7987
276,1100,31885,55.77,94.12,412.79,496.82,0.7611
277,1101,3483,563.75,813.92,266.65,218.69,0.9925
278,1101,27777,176.42,812.1,176.84,203.35,0.9623
279,1101,36637,661.66,180.66,192.15,250.92,0.7555
280,1101,31885,68.41,114.67,424.65,500.21,0.6785
281,1105,3483,606.64,790.69,272.71,210.12,0.9738
282,1105,27733,122.93,772.39,308.89,278.32,0.8381
283,1105,22347,110.75,211.32,207.04,200.18,0.7855
284,1105,35206,599.83,122.94,257.0,396.18,0.7496
285,1109,3483,592.59,846.37,282.59,170.07,0.9499
286,1109,16262,624.5,179.45,242.57,232.24,0.9255
287,1109,28763,139.25,220.99,214.3,206.99,0.9006
288,1109,28763,94.69,853.96,217.74,203.64,0.4294
289,1111,3483,560.42,810.07,289.11,175.8,0.9593
290,1111,29667,604.37,176.04,215.44,217.72,0.8568
291,1111,28763,116.32,187.03,210.23,199.35,0.8543
292,1111,22347,57.0,811.17,222.77,209.58,0.3876
293,1114,3483,132.32,294.94,278.8,166.86,0.9599
294,1114,30308,553.24,695.08,401.65,422.98,0.7483
295,1114,35206,105.87,681.93,201.95,424.0,0.655
296,1114,22347,680.86,258.44,207.3,193.91,0.5819
297,1115,35206,642.67,143.32,205.44,398.26,0.9456
298,1115,3483,560.13,806.76,292.08,180.95,0.9413
299,1115,30308,33.7,123.1,377.76,406.89,0.7894
300,1115,29345,31.93,124.51,376.06,404.41,0.5873
301,1116,3483,593.87,845.4,280.71,170.58,0.9739
302,1116,35206,680.19,152.75,204.8,408.1,0.9551
303,1116,30308,40.42,138.96,400.15,418.9,0.7423
304,1116,21771,94.65,854.12,217.68,205.08,0.6643
305,1118,3544,677.24,859.2,215.86,211.42,0.9285
306,1118,16548,94.74,884.82,247.47,240.1,0.8311
307,1118,16232,196.25,244.41,177.7,225.74,0.4859
308,1118,38162,587.51,238.46,212.52,337.48,0.4549
309,1119,3544,105.04,206.57,213.41,204.29,0.939
310,1119,16548,646.24,144.77,235.62,228.38,0.9215
311,1119,13900,191.44,710.11,213.34,355.74,0.8547
312,1119,16232,633.07,831.9,176.91,233.4,0.4819
313,112,3544,124.73,234.48,208.69,203.88,0.9486
314,112,33009,560.35,807.62,370.35,210.28,0.695
315,112,16551,149.13,586.27,311.33,472.42,0.6519
316,112,16262,635.7,197.95,225.47,218.98,0.6472
317,1121,28763,620.68,862.41,217.78,209.91,0.9655
318,1121,3483,127.43,271.0,270.07,190.63,0.928
319,1121,25469,567.26,183.06,335.24,288.76,0.9135
320,1121,29667,140.21,868.99,229.03,228.71,0.8638
321,1123,3483,125.07,306.07,270.29,201.9,0.9714
322,1123,27733,562.86,259.59,304.39,266.89,0.9544
323,1123,16262,151.82,803.71,246.2,241.5,0.9196
324,1123,25367,490.23,666.72,457.42,437.79,0.7353
325,1125,3483,606.17,791.67,273.5,207.53,0.9689
326,1125,16262,587.86,224.82,250.24,231.04,0.931
327,1125,27733,121.28,773.89,310.13,277.52,0.8187
328,1125,25367,63.07,162.14,435.95,421.46,0.7443
329,1126,3483,141.92,288.57,212.61,257.75,0.9764
330,1126,16262,110.34,836.76,243.11,241.71,0.9085
331,1126,20877,542.86,292.15,334.91,236.0,0.8966
332,1126,34597,507.52,723.01,468.48,494.54,0.41
333,1129,3483,125.14,306.16,268.46,200.87,0.9522
334,1129,22347,681.29,828.16,211.95,204.39,0.9204
335,1129,27733,562.35,258.85,305.45,267.17,0.9176
336,1129,20238,111.71,852.86,233.64,228.59,0.7053
337,113,16551,530.84,228.99,307.23,460.42,0.8356
338,113,3544,658.4,833.5,214.97,207.98,0.7947
339,113,16262,127.33,845.25,226.33,223.73,0.6275
340,113,16548,79.72,268.61,361.55,223.62,0.4988
341,1135,1900,150.72,253.04,195.76,166.3,0.973
342,1135,16551,609.67,53.05,287.02,482.82,0.7334
343,1135,33009,546.29,833.9,370.57,197.98,0.7073
344,1135,16548,544.48,835.16,371.17,198.28,0.473
345,1136,1900,643.86,854.24,203.81,172.89,0.9724
346,1136,16548,83.42,256.02,367.38,209.58,0.7431
347,1136,16551,87.91,699.0,295.35,498.56,0.7022
348,1136,31885,88.65,698.3,294.35,491.73,0.3937
349,1138,3483,560.15,810.42,290.87,176.61,0.9303
350,1138,20238,595.06,173.34,219.92,214.44,0.784
351,1138,16688,26.86,91.83,390.34,481.1,0.7253
352,1138,25367,31.54,97.56,414.32,474.85,0.6669
353,114,3544,106.47,222.48,208.13,203.92,0.7685
354,114,16551,119.92,537.85,309.22,475.38,0.7338
355,114,33009,528.52,759.98,383.14,226.69,0.617
356,114,35206,124.38,536.26,310.47,480.12,0.524
357,1140,3483,594.43,847.07,280.62,169.43,0.976
358,1140,22347,621.87,175.87,228.66,217.43,0.8358
359,1140,25367,37.66,122.68,396.01,473.26,0.6292
360,1140,31885,41.9,118.31,378.01,477.06,0.6108
361,1141,25438,552.02,196.99,255.04,248.61,0.9537
362,1141,2483,61.32,655.58,303.78,443.35,0.9167
363,1141,12778,575.3,576.76,288.53,495.3,0.5307
364,1141,22362,63.19,124.29,227.71,420.0,0.4851
365,1142,2483,568.7,119.33,298.23,446.01,0.9721
366,1142,25438,119.15,820.6,259.74,257.18,0.9454
367,1142,12081,642.79,705.9,242.16,446.22,0.5535
368,1142,3483,568.48,117.05,297.66,451.35,0.4053
369,1143,25438,119.34,838.26,266.99,260.53,0.9421
370,1143,2483,561.91,160.29,302.96,425.55,0.8798
371,1143,33208,120.84,835.86,265.7,259.83,0.4929
372,1143,19552,71.51,183.68,297.43,479.83,0.4685
373,1144,3483,604.72,843.63,278.99,187.93,0.9634
374,1144,25469,45.72,857.36,378.94,218.18,0.9321
375,1144,16262,572.84,193.07,245.85,235.35,0.9164
376,1144,25367,49.98,172.63,433.18,487.64,0.5719
377,1148,3351,383.59,160.2,183.8,189.13,0.9971
378,1148,16232,146.1,732.64,192.82,191.55,0.9798
379,1148,41768,550.52,628.95,274.15,310.06,0.9794
380,1148,18147,551.58,623.86,269.54,316.82,0.4193
381,1149,3351,426.4,221.31,185.08,182.05,0.999
382,1149,16232,187.85,819.63,193.13,192.86,0.9677
383,1149,41768,590.57,716.75,267.51,313.3,0.9483
384,1149,18147,595.36,712.47,260.83,318.41,0.2898
385,115,3483,124.13,303.92,271.14,204.96,0.9637
386,115,27733,556.14,255.61,305.25,268.15,0.921
387,115,25367,494.82,644.35,424.2,464.14,0.7571
388,115,27993,100.68,878.72,267.19,177.57,0.7148
389,1150,3483,562.33,812.75,267.32,220.72,0.993
390,1150,27777,175.67,811.15,176.64,203.37,0.945
391,1150,29667,633.56,163.32,224.55,215.07,0.8038
392,1150,25367,84.08,57.79,393.86,463.88,0.5763
393,1153,3483,600.64,866.52,260.56,231.79,0.993
394,1153,19861,124.46,865.35,222.68,170.42,0.9635
395,1153,16232,643.91,176.25,190.84,186.53,0.8799
396,1153,22347,142.45,210.25,206.75,198.73,0.7829
397,1154,3483,573.61,832.97,256.7,233.74,0.9823
398,1154,16232,613.93,173.34,188.71,181.87,0.8979
399,1154,19861,89.65,826.51,229.47,175.86,0.8696
400,1154,22347,127.16,201.16,205.99,194.2,0.6729
401,1155,3483,150.88,218.79,249.53,222.54,0.9868
402,1155,16232,144.57,898.49,195.87,190.98,0.9616
403,1155,19861,639.11,276.54,221.65,173.25,0.9454
404,1155,22347,640.75,862.38,213.2,204.58,0.8581
405,1156,13900,182.99,282.55,205.92,228.53,0.9859
406,1156,16262,570.78,308.83,245.74,237.41,0.9422
407,1156,3351,390.39,857.36,191.02,190.59,0.8981
408,1156,36637,182.85,281.58,208.42,231.93,0.2489
409,1157,3351,354.18,179.6,184.29,191.1,0.9958
410,1157,13900,552.31,712.11,214.98,246.79,0.9573
411,1157,16262,109.22,677.74,247.94,242.58,0.95
412,1157,32310,538.39,699.41,243.27,274.51,0.1465
413,1158,3351,396.37,243.03,184.95,182.32,0.9821
414,1158,13900,591.2,802.01,211.95,242.61,0.9763
415,1158,16262,151.7,764.45,246.2,240.99,0.9503
416,1158,36637,591.48,804.0,211.97,243.32,0.1955
417,1159,3351,401.85,809.69,189.0,189.6,0.9975
418,1159,18357,150.08,302.61,245.84,353.51,0.9738
419,1159,16232,646.82,293.01,188.52,195.27,0.8662
420,1159,16262,150.79,302.75,246.34,351.62,0.2818
421,1161,3351,386.8,280.21,183.37,182.25,0.9984
422,1161,16232,130.41,817.41,188.95,189.82,0.9603
423,1161,18357,580.46,614.05,246.79,374.52,0.9472
424,1161,32310,574.99,614.43,260.97,372.48,0.2154
425,1163,3544,115.38,185.04,210.02,203.08,0.7148
426,1163,29451,491.63,807.77,417.86,233.73,0.6779
427,1163,16551,36.62,602.14,307.48,475.04,0.6264
428,1163,16262,650.77,198.78,236.11,216.52,0.603
429,1164,3544,97.62,178.22,206.07,201.58,0.7736
430,1164,16551,8.64,554.57,303.4,479.66,0.7258
431,1164,29451,461.55,765.56,418.15,243.92,0.7002
432,1164,16262,629.01,193.77,218.84,212.52,0.4281
433,1166,25469,569.88,182.28,329.98,291.99,0.9627
434,1166,3483,125.85,271.94,274.27,187.08,0.952
435,1166,36637,127.69,829.04,187.14,260.91,0.6788
436,1166,25367,569.22,682.27,387.84,489.37,0.6214
437,1167,3483,603.17,843.92,279.21,188.3,0.982
438,1167,25469,82.27,830.78,342.85,301.49,0.961
439,1167,36637,673.38,172.66,181.91,254.87,0.8196
440,1167,25367,39.45,100.61,405.27,464.03,0.6499
441,1168,25469,37.69,788.12,356.25,301.98,0.9453
442,1168,3483,573.52,809.99,285.74,192.17,0.9349
443,1168,29667,591.51,167.76,219.55,216.8,0.7662
444,1168,30308,33.77,15.06,348.28,430.34,0.6404
445,1170,3483,602.84,844.7,275.27,187.56,0.9778
446,1170,25469,79.81,831.47,346.74,303.13,0.9628
447,1170,29667,620.07,170.37,225.82,216.69,0.7959
448,1170,19552,40.48,21.51,364.17,443.9,0.4892
449,1171,16548,577.81,745.51,241.05,231.56,0.9381
450,1171,3544,119.99,179.24,204.66,204.61,0.7645
451,1171,16262,93.61,787.72,231.28,221.11,0.7544
452,1171,4543,638.11,152.43,201.57,197.94,0.5158
453,1173,16548,156.08,283.49,238.26,227.11,0.9037
454,1173,3544,644.96,876.74,216.73,210.91,0.8926
455,1173,4543,102.96,907.42,213.68,210.22,0.8337
456,1173,16262,643.32,261.15,220.34,215.84,0.5287
457,1174,3483,135.16,295.76,274.44,165.31,0.926
458,1174,29667,126.86,860.57,227.22,231.15,0.8777
459,1174,16688,572.97,749.27,398.84,432.28,0.7729
460,1174,22347,682.77,259.22,205.5,192.9,0.7145
461,1176,3483,589.94,847.13,282.49,167.91,0.9726
462,1176,29667,633.75,179.3,224.42,217.17,0.836
463,1176,30308,28.79,75.71,393.12,418.91,0.646
464,1176,19552,36.83,73.43,394.49,423.12,0.6064
465,1178,3483,538.54,777.48,267.62,226.3,0.9889
466,1178,27777,144.15,777.26,177.97,206.62,0.9671
467,1178,20238,576.89,190.57,221.55,212.76,0.8361
468,1178,31885,104.0,38.75,398.05,514.56,0.6173
469,118,13900,64.5,307.17,227.07,220.58,0.975
470,118,3351,456.87,846.94,188.65,191.85,0.904
471,118,16688,413.5,86.7,439.07,513.08,0.8855
472,118,19552,411.44,81.53,442.03,517.03,0.3563
473,1180,21325,186.21,306.76,164.22,228.22,0.9941
474,1180,3351,394.88,916.52,190.84,192.93,0.9688
475,1180,19232,495.21,233.94,327.26,258.97,0.8648
476,1180,32310,497.08,232.83,323.25,254.03,0.292
477,1184,1900,187.87,273.91,201.97,135.6,0.952
478,1184,16548,139.43,879.65,248.68,240.13,0.8508
479,1184,22362,657.79,829.05,202.12,299.59,0.4591
480,1184,2483,657.79,829.05,202.12,299.59,0.4467
481,1185,1900,610.27,902.99,205.05,133.55,0.9689
482,1185,16548,601.37,149.17,239.27,225.81,0.9646
483,1185,3351,123.26,866.55,181.83,177.28,0.5571
484,1185,22362,140.93,143.67,201.99,289.25,0.4337
485,1186,2483,87.83,677.65,229.79,469.35,0.7816
486,1186,12778,517.79,568.17,297.16,475.76,0.7299
487,1186,16548,549.45,194.83,273.49,264.46,0.5883
488,1186,19552,519.7,567.68,294.7,476.77,0.587
489,1187,2483,615.02,60.03,222.94,473.07,0.913
490,1187,19552,118.05,167.82,298.32,480.36,0.6639
491,1187,16548,103.63,804.03,275.59,269.25,0.5636
492,1187,27926,582.89,707.9,222.61,440.76,0.4573
493,1189,2483,594.72,77.59,239.24,469.98,0.9435
494,1189,3743,114.6,790.56,328.44,318.56,0.5254
495,1189,12778,111.25,144.95,285.99,468.99,0.5153
496,1189,22362,600.83,716.4,227.12,443.1,0.4501
497,119,3351,292.28,192.0,184.72,190.29,0.9959
498,119,13900,651.07,705.11,227.39,222.24,0.9633
499,119,16688,74.92,579.62,450.88,566.6,0.9533
500,119,36637,650.35,706.91,226.16,221.25,0.3016
501,1190,2483,587.35,118.41,231.94,451.39,0.9453
502,1190,19552,118.84,188.31,282.87,461.27,0.6493
503,1190,20014,118.52,798.47,329.11,324.11,0.5361
504,1190,3743,116.67,799.29,330.8,322.66,0.4072
505,1191,2483,92.15,667.62,250.58,467.56,0.8868
506,1191,22362,113.16,118.41,221.01,417.34,0.6116
507,1191,12778,538.87,595.35,292.33,475.62,0.5782
508,1191,16548,489.18,168.05,319.24,300.36,0.5452
509,1192,1900,643.63,854.17,205.17,174.42,0.9744
510,1192,16548,86.1,257.18,367.73,207.78,0.8164
511,1192,16551,80.97,694.4,296.92,490.14,0.4758
512,1192,25469,85.6,258.47,366.02,206.38,0.4621
513,1194,1900,150.05,253.17,195.44,166.69,0.9735
514,1194,16551,610.43,65.56,290.72,476.96,0.7455
515,1194,33009,546.08,832.4,375.23,200.66,0.7073
516,1194,22362,610.43,65.56,290.72,476.96,0.4652
517,1196,3483,173.06,276.44,261.62,218.02,0.9786
518,1196,35206,141.24,702.89,239.08,417.99,0.9745
519,1196,27777,635.87,292.24,176.11,196.56,0.9698
520,1196,28763,618.83,889.25,214.68,209.47,0.8652
521,1197,3483,567.45,808.22,269.92,221.09,0.9704
522,1197,35206,617.8,141.49,221.71,402.71,0.9561
523,1197,27777,178.18,812.69,178.13,205.03,0.9515
524,1197,28763,164.32,177.77,209.06,201.62,0.8673
525,1198,3483,568.06,814.36,266.28,219.74,0.9703
526,1198,28763,129.27,215.5,211.72,201.88,0.9514
527,1198,27777,178.43,814.18,176.49,204.85,0.9467
528,1198,20238,604.45,196.51,229.82,215.92,0.7949
529,1199,3483,173.34,274.56,263.55,217.41,0.9795
530,1199,28763,652.08,855.64,214.25,205.73,0.9449
531,1199,27777,635.67,291.59,175.77,196.78,0.9025
532,1199,20238,154.79,850.2,230.67,228.22,0.6622
533,120,3351,331.36,253.77,187.44,184.15,0.9943
534,120,13900,689.05,792.77,231.29,221.08,0.9542
535,120,16688,111.6,672.26,453.28,574.91,0.9351
536,120,19552,113.54,673.22,449.04,572.13,0.4668
537,1201,16548,584.98,213.13,232.45,224.5,0.9821
538,1201,3544,142.36,186.06,203.41,202.26,0.9347
539,1201,1900,585.31,814.53,204.41,158.85,0.785
540,1201,27993,569.06,805.1,256.22,173.94,0.3738
541,1204,32310,67.75,215.93,339.87,253.54,0.9791
542,1204,22074,686.04,265.01,183.55,185.77,0.9741
543,1204,3351,390.69,861.79,194.52,191.46,0.9336
544,1204,21325,689.31,264.47,180.7,185.94,0.3662
545,1206,3351,394.11,223.61,185.77,182.56,0.9982
546,1206,32310,565.19,815.73,353.47,275.55,0.9817
547,1206,22074,90.24,854.36,187.89,186.13,0.9256
548,1206,18147,548.2,798.17,377.3,299.07,0.2509
549,1207,3483,173.64,277.54,259.94,218.7,0.991
550,1207,16232,150.38,827.7,194.27,194.61,0.9588
551,1207,27777,635.41,291.88,176.39,197.0,0.9575
552,1207,22347,685.23,814.44,212.89,204.18,0.7485
553,1209,3483,568.29,811.18,263.92,221.0,0.9928
554,1209,27777,179.08,812.48,175.82,205.23,0.9395
555,1209,16232,641.94,252.24,189.17,181.8,0.8992
556,1209,22347,98.47,261.01,207.05,196.56,0.7611
557,1210,3483,651.46,751.01,210.95,265.71,0.9744
558,1210,35206,660.89,176.3,225.8,400.66,0.9708
559,1210,20877,117.21,767.87,331.24,230.45,0.8925
560,1210,25367,58.19,146.87,478.21,385.04,0.4847
561,1212,35206,98.29,671.26,237.58,412.67,0.9733
562,1212,3483,140.45,291.66,213.61,258.68,0.9204
563,1212,20877,542.62,292.26,332.7,237.53,0.894
564,1212,34597,454.47,706.48,481.38,406.73,0.3918
565,1213,25438,128.21,836.71,258.16,253.73,0.9236
566,1213,2483,664.93,67.73,197.43,478.36,0.884
567,1213,13395,583.92,685.56,240.39,483.37,0.5824
568,1213,19552,119.95,13.31,290.59,476.48,0.561
569,1214,2483,653.14,115.01,202.73,451.05,0.9529
570,1214,25438,127.57,849.55,266.13,264.19,0.8854
571,1214,19552,120.82,67.51,285.91,457.03,0.5926
572,1214,30308,119.89,67.75,289.94,456.58,0.373
573,1216,3544,658.3,864.61,217.28,210.78,0.9123
574,1216,16262,129.01,848.58,231.13,223.69,0.8492
575,1216,16551,618.1,178.83,282.6,468.24,0.6614
576,1216,27926,161.73,173.4,259.84,461.24,0.6534
577,1219,3544,100.16,238.56,207.68,203.34,0.8676
578,1219,29345,571.14,667.22,288.5,444.85,0.833
579,1219,16551,61.55,583.32,334.08,462.73,0.7684
580,1219,16262,645.86,208.92,224.75,214.32,0.589
581,122,3483,572.98,809.64,282.21,197.11,0.9666
582,122,25469,37.63,785.56,354.97,304.68,0.9056
583,122,29667,592.46,168.63,221.33,216.8,0.8511
584,122,25367,53.01,103.25,399.2,465.12,0.744
585,1220,3544,118.17,252.0,210.65,202.89,0.8686
586,1220,29345,600.99,703.39,282.89,445.22,0.8487
587,1220,16262,680.92,215.15,227.28,215.1,0.6858
588,1220,16551,87.54,623.39,336.47,467.77,0.6528
589,1222,3483,561.43,809.01,290.99,177.39,0.9667
590,1222,36637,610.88,201.41,192.6,246.23,0.8214
591,1222,30308,90.08,110.16,319.34,484.74,0.6072
592,1222,19552,94.78,106.82,315.55,488.33,0.5423
593,1224,3483,593.83,846.37,281.56,169.77,0.9576
594,1224,36637,640.24,209.71,195.35,248.13,0.9054
595,1224,31885,101.4,112.58,355.15,513.71,0.5583
596,1224,19552,122.34,118.94,308.91,500.12,0.5311
597,1226,3483,601.26,867.28,260.45,231.31,0.9953
598,1226,19861,124.09,864.84,224.59,171.0,0.9581
599,1226,35206,582.74,97.77,286.46,381.54,0.9395
600,1226,19552,127.72,0,318.61,548.9,0.5902
601,1227,3483,149.98,217.25,250.52,227.58,0.9937
602,1227,35206,108.55,771.29,300.49,395.24,0.9732
603,1227,19861,638.22,276.22,222.71,173.51,0.9539
604,1227,19552,549.17,686.81,326.98,568.86,0.3256
605,1232,3483,144.32,288.91,210.59,253.96,0.972
606,1232,29667,133.65,856.48,230.67,228.01,0.9575
607,1232,20877,590.28,258.5,327.86,245.29,0.8252
608,1232,31885,545.12,657.13,404.47,531.94,0.444
609,1235,1900,150.39,252.43,195.29,166.63,0.9764
610,1235,16548,622.08,141.9,238.18,227.11,0.8761
611,1235,21771,159.69,806.33,191.49,184.43,0.8559
612,1235,33009,545.52,832.26,383.75,202.94,0.7244
613,1237,1900,106.99,272.21,198.66,122.34,0.9604
614,1237,16548,614.42,189.08,234.48,225.11,0.7999
615,1237,29345,157.41,685.89,265.63,448.83,0.7262
616,1237,16688,157.41,685.89,265.63,448.83,0.667
617,1238,1900,686.46,880.86,204.18,128.45,0.9713
618,1238,16548,133.71,843.1,242.8,238.85,0.9054
619,1238,27926,571.82,176.39,252.8,420.26,0.5096
620,1238,3832,571.02,174.52,254.57,423.15,0.4859
621,1239,1900,89.62,258.93,196.67,126.97,0.9863
622,1239,16548,582.43,181.72,234.93,226.16,0.7223
623,1239,29345,129.54,644.3,269.29,452.83,0.7169
624,1239,16688,131.13,643.35,266.46,456.52,0.6066
625,124,1900,174.6,279.78,203.45,140.99,0.9484
626,124,3832,0,760.58,367.04,457.03,0.7715
627,124,21771,683.73,883.55,201.07,190.94,0.7592
628,124,16551,0,764.56,365.74,457.09,0.708
629,1242,1900,158.02,260.15,127.55,198.51,0.9771
630,1242,29345,83.32,706.75,287.22,445.19,0.8852
631,1242,16551,547.0,91.6,292.07,470.55,0.7409
632,1242,31885,551.65,88.55,282.86,467.27,0.3161
633,1243,3483,606.47,791.12,272.26,208.26,0.9786
634,1243,27733,120.67,774.31,310.24,278.3,0.7547
635,1243,19552,55.7,138.64,377.19,425.07,0.5537
636,1243,29345,55.39,137.78,378.48,428.1,0.5161
637,1244,35206,122.45,731.53,272.13,402.82,0.9711
638,1244,3483,127.1,306.03,268.35,202.92,0.9636
639,1244,27733,561.71,258.73,305.07,268.92,0.8435
640,1244,30308,557.99,685.01,379.36,434.03,0.5353
641,1245,3483,579.3,757.45,275.31,211.23,0.9885
642,1245,27733,87.67,726.11,316.6,280.82,0.7627
643,1245,30308,45.28,122.01,358.87,419.28,0.6231
644,1245,29345,44.97,121.9,359.73,419.18,0.5643
645,1246,3483,537.92,776.06,266.77,225.55,0.9903
646,1246,27777,143.6,776.29,178.92,207.4,0.9664
647,1246,16262,574.77,185.4,240.23,232.33,0.9451
648,1246,16688,48.98,87.14,405.4,466.23,0.6473
649,1248,3483,175.69,274.04,260.04,219.89,0.9867
650,1248,27777,635.74,292.87,176.59,196.92,0.9675
651,1248,16262,136.4,832.63,251.14,247.97,0.9352
652,1248,16688,514.39,668.82,424.54,494.9,0.5678
653,125,1900,622.32,889.61,207.32,140.53,0.9136
654,125,21771,112.77,203.34,198.03,185.01,0.8784
655,125,35206,621.56,33.41,354.44,436.85,0.7662
656,125,16551,620.47,33.95,354.97,439.69,0.5863
657,1250,2483,609.51,104.87,212.18,448.25,0.8238
658,1250,19552,116.56,92.01,267.08,491.12,0.6465
659,1250,12778,116.56,92.01,267.08,491.12,0.5717
660,1250,3832,593.19,708.98,226.39,453.04,0.5666
661,1251,2483,88.35,677.5,228.3,469.91,0.9072
662,1251,22362,138.42,118.95,212.58,422.91,0.7139
663,1251,35206,136.99,117.62,213.82,424.56,0.576
664,1251,13395,138.42,118.95,212.58,422.91,0.534
665,1252,3483,649.51,754.52,210.18,266.26,0.9558
666,1252,20877,70.38,801.31,325.52,246.0,0.8741
667,1252,29667,625.51,184.24,225.19,218.4,0.8542
668,1252,30308,68.93,76.84,402.18,416.53,0.7199
669,1254,3483,620.78,718.94,210.92,270.14,0.9703
670,1254,30308,55.99,71.24,384.91,396.06,0.8159
671,1254,29667,596.16,177.14,221.04,219.89,0.769
672,1254,20877,37.28,756.1,327.42,251.05,0.7268
673,1256,19607,657.87,274.29,154.49,148.33,0.9454
674,1256,1900,642.3,826.36,172.42,204.06,0.9157
675,1256,16551,89.21,660.24,305.28,487.33,0.7149
676,1256,27926,133.28,128.94,249.22,421.35,0.5149
677,126,1900,596.47,856.27,208.28,144.6,0.9117
678,126,16551,590.91,27.82,346.76,432.6,0.8849
679,126,21771,99.38,194.73,190.47,184.45,0.8418
680,126,3832,596.97,24.33,346.52,445.84,0.461
681,1261,3483,594.71,847.38,278.85,170.05,0.983
682,1261,22347,138.75,168.96,207.0,198.85,0.9199
683,1261,16232,645.13,231.36,192.8,182.77,0.7901
684,1261,28763,93.64,853.49,221.79,200.59,0.6052
685,1262,3483,561.3,811.53,288.68,173.07,0.964
686,1262,16232,615.26,220.24,190.69,185.79,0.9181
687,1262,22347,122.27,162.79,201.96,194.68,0.8238
688,1262,20238,60.52,810.78,223.61,209.91,0.5243
689,1263,16232,139.23,846.14,199.83,192.98,0.9555
690,1263,3483,134.19,292.18,273.83,168.8,0.9359
691,1263,22347,646.46,901.31,212.35,206.54,0.8798
692,1263,21771,682.55,256.87,208.17,196.05,0.683
693,1264,36637,227.4,319.4,202.44,237.25,0.9721
694,1264,31863,635.78,321.38,206.17,206.01,0.9595
695,1264,3351,391.96,861.49,190.0,190.31,0.714
696,1264,21325,224.98,320.41,204.55,236.81,0.4142
697,1265,3351,354.63,177.8,184.46,188.48,0.9937
698,1265,36637,506.19,661.57,211.92,252.46,0.9642
699,1265,31863,79.13,704.54,210.39,212.48,0.8752
700,1265,21325,505.11,661.97,209.83,250.75,0.3793
701,1269,3351,360.73,233.53,183.42,179.84,0.9866
702,1269,13900,613.03,759.91,179.76,263.65,0.956
703,1269,36637,218.26,767.01,212.92,244.36,0.8537
704,1269,21325,218.26,767.01,212.92,244.36,0.5426
705,127,2483,640.0,129.36,200.78,450.79,0.9122
706,127,22362,618.68,789.6,257.17,408.62,0.794
707,127,19552,138.08,180.8,278.95,500.33,0.6039
708,127,16688,135.97,177.87,279.59,504.01,0.4077
709,1270,1900,632.32,893.97,208.09,134.71,0.9809
710,1270,16548,114.1,852.17,244.89,238.89,0.8915
711,1270,27926,150.94,144.08,254.95,454.54,0.7296
712,1270,12778,153.02,141.84,254.01,457.39,0.5985
713,1272,1900,156.75,252.75,201.09,124.0,0.9822
714,1272,16548,628.01,175.45,240.44,227.78,0.9303
715,1272,27926,592.8,676.14,255.07,475.84,0.7672
716,1272,29345,602.3,675.07,247.6,469.14,0.3536
717,1273,2483,114.66,683.96,220.12,477.92,0.8874
718,1273,25438,552.34,205.37,253.12,248.27,0.8686
719,1273,12778,551.36,600.02,281.17,517.09,0.4875
720,1273,27926,552.35,602.15,279.02,512.27,0.427
721,1274,25438,123.48,809.33,258.93,258.23,0.8852
722,1274,2483,603.24,49.58,216.68,479.76,0.8726
723,1274,12778,110.35,91.99,276.7,515.36,0.6218
724,1274,29345,110.35,91.99,276.7,515.36,0.3803
725,1278,3351,415.18,256.33,186.44,181.25,0.9986
726,1278,3832,145.32,604.06,311.52,419.98,0.9718
727,1278,38162,622.62,702.72,190.18,296.57,0.9502
728,1278,27733,145.32,604.06,311.52,419.98,0.1894
729,1279,1900,649.51,857.32,208.11,153.72,0.9687
730,1279,21771,674.83,285.58,190.25,182.23,0.8681
731,1279,16551,90.3,764.2,295.22,496.93,0.6095
732,1279,30308,90.3,764.2,295.22,496.93,0.4552
733,128,2483,653.51,80.04,193.48,482.36,0.9086
734,128,22362,610.17,788.18,249.73,400.25,0.7643
735,128,12778,133.82,145.16,278.75,511.3,0.7189
736,128,16548,132.38,852.92,278.07,266.2,0.4917
737,1280,1900,123.38,259.06,198.86,149.46,0.8609
738,1280,21771,91.06,811.23,196.78,188.62,0.7817
739,1280,29345,588.89,689.34,271.67,455.59,0.7076
740,1280,16551,572.11,0,277.66,458.2,0.6004
741,1282,2483,61.62,651.6,194.74,471.65,0.8721
742,1282,12778,514.98,597.25,291.23,484.75,0.5724
743,1282,19552,514.98,597.25,291.23,484.75,0.4806
744,1282,3743,492.57,127.41,318.94,304.26,0.4806
745,1284,2483,672.83,79.26,201.27,482.64,0.9218
746,1284,3743,112.45,835.03,325.74,317.92,0.6487
747,1284,13395,623.16,681.81,234.2,490.36,0.57
748,1284,19552,126.0,129.4,297.9,484.38,0.5425
749,129,22362,84.38,86.04,250.17,382.42,0.8513
750,129,2483,86.58,649.64,192.89,475.47,0.8477
751,129,16548,520.31,156.1,269.0,262.15,0.7308
752,129,3743,520.03,156.24,269.4,261.09,0.5695
753,1290,1900,160.82,256.36,126.11,199.78,0.9819
754,1290,29345,586.87,529.97,268.08,446.52,0.9039
755,1290,16548,535.55,134.82,235.36,229.35,0.7942
756,1290,27926,586.04,535.54,274.19,440.03,0.2725
757,1293,3483,540.11,777.22,266.22,227.47,0.9845
758,1293,27777,143.82,775.73,178.89,207.2,0.9605
759,1293,20238,575.02,188.27,223.51,214.87,0.859
760,1293,30308,110.5,85.91,299.99,447.61,0.5903
761,1294,35206,678.02,150.19,203.66,410.28,0.9701
762,1294,3483,593.39,847.57,282.3,169.58,0.9657
763,1294,25367,9.87,53.37,419.67,452.61,0.6329
764,1294,20238,96.6,852.28,216.43,204.17,0.5471
765,1295,3483,559.94,810.4,293.31,174.97,0.968
766,1295,35206,643.21,143.68,204.68,398.72,0.955
767,1295,20238,62.85,810.49,220.9,207.93,0.6458
768,1295,25367,3.11,33.72,398.59,453.03,0.6179
769,1296,3483,133.72,294.88,276.22,163.26,0.9561
770,1296,35206,108.66,681.11,198.73,422.38,0.8245
771,1296,22347,682.91,256.41,207.4,194.27,0.6223
772,1296,16688,568.15,734.16,407.85,482.12,0.6145
773,1297,16548,150.04,247.12,234.07,225.89,0.8871
774,1297,4543,156.09,893.67,213.27,206.37,0.8604
775,1297,3544,641.94,918.57,220.11,212.65,0.7803
776,1297,19607,688.89,274.35,180.98,174.74,0.6006
777,1298,16548,618.75,827.41,237.21,228.66,0.9644
778,1298,3544,137.18,142.73,210.41,204.69,0.9637
779,1298,4543,615.39,171.04,210.86,199.99,0.7083
780,1298,27777,617.62,828.42,238.23,228.44,0.3198
781,13,3351,429.76,854.25,189.21,190.84,0.9931
782,13,33880,477.54,247.77,434.57,272.16,0.9118
783,13,22074,141.12,330.88,195.05,192.85,0.7081
784,13,16232,141.24,331.68,194.6,192.32,0.3225
785,130,3483,174.12,276.5,261.97,220.08,0.9866
786,130,27777,635.64,293.36,176.28,196.7,0.9672
787,130,21771,637.16,295.55,172.48,191.92,0.6435
788,130,30308,505.64,764.3,470.36,316.71,0.575
789,1300,3483,591.47,845.59,282.07,167.47,0.9758
790,1300,29667,633.4,179.02,226.11,217.04,0.7823
791,1300,30308,65.96,125.07,459.43,466.53,0.6746
792,1300,31885,64.5,122.84,462.13,471.95,0.6348
793,1302,3483,559.8,808.3,290.16,179.61,0.9439
794,1302,30308,58.28,99.08,441.05,470.42,0.6574
795,1302,16551,56.99,96.7,440.28,474.4,0.6354
796,1302,31885,59.05,95.13,435.51,475.39,0.6258
797,1305,1900,633.88,893.78,208.53,134.84,0.9595
798,1305,3483,139.58,296.57,277.8,146.48,0.6705
799,1305,16551,77.21,676.08,336.09,459.55,0.6082
800,1305,27926,603.17,158.17,256.91,452.98,0.5695
801,1309,28763,587.59,873.07,215.96,207.18,0.9638
802,1309,3483,125.39,305.95,270.17,200.58,0.9637
803,1309,27733,557.42,253.93,304.87,265.51,0.9025
804,1309,29667,88.43,858.39,229.84,232.05,0.8409
805,1311,3483,577.72,758.82,276.81,210.04,0.9834
806,1311,28763,174.21,185.1,208.9,203.37,0.9121
807,1311,27733,92.87,734.9,315.19,278.27,0.8862
808,1311,29667,640.25,173.36,219.95,220.63,0.8298
809,1312,2483,612.53,52.51,253.34,473.18,0.9711
810,1312,16548,105.09,810.25,279.66,273.4,0.6562
811,1312,19552,76.9,71.66,302.19,468.13,0.5169
812,1312,3483,613.31,53.2,254.71,475.71,0.4983
813,1315,3351,421.85,879.72,190.25,192.16,0.9647
814,1315,19232,540.47,211.52,296.87,288.76,0.945
815,1315,16688,155.55,104.67,262.76,575.53,0.5989
816,1315,2483,155.92,99.48,262.87,581.88,0.4277
817,1316,3351,325.05,161.4,186.28,189.06,0.9989
818,1316,19232,82.24,695.04,308.39,308.24,0.9628
819,1316,16688,512.67,485.66,292.45,623.81,0.6212
820,1316,13900,82.3,693.55,308.21,309.67,0.411
821,132,3483,566.24,810.0,266.57,222.93,0.9936
822,132,27777,177.8,813.06,177.54,204.16,0.9595
823,132,36637,664.0,178.43,190.96,251.79,0.6869
824,132,30308,20.35,176.92,463.07,313.61,0.639
825,1322,2483,92.52,677.6,215.06,466.06,0.8757
826,1322,22362,139.68,119.64,208.02,420.99,0.6372
827,1322,16548,550.48,193.8,272.42,265.8,0.5712
828,1322,13395,139.61,120.06,208.4,420.73,0.4427
829,1323,2483,616.26,60.84,221.52,471.17,0.89
830,1323,12778,128.0,114.51,328.0,487.52,0.5472
831,1323,13395,581.99,707.67,222.15,440.12,0.5302
832,1323,16548,103.55,804.87,275.37,267.02,0.5049
833,1326,3351,366.63,245.81,186.21,182.51,0.9994
834,1326,20238,600.48,839.94,223.49,224.31,0.9342
835,1326,18357,157.23,671.04,272.79,351.03,0.8527
836,1326,32310,153.53,669.96,277.35,349.34,0.5166
837,1327,1900,642.13,843.08,189.3,192.32,0.964
838,1327,16548,168.82,812.32,239.74,238.51,0.8103
839,1327,3483,175.07,235.37,195.69,259.16,0.5484
840,1327,29451,508.95,244.83,407.6,215.51,0.5473
841,1328,1900,164.46,247.74,183.7,184.36,0.9758
842,1328,16548,581.92,218.35,233.87,226.07,0.9425
843,1328,38162,630.01,810.42,202.28,271.52,0.7373
844,1328,29451,67.19,843.93,417.14,214.08,0.6365
845,1329,1900,145.68,240.33,181.78,183.36,0.9756
846,1329,16548,554.58,206.34,231.77,225.75,0.862
847,1329,29451,33.5,805.72,423.86,217.51,0.8277
848,1329,38162,596.3,781.26,211.14,273.12,0.5886
849,1330,35206,611.77,117.26,232.61,403.31,0.9884
850,1330,3483,602.21,845.12,282.01,185.37,0.9799
851,1330,25469,83.68,830.21,342.8,304.4,0.9723
852,1330,25367,83.06,165.42,450.49,423.7,0.6145
853,1331,35206,581.6,110.74,227.55,395.21,0.9691
854,1331,3483,574.42,808.13,289.25,193.46,0.9612
855,1331,25469,45.96,784.22,349.77,305.62,0.9603
856,1331,25367,68.74,141.9,431.7,422.28,0.5641
857,1332,35206,135.43,727.66,244.56,412.14,0.9815
858,1332,3483,126.01,273.8,271.36,186.49,0.9507
859,1332,25469,569.72,181.77,330.32,291.49,0.9421
860,1332,30308,456.42,654.56,458.57,435.22,0.5575
861,1333,20014,575.21,281.83,344.0,320.31,0.9838
862,1333,36637,155.59,286.22,194.6,244.89,0.9274
863,1333,3351,400.69,921.43,189.75,193.05,0.8606
864,1333,21325,157.32,287.51,192.59,244.53,0.463
865,1337,1900,163.98,248.03,185.3,182.1,0.9876
866,1337,16548,577.38,184.16,237.6,226.44,0.8174
867,1337,29451,494.94,824.27,399.43,263.33,0.7499
868,1337,25469,497.45,824.71,396.17,261.65,0.3439
869,134,35206,644.46,143.37,202.85,400.11,0.9432
870,134,3483,559.79,808.0,292.2,177.24,0.9421
871,134,31885,47.28,0,344.69,533.36,0.6265
872,134,19552,47.28,0,344.69,533.36,0.6024
873,1340,1900,644.39,859.54,209.68,158.86,0.9704
874,1340,16548,185.39,824.84,239.83,237.16,0.8652
875,1340,27926,134.32,125.41,251.01,420.98,0.6731
876,1340,29345,132.34,126.53,250.84,421.25,0.5431
877,1345,3483,603.3,845.61,278.56,187.38,0.9854
878,1345,25469,80.89,831.09,344.86,300.1,0.9641
879,1345,29667,618.1,171.58,226.44,218.64,0.7088
880,1345,31885,163.88,119.83,422.0,507.83,0.5301
881,1347,25469,570.13,184.64,332.51,287.52,0.9721
882,1347,3483,125.19,275.05,273.94,188.49,0.9411
883,1347,29667,138.19,868.18,233.48,229.32,0.8375
884,1347,31885,408.75,618.38,426.36,517.6,0.436
885,1348,3351,361.52,878.86,189.82,192.45,0.9733
886,1348,22074,672.49,309.85,187.72,188.3,0.956
887,1348,31863,184.85,263.8,203.65,207.6,0.9507
888,1348,25438,180.63,260.85,209.9,215.17,0.297
889,135,3483,593.0,845.86,278.97,169.22,0.9774
890,135,35206,678.38,149.77,203.65,410.88,0.9613
891,135,31885,56.7,16.19,358.63,536.36,0.6123
892,135,21771,93.89,854.96,217.95,204.72,0.5854
893,1350,3351,427.66,220.03,184.14,181.74,0.9903
894,1350,31863,586.63,858.61,206.49,203.74,0.965
895,1350,22074,103.67,815.39,187.65,188.24,0.961
896,1350,22074,588.41,857.73,205.16,204.39,0.3207
897,1353,3483,172.7,278.25,262.41,217.62,0.9906
898,1353,27777,634.18,292.42,177.02,197.12,0.9485
899,1353,16232,148.32,827.58,195.94,194.82,0.8812
900,1353,34597,509.33,684.73,447.07,457.79,0.5768
901,1354,3483,139.84,291.54,213.94,257.89,0.9674
902,1354,20877,541.99,291.67,333.61,236.85,0.8662
903,1354,36637,162.54,799.61,196.31,256.76,0.6028
904,1354,16688,572.44,727.28,342.69,475.48,0.5655
905,1355,3483,623.12,714.06,213.38,269.38,0.9825
906,1355,20877,86.57,724.21,331.27,240.77,0.8796
907,1355,36637,601.03,202.7,183.78,247.36,0.7066
908,1355,30308,73.41,45.85,319.0,444.56,0.4808
909,1357,16548,575.2,167.32,235.11,227.88,0.9544
910,1357,3544,92.5,226.15,203.5,204.49,0.898
911,1357,27926,160.96,677.01,222.47,359.22,0.6377
912,1357,4543,626.53,814.69,189.59,183.64,0.5017
913,1358,3544,108.45,239.23,212.11,202.76,0.9615
914,1358,16548,604.68,174.94,241.11,226.98,0.9451
915,1358,13900,194.39,717.49,212.28,354.85,0.6526
916,1358,16232,110.59,240.06,212.25,203.4,0.4164
917,1359,3544,672.09,826.38,216.31,210.49,0.9178
918,1359,38162,582.25,231.71,212.83,337.78,0.6948
919,1359,16548,134.81,854.03,247.54,237.49,0.6408
920,1359,27926,582.66,233.61,212.61,337.3,0.4936
921,136,1900,652.17,851.31,207.66,158.48,0.9829
922,136,16551,76.67,655.85,314.62,482.73,0.6361
923,136,35206,76.59,653.37,318.7,484.78,0.5089
924,136,25469,568.07,208.84,322.55,297.33,0.3964
925,1361,3351,357.45,148.95,183.13,187.59,0.9989
926,1361,29667,631.85,691.93,226.38,227.31,0.9136
927,1361,19232,167.39,649.32,243.26,355.27,0.8975
928,1361,32310,168.24,651.08,242.14,350.83,0.5839
929,1363,3351,432.32,887.22,189.28,190.23,0.9916
930,1363,33880,452.28,243.09,428.28,294.12,0.9663
931,1363,16262,118.6,294.38,242.56,233.9,0.9139
932,1363,20877,459.04,242.05,424.29,296.57,0.2459
933,1366,3483,132.41,292.97,277.95,166.82,0.9203
934,1366,29667,127.38,859.97,226.57,232.26,0.8816
935,1366,22347,662.28,836.91,212.2,204.99,0.8108
936,1366,21771,683.86,256.59,205.98,195.5,0.4899
937,1367,3483,559.87,807.9,288.74,179.02,0.9598
938,1367,29667,605.24,176.05,216.62,218.61,0.8274
939,1367,21771,104.66,225.26,203.59,195.38,0.5797
940,1367,22347,55.9,811.13,228.65,208.91,0.5495
941,1369,3483,602.46,868.6,258.95,229.26,0.9882
942,1369,19861,125.07,866.78,221.73,168.54,0.9722
943,1369,16262,638.77,179.82,243.37,227.26,0.9386
944,1369,22347,116.57,213.93,207.43,198.59,0.8563
945,1371,3483,572.56,836.01,259.45,236.06,0.9657
946,1371,16262,607.67,172.89,239.18,226.91,0.9236
947,1371,22347,100.68,205.06,202.73,194.82,0.9123
948,1371,19861,90.17,826.9,228.61,174.85,0.8861
949,1372,2483,588.86,127.65,289.09,427.92,0.9582
950,1372,19552,90.26,125.64,306.48,449.12,0.6753
951,1372,3743,69.1,809.58,333.59,331.49,0.517
952,1372,20014,68.89,809.94,333.23,333.12,0.5058
953,1376,1900,641.72,859.12,207.93,167.01,0.9326
954,1376,33208,155.06,297.61,203.28,195.3,0.6929
955,1376,16548,588.88,242.51,352.02,238.42,0.6891
956,1376,16551,88.65,699.75,291.61,495.19,0.6693
957,1377,1900,149.78,255.1,199.0,159.4,0.9612
958,1377,33208,641.24,809.32,206.34,197.19,0.9177
959,1377,16551,609.89,53.36,284.39,485.55,0.7519
960,1377,33009,40.49,817.76,366.68,237.55,0.6447
961,1378,3483,150.73,217.13,250.44,225.11,0.9843
962,1378,35206,107.2,767.55,299.16,396.26,0.9702
963,1378,19861,638.33,275.97,222.17,172.74,0.9521
964,1378,22347,624.17,869.62,212.63,205.66,0.8463
965,1379,3483,601.71,866.4,259.46,232.57,0.993
966,1379,19861,125.6,866.08,222.26,169.84,0.9484
967,1379,35206,580.88,98.57,285.22,378.59,0.8555
968,1379,22347,159.64,202.42,208.7,198.72,0.5562
969,1381,3351,406.8,845.29,191.76,191.36,0.9956
970,1381,32310,34.75,233.9,365.72,236.63,0.824
971,1381,21325,631.71,275.08,239.97,144.29,0.6971
972,1381,19232,40.02,235.07,366.95,233.42,0.3006
973,1384,3483,567.57,813.47,265.05,221.25,0.9897
974,1384,27777,176.84,814.4,178.16,204.92,0.9381
975,1384,20238,605.08,198.68,226.33,214.2,0.7887
976,1384,25367,53.11,96.94,404.87,448.89,0.7603
977,1385,3483,539.63,778.91,266.41,226.33,0.9833
978,1385,27777,143.26,776.24,179.83,207.73,0.975
979,1385,20238,575.93,190.09,222.77,212.79,0.8444
980,1385,25367,39.9,88.02,396.84,439.41,0.8284
981,1386,3483,175.32,273.79,260.68,217.35,0.9886
982,1386,27777,636.14,292.09,176.16,197.07,0.9115
983,1386,25367,535.44,697.72,419.04,472.2,0.7659
984,1386,20238,157.29,851.23,226.6,226.39,0.7437
985,1387,20238,603.07,182.35,227.57,214.52,0.8389
986,1387,22347,109.31,242.39,209.65,197.57,0.814
987,1387,3483,645.85,757.44,200.18,271.48,0.7594
988,1387,36637,137.77,830.68,268.93,313.67,0.354
989,139,35206,588.33,109.94,218.93,395.29,0.9708
990,139,25469,38.9,786.07,354.9,304.93,0.9546
991,139,3483,574.19,808.85,284.68,195.08,0.9479
992,139,31885,10.27,39.75,392.23,517.03,0.3878
993,1390,2483,600.47,123.92,207.96,456.56,0.936
994,1390,25438,152.62,871.01,268.89,267.41,0.9064
995,1390,22362,602.38,752.61,270.25,409.74,0.8234
996,1390,19552,119.37,187.27,341.6,430.91,0.7812
997,1392,2483,605.96,82.84,222.48,478.93,0.9362
998,1392,25438,154.32,857.7,260.25,259.01,0.923
999,1392,22362,590.78,752.67,264.47,401.09,0.8657
1000,1392,19552,116.68,144.45,344.39,443.02,0.6739
1001,1393,3483,176.42,274.93,259.3,217.16,0.9823
1002,1393,27777,636.0,292.45,176.62,196.47,0.967
1003,1393,16262,134.42,836.91,250.45,241.82,0.9191
1004,1393,22347,681.49,871.81,215.11,204.7,0.7242
1005,1395,3483,537.63,776.91,268.17,226.78,0.9876
1006,1395,27777,143.52,777.26,178.13,206.88,0.969
1007,1395,22347,85.64,192.21,203.31,196.22,0.9163
1008,1395,16262,576.89,186.24,236.77,230.89,0.9053
1009,1396,2483,82.59,664.46,212.07,476.93,0.8093
1010,1396,12778,515.97,603.64,310.26,476.01,0.6473
1011,1396,16548,524.05,165.3,268.03,263.4,0.5717
1012,1396,19552,518.35,603.29,306.6,475.6,0.5352
1013,140,35206,613.41,118.28,230.2,402.13,0.985
1014,140,25469,82.33,830.62,343.65,302.62,0.9774
1015,140,3483,603.44,846.0,276.26,185.85,0.9751
1016,140,31885,17.49,63.83,408.45,513.53,0.4022
1017,1401,3483,125.89,271.59,274.21,187.06,0.9495
1018,1401,25469,570.16,182.36,332.47,288.17,0.9409
1019,1401,22347,651.35,854.18,211.92,203.14,0.8847
1020,1401,29667,139.55,868.6,228.6,228.4,0.8307
1021,1402,3351,423.34,884.76,191.48,191.83,0.9853
1022,1402,33880,460.05,199.13,386.21,365.03,0.8703
1023,1402,30308,461.44,198.87,387.16,364.1,0.7279
1024,1402,16262,69.88,339.35,251.12,296.88,0.6356
1025,1404,3351,363.79,215.58,184.72,182.45,0.9986
1026,1404,20238,666.77,759.92,233.08,226.26,0.8992
1027,1404,33880,119.24,740.52,388.28,380.75,0.8266
1028,1404,30308,121.91,737.22,387.48,383.62,0.5121
1029,1407,3351,377.87,230.64,186.08,182.36,0.9978
1030,1407,38162,602.16,790.61,250.13,257.86,0.9956
1031,1407,33880,100.96,680.62,311.41,438.11,0.6242
1032,1407,12778,100.05,678.9,312.74,438.81,0.2806
1033,1408,1900,188.01,272.94,201.99,135.51,0.8711
1034,1408,16548,72.17,805.53,242.6,240.41,0.8667
1035,1408,33208,660.53,901.33,214.02,206.83,0.7948
1036,1408,22347,660.25,900.72,214.75,207.79,0.5525
1037,1411,3483,594.6,846.65,281.09,170.94,0.9645
1038,1411,36637,638.58,209.86,195.52,246.93,0.8934
1039,1411,30308,58.75,126.57,385.35,421.46,0.7149
1040,1411,25367,64.64,122.79,385.54,425.36,0.6812
1041,1413,3483,133.47,293.85,275.63,167.1,0.8924
1042,1413,36637,147.21,801.71,201.87,258.46,0.8222
1043,1413,30308,542.88,703.05,394.05,427.47,0.7679
1044,1413,21771,683.11,257.29,205.86,194.17,0.5982
1045,1414,3544,106.51,191.86,206.69,202.64,0.9266
1046,1414,16548,55.71,777.74,236.48,228.75,0.8544
1047,1414,27926,546.46,602.87,284.89,478.06,0.6314
1048,1414,16551,542.62,604.49,290.34,480.14,0.425
1049,1418,1900,127.01,254.35,198.15,150.93,0.9553
1050,1418,16551,102.62,651.47,286.61,487.94,0.6894
1051,1418,29345,579.72,699.47,270.02,451.0,0.454
1052,1418,19552,578.49,700.0,271.95,451.83,0.3764
1053,142,1900,582.81,867.11,205.11,144.0,0.9579
1054,142,16548,590.95,154.51,234.93,225.64,0.9003
1055,142,3483,79.57,175.11,252.03,226.09,0.5846
1056,142,38162,82.31,174.34,248.58,226.44,0.376
1057,1420,41768,100.13,240.58,291.96,264.27,0.9691
1058,1420,3351,408.61,875.05,189.53,191.22,0.944
1059,1420,16688,544.8,68.32,263.68,587.04,0.5291
1060,1420,27926,540.34,70.5,268.31,581.25,0.4696
1061,1421,3351,337.15,167.17,185.48,187.32,0.9984
1062,1421,41768,550.57,720.38,301.23,279.76,0.9579
1063,1421,16688,113.77,511.69,269.51,646.33,0.6529
1064,1421,12778,109.66,515.73,279.38,625.48,0.3628
1065,1424,3483,537.94,774.06,269.23,228.46,0.9888
1066,1424,27777,143.68,775.68,179.36,206.73,0.9727
1067,1424,35206,586.01,133.81,215.27,393.57,0.9714
1068,1424,31885,102.31,71.74,354.18,521.61,0.6342
1069,1425,3483,567.24,810.2,268.31,220.84,0.9883
1070,1425,27777,177.77,812.54,177.24,205.41,0.9701
1071,1425,35206,616.26,143.24,222.13,401.14,0.9679
1072,1425,31885,113.76,91.24,368.54,531.91,0.6967
1073,1429,29345,601.86,704.16,282.52,441.69,0.9043
1074,1429,16548,124.76,832.07,237.35,230.93,0.8505
1075,1429,3544,117.41,252.39,211.29,203.34,0.7291
1076,1429,16262,680.55,214.57,228.26,215.6,0.6948
1077,143,1900,609.84,904.59,203.54,132.33,0.9441
1078,143,16548,623.09,161.16,239.16,224.06,0.9413
1079,143,3483,91.64,184.07,257.5,227.45,0.7189
1080,143,3351,123.93,866.51,182.17,177.64,0.661
1081,1431,3544,100.16,239.23,207.64,202.87,0.9252
1082,1431,16548,88.09,789.06,239.92,234.65,0.9091
1083,1431,29345,570.75,667.63,288.82,443.97,0.8422
1084,1431,16262,646.24,207.67,222.75,214.3,0.6114
1085,1433,3351,366.97,172.92,182.87,184.6,0.9985
1086,1433,32310,0,664.16,304.0,331.27,0.9928
1087,1433,38162,611.07,755.96,295.82,208.74,0.8956
1088,1433,29345,0,635.45,319.37,371.28,0.253
1089,1435,3351,397.4,853.89,189.16,189.47,0.9734
1090,1435,13900,168.51,336.68,174.3,259.24,0.9694
1091,1435,20238,591.57,306.64,223.09,219.55,0.64
1092,1435,33208,591.74,308.51,222.33,217.63,0.2664
1093,1436,3351,348.76,185.87,184.47,189.55,0.9981
1094,1436,13900,595.86,623.77,181.08,270.03,0.9521
1095,1436,20238,109.48,701.56,230.38,226.14,0.8946
1096,1436,16262,107.23,701.42,233.04,229.69,0.36
1097,1438,16548,205.64,839.98,243.96,240.02,0.9087
1098,1438,1900,176.46,304.89,202.46,126.62,0.9031
1099,1438,3544,698.43,856.77,214.02,211.15,0.8168
1100,1438,38162,582.28,231.6,212.25,336.93,0.6415
1101,1439,1900,594.25,852.22,207.55,125.48,0.931
1102,1439,16548,510.86,175.85,235.99,231.28,0.8813
1103,1439,3544,68.97,200.18,204.91,199.22,0.8122
1104,1439,16232,70.6,199.68,207.34,198.64,0.6716
1105,1441,3483,579.36,758.78,273.39,210.57,0.9786
1106,1441,27733,93.57,735.04,313.97,276.97,0.8985
1107,1441,36637,589.37,203.64,254.83,171.24,0.6593
1108,1441,22347,120.27,170.62,204.4,198.18,0.5742
1109,1442,3483,606.11,791.14,274.75,209.23,0.9686
1110,1442,27733,126.18,783.56,311.14,277.24,0.8199
1111,1442,22347,131.01,179.65,209.44,197.88,0.7519
1112,1442,27993,621.21,208.8,262.67,171.6,0.6918
1113,1444,2483,99.17,700.09,203.74,475.28,0.8631
1114,1444,22362,135.12,120.4,215.44,421.61,0.6685
1115,1444,20014,481.04,152.08,318.57,305.02,0.5456
1116,1444,16548,487.25,162.93,304.8,279.83,0.5029
1117,1446,2483,633.06,38.04,196.36,476.62,0.9441
1118,1446,3743,124.06,806.09,329.57,316.94,0.5723
1119,1446,13395,581.05,708.08,226.4,440.41,0.5382
1120,1446,27926,582.19,708.52,225.89,440.53,0.5147
1121,1447,16548,42.96,790.87,239.47,232.55,0.9174
1122,1447,3544,97.69,178.31,206.76,201.13,0.8721
1123,1447,29451,463.34,765.92,416.43,244.38,0.7726
1124,1447,16262,629.03,194.27,218.91,213.72,0.5022
1125,1449,3544,115.82,185.06,209.64,202.78,0.8172
1126,1449,29451,492.53,805.68,414.45,237.8,0.7851
1127,1449,16548,78.66,833.48,238.17,228.67,0.7762
1128,1449,16262,651.34,199.97,234.41,213.36,0.6641
1129,1450,2483,605.17,47.88,213.34,484.06,0.9048
1130,1450,25438,123.45,809.49,256.97,258.18,0.8932
1131,1450,12778,126.26,78.2,263.23,505.1,0.7792
1132,1450,27926,126.5,78.12,261.98,501.43,0.4309
1133,1452,2483,598.84,94.45,202.46,454.26,0.9231
1134,1452,25438,122.45,823.18,269.25,267.74,0.8599
1135,1452,13395,606.61,721.54,223.92,498.99,0.6314
1136,1452,19552,128.05,121.28,269.09,498.37,0.4687
1137,1453,3351,456.77,908.39,190.05,189.58,0.9867
1138,1453,18357,50.05,312.03,279.24,330.89,0.9828
1139,1453,16688,477.55,121.18,419.1,530.86,0.9183
1140,1453,2483,476.21,119.52,418.52,531.63,0.4614
1141,1455,3351,332.51,192.86,186.02,182.66,0.9974
1142,1455,18357,648.98,649.49,286.27,344.27,0.9745
1143,1455,16688,73.53,619.76,428.76,578.97,0.9316
1144,1455,2483,73.05,619.8,429.95,577.06,0.3764
1145,1458,2483,606.87,67.82,247.58,472.12,0.9384
1146,1458,25438,104.8,829.85,262.68,256.01,0.8839
1147,1458,3483,607.39,69.42,247.43,468.93,0.4138
1148,1458,19552,80.09,176.01,286.63,490.79,0.408
1149,1459,2483,623.87,86.53,227.94,449.95,0.8886
1150,1459,19552,77.74,202.12,306.66,456.04,0.7641
1151,1459,3743,104.51,811.88,285.58,284.2,0.5136
1152,1459,16548,107.05,813.08,282.22,278.0,0.4786
1153,146,3483,171.73,276.93,262.8,218.32,0.9931
1154,146,27777,636.06,292.98,175.55,196.76,0.9539
1155,146,16232,148.49,828.54,195.06,194.41,0.8022
1156,146,31885,554.4,673.31,407.39,531.08,0.6981
1157,1460,2483,57.52,701.71,244.54,473.05,0.8199
1158,1460,12778,556.26,581.31,294.62,470.64,0.6624
1159,1460,22362,74.77,133.61,220.71,423.19,0.6348
1160,1460,19552,556.09,580.54,295.08,474.33,0.5451
1161,1461,2483,631.13,38.84,242.72,471.34,0.9478
1162,1461,12778,77.62,162.36,298.99,467.14,0.7012
1163,1461,33880,77.09,161.14,299.2,469.69,0.6057
1164,1461,16548,104.51,805.54,277.12,267.17,0.5691
1165,1462,3483,133.04,294.27,277.95,167.67,0.9418
1166,1462,25367,521.99,679.76,434.53,462.51,0.8118
1167,1462,22347,134.41,870.31,229.51,221.93,0.8081
1168,1462,19552,527.28,675.58,426.02,468.7,0.6195
1169,1463,3483,593.13,847.0,281.79,167.33,0.9677
1170,1463,25367,61.19,125.34,404.34,449.17,0.8669
1171,1463,22347,621.85,176.16,228.27,218.29,0.7495
1172,1463,19552,61.19,125.34,404.34,449.17,0.5978
1173,1464,3483,562.92,808.0,286.63,177.74,0.9138
1174,1464,25367,36.95,114.1,401.58,437.26,0.8557
1175,1464,20238,595.95,173.46,221.84,214.9,0.8318
1176,1464,20014,45.19,116.34,406.23,438.93,0.5934
1177,1466,3483,560.3,809.37,291.89,176.41,0.9564
1178,1466,16262,593.85,177.31,238.06,230.13,0.9061
1179,1466,22347,103.2,178.51,203.83,194.85,0.7721
1180,1466,20238,61.04,810.71,222.51,207.42,0.3505
1181,1473,1900,613.12,860.77,202.3,161.88,0.9267
1182,1473,16551,566.35,89.36,299.41,482.44,0.9157
1183,1473,19607,151.01,221.52,159.74,152.28,0.892
1184,1473,31885,569.47,85.02,304.34,486.61,0.5842
1185,1474,3483,606.65,789.9,275.05,207.53,0.977
1186,1474,27733,123.21,771.89,309.56,278.95,0.8112
1187,1474,27993,619.62,207.86,265.39,173.17,0.7996
1188,1474,36637,618.82,207.65,265.92,172.2,0.7024
1189,1476,3483,578.72,756.25,280.15,212.45,0.9853
1190,1476,27733,88.1,727.34,315.81,278.29,0.8088
1191,1476,25367,52.49,75.76,431.2,436.52,0.7248
1192,1476,16688,50.57,77.3,434.49,439.5,0.6515
1193,1477,3351,650.93,288.46,183.61,182.88,0.9934
1194,1477,18357,356.99,678.17,256.8,374.27,0.9801
1195,1477,36637,87.17,231.14,241.68,217.4,0.9259
1196,1477,29345,356.99,677.36,256.59,374.85,0.3013
1197,148,3351,402.14,849.44,189.78,190.42,0.9957
1198,148,19232,502.46,238.86,325.1,257.4,0.8309
1199,148,20238,118.23,299.69,228.32,221.5,0.6806
1200,148,32310,502.8,238.19,324.95,257.89,0.4188
1201,1480,3544,639.84,875.15,216.92,211.57,0.9189
1202,1480,16548,174.18,833.0,241.67,240.47,0.8174
1203,1480,38162,591.17,241.04,215.42,337.53,0.5593
1204,1480,27926,591.85,240.9,214.25,338.14,0.5
1205,1483,3483,148.32,217.82,251.7,225.61,0.9842
1206,1483,35206,110.68,770.83,298.09,396.34,0.9634
1207,1483,28763,634.19,901.2,217.82,211.52,0.9525
1208,1483,19861,637.65,276.46,222.94,173.75,0.921
1209,1485,3483,602.01,868.74,257.98,230.83,0.9878
1210,1485,19861,124.46,866.74,223.51,169.22,0.9708
1211,1485,28763,146.66,167.34,212.88,203.74,0.9488
1212,1485,35206,579.24,100.54,285.15,378.15,0.7693
1213,1488,3351,390.03,206.77,186.4,183.09,0.9961
1214,1488,21325,207.83,825.23,205.09,202.16,0.9697
1215,1488,31863,626.06,831.97,206.73,205.5,0.9319
1216,1488,36637,623.28,828.99,211.97,213.39,0.2763
1217,1489,20014,531.06,288.41,345.87,317.95,0.9813
1218,1489,20238,182.61,279.12,226.08,221.27,0.6779
1219,1489,3351,402.67,850.07,189.11,191.47,0.5771
1220,1489,16262,533.95,289.21,341.07,316.26,0.349
1221,149,3351,345.01,190.75,183.61,187.91,0.9983
1222,149,19232,89.96,699.53,343.86,266.7,0.9197
1223,149,20238,593.93,710.15,231.62,228.56,0.7546
1224,149,32310,92.83,695.79,346.12,268.71,0.5024
1225,1492,21325,184.06,279.21,158.56,229.16,0.9873
1226,1492,18147,524.58,299.38,339.34,354.35,0.9474
1227,1492,3351,377.69,905.21,190.77,190.47,0.778
1228,1492,41768,526.66,294.37,337.42,357.31,0.4764
1229,1493,3351,367.58,136.09,183.55,190.68,0.9973
1230,1493,21325,596.46,721.01,159.99,242.64,0.9775
1231,1493,18147,50.34,546.69,353.49,375.52,0.9302
1232,1493,41768,49.97,541.05,358.66,379.31,0.3907
1233,1497,3483,567.0,838.19,253.57,237.13,0.9896
1234,1497,19861,83.15,826.52,227.05,176.17,0.9184
1235,1497,19552,64.65,58.26,296.53,506.92,0.5632
1236,1497,30308,58.81,59.44,293.52,503.25,0.5513
1237,15,3351,359.93,247.35,185.02,183.21,0.998
1238,15,33880,44.15,785.5,445.71,278.06,0.9826
1239,15,16232,641.78,796.02,195.5,192.49,0.9472
1240,15,20877,48.08,784.66,443.64,277.33,0.2911
1241,150,3351,386.22,251.35,185.17,182.25,0.9953
1242,150,20238,631.68,803.53,231.22,221.27,0.9138
1243,150,19232,139.99,800.4,331.49,266.85,0.8975
1244,150,32310,139.01,803.28,339.36,261.95,0.4253
1245,1500,3351,350.7,237.69,184.47,182.53,0.9993
1246,1500,38162,197.48,731.58,187.71,299.49,0.9477
1247,1500,41768,574.31,857.4,342.67,184.31,0.8617
1248,1500,24850,577.36,854.38,339.51,185.76,0.2169
1249,151,1900,642.74,842.78,189.32,192.08,0.9788
1250,151,33208,187.08,268.5,203.27,195.78,0.738
1251,151,16548,93.83,818.52,245.85,237.26,0.6502
1252,151,29451,508.29,242.83,407.51,215.85,0.5497
1253,152,1900,145.8,239.9,182.51,183.33,0.9451
1254,152,16548,619.56,205.02,231.26,225.62,0.8239
1255,152,29451,32.68,806.04,421.95,215.37,0.8087
1256,152,33208,581.57,811.08,208.22,204.39,0.7139
1257,153,1900,164.41,247.65,183.7,184.86,0.9434
1258,153,33208,611.27,844.25,205.56,198.46,0.8041
1259,153,16548,649.56,211.86,238.16,227.92,0.804
1260,153,29451,68.53,844.99,414.05,213.9,0.6033
1261,154,2483,612.09,54.24,253.24,467.83,0.9677
1262,154,16548,102.15,809.19,284.32,274.28,0.6171
1263,154,13395,585.8,688.51,244.4,486.68,0.529
1264,154,12778,88.71,143.86,312.91,486.22,0.4811
1265,155,2483,65.98,697.77,251.46,459.02,0.9816
1266,155,16548,547.84,190.49,272.28,263.37,0.6536
1267,155,22362,119.45,93.59,223.85,459.65,0.5468
1268,155,27926,119.07,94.68,224.75,458.91,0.4982
1269,156,2483,602.89,99.74,257.34,446.23,0.9549
1270,156,19552,90.48,190.06,309.67,469.63,0.6359
1271,156,3832,590.03,688.44,256.78,494.34,0.4524
1272,156,16548,108.4,818.15,282.47,275.32,0.4355
1273,157,3483,537.56,776.78,267.66,227.75,0.9913
1274,157,27777,143.37,775.84,179.16,208.01,0.9587
1275,157,16262,576.08,187.77,237.7,230.04,0.9548
1276,157,25367,104.48,88.73,388.93,452.58,0.676
1277,159,3483,566.68,814.93,265.17,220.03,0.9899
1278,159,27777,176.74,813.32,177.14,204.69,0.9734
1279,159,16262,601.23,193.88,242.11,231.87,0.9217
1280,159,25367,125.6,99.69,390.32,457.69,0.7729
1281,160,3544,625.93,887.65,214.47,209.93,0.9178
1282,160,16551,574.82,264.19,287.9,475.21,0.9112
1283,160,4543,146.07,916.9,211.35,208.78,0.7118
1284,160,3351,211.46,322.32,134.59,133.47,0.661
1285,162,16551,123.75,535.41,296.47,479.5,0.9241
1286,162,3544,153.82,178.87,212.64,201.96,0.9214
1287,162,4543,630.54,144.91,206.82,199.85,0.802
1288,162,3351,653.3,858.17,137.72,130.32,0.6665
1289,163,3483,567.98,811.37,266.85,221.33,0.9857
1290,163,27777,178.59,812.0,178.35,205.59,0.9414
1291,163,28763,127.7,170.61,208.5,201.86,0.9203
1292,163,16232,642.95,251.86,187.67,181.36,0.7585
1293,164,3483,173.74,277.0,261.27,217.96,0.981
1294,164,16232,149.99,828.03,194.51,194.31,0.9587
1295,164,27777,635.64,291.98,176.94,198.14,0.9513
1296,164,28763,654.88,893.93,216.4,210.02,0.9373
1297,165,3483,540.81,776.29,265.57,226.36,0.9867
1298,165,16232,612.56,237.09,187.02,184.19,0.9703
1299,165,27777,145.18,775.45,179.32,207.2,0.9468
1300,165,28763,112.56,167.87,207.0,196.39,0.8879
1301,17,3351,297.62,166.16,183.33,189.81,0.9985
1302,17,35206,114.32,583.69,308.76,390.08,0.976
1303,17,41768,559.04,640.91,277.1,305.39,0.9737
1304,17,18147,560.16,635.14,275.17,311.99,0.2706
1305,170,2483,620.69,88.75,233.68,449.71,0.8523
1306,170,19552,125.96,180.95,283.28,491.52,0.7052
1307,170,3743,104.51,811.99,284.55,284.34,0.5257
1308,170,16548,106.89,813.01,281.31,278.01,0.4558
1309,172,3483,592.08,845.83,281.47,171.16,0.9798
1310,172,29667,634.22,179.58,223.48,217.65,0.8185
1311,172,25367,121.22,66.93,316.75,497.38,0.5959
1312,172,21771,93.75,852.82,216.91,204.69,0.5927
1313,173,3483,560.72,808.64,288.73,178.09,0.9613
1314,173,29667,605.72,176.08,215.97,215.5,0.7355
1315,173,19552,105.85,48.85,311.25,494.77,0.6396
1316,173,30308,95.29,52.28,311.33,491.62,0.5589
1317,174,3483,133.17,293.45,279.51,165.75,0.9346
1318,174,29667,127.53,860.84,227.9,230.41,0.9087
1319,174,19552,559.61,680.31,323.75,511.66,0.6021
1320,174,30308,560.66,682.32,325.86,514.77,0.5914
1321,175,3483,593.59,874.56,257.94,227.49,0.9954
1322,175,19861,118.95,864.62,224.54,170.0,0.9617
1323,175,29667,643.51,203.45,220.87,219.33,0.7935
1324,175,30308,117.45,94.48,276.72,480.21,0.5863
1325,176,3483,158.05,213.7,249.56,224.26,0.9807
1326,176,19861,646.09,277.2,222.32,172.91,0.9134
1327,176,29667,122.66,836.58,225.32,228.75,0.8044
1328,176,27926,607.68,679.28,274.56,482.93,0.6293
1329,179,3483,174.96,273.97,261.3,218.68,0.9897
1330,179,27777,635.74,292.87,175.57,195.12,0.9631
1331,179,22347,645.06,833.57,211.94,205.1,0.7377
1332,179,20238,154.34,851.56,230.54,226.91,0.4703
1333,180,3483,539.57,777.48,265.99,226.57,0.9884
1334,180,27777,143.9,776.43,179.64,207.46,0.9553
1335,180,20238,575.14,188.62,225.52,216.14,0.735
1336,180,22347,576.25,190.31,217.72,212.12,0.6326
1337,183,3544,640.23,875.51,216.78,210.66,0.8401
1338,183,16551,18.93,695.46,403.13,420.12,0.6948
1339,183,3832,26.9,695.51,398.05,415.35,0.6329
1340,183,30308,18.93,695.46,403.13,420.12,0.6006
1341,185,3351,628.32,824.61,135.49,137.61,0.9523
1342,185,16548,132.29,738.42,242.92,231.71,0.9492
1343,185,4543,599.47,143.54,201.23,200.27,0.8265
1344,185,3544,139.38,171.89,203.45,199.95,0.8118
1345,186,16548,164.18,779.91,238.64,232.3,0.9818
1346,186,3544,153.85,179.64,212.73,202.7,0.8471
1347,186,4543,630.63,143.95,207.13,201.5,0.8154
1348,186,19607,655.95,857.66,137.31,130.59,0.5345
1349,189,2483,642.67,129.57,199.46,455.12,0.8687
1350,189,22362,619.39,789.4,257.74,408.83,0.8259
1351,189,12778,99.08,159.55,264.55,496.85,0.5735
1352,189,19552,102.14,160.47,262.32,494.95,0.4076
1353,19,3483,608.69,788.49,275.43,208.63,0.964
1354,19,28763,101.11,171.08,210.97,200.59,0.9374
1355,19,27733,123.69,770.78,309.22,280.07,0.8282
1356,19,27993,619.34,206.31,262.41,172.54,0.6995
1357,191,3544,120.33,179.02,204.05,205.43,0.8354
1358,191,16262,93.66,789.66,230.02,221.47,0.7935
1359,191,16551,576.82,569.6,300.23,484.87,0.7695
1360,191,4543,637.43,153.25,202.85,197.59,0.5097
1361,196,2483,88.1,665.18,214.19,477.34,0.8645
1362,196,22362,80.88,127.44,257.99,381.02,0.8589
1363,196,12778,542.92,526.72,264.5,502.76,0.6808
1364,196,20014,488.97,131.95,316.18,298.97,0.5074
1365,197,22362,598.64,741.73,263.59,400.23,0.8479
1366,197,2483,639.38,69.37,198.01,476.89,0.8462
1367,197,12778,129.86,184.43,270.11,501.29,0.8074
1368,197,27926,129.86,184.43,270.11,501.29,0.4905
1369,198,2483,631.74,114.17,195.39,449.37,0.9428
1370,198,22362,606.16,744.53,273.81,405.98,0.7905
1371,198,19552,130.75,221.22,268.67,497.69,0.535
1372,198,20014,120.16,838.46,330.27,326.45,0.4786
1373,199,3483,561.86,811.36,268.55,222.33,0.9834
1374,199,27777,176.41,811.89,176.6,203.86,0.9527
1375,199,29667,633.29,163.96,225.16,213.57,0.8154
1376,199,30308,25.95,116.22,410.43,404.09,0.7995
1377,200,3483,176.91,275.44,261.87,219.96,0.988
1378,200,27777,637.02,294.98,176.39,196.76,0.8644
1379,200,29667,127.77,878.18,228.33,229.42,0.8604
1380,200,30308,556.28,735.22,412.53,406.36,0.6827
1381,202,3483,142.47,289.4,212.39,256.95,0.967
1382,202,16262,109.74,837.13,244.47,241.37,0.9385
1383,202,20877,541.1,290.92,335.53,239.41,0.8689
1384,202,22347,688.3,868.69,214.2,204.28,0.6635
1385,203,3483,621.16,716.23,212.67,270.55,0.9724
1386,203,16262,602.22,185.45,236.24,230.32,0.9188
1387,203,22347,79.42,196.91,204.69,195.3,0.8311
1388,203,20877,81.11,722.59,335.91,243.46,0.7647
1389,204,3483,651.83,751.6,208.45,266.43,0.9708
1390,204,16262,631.13,194.76,240.55,230.41,0.9095
1391,204,22347,96.09,204.56,206.59,198.0,0.8602
1392,204,20877,113.62,771.54,330.8,228.46,0.7673
1393,205,16548,593.5,120.63,230.14,225.47,0.9544
1394,205,3544,107.87,162.05,207.5,200.75,0.8472
1395,205,16232,109.74,161.05,211.08,199.4,0.6101
1396,205,27926,160.85,677.36,223.46,360.18,0.6096
1397,210,3351,416.84,244.09,185.32,183.52,0.9861
1398,210,31863,593.51,876.26,209.0,204.73,0.9609
1399,210,29667,162.65,751.2,229.85,222.06,0.9171
1400,210,25438,590.95,875.06,214.01,209.5,0.3212
1401,212,1900,622.33,889.14,207.04,140.65,0.9274
1402,212,30308,481.83,141.4,440.49,357.83,0.5524
1403,212,16551,483.23,138.73,429.1,362.9,0.4337
1404,212,3832,481.83,141.4,440.49,357.83,0.3936
1405,213,1900,596.75,856.84,208.35,142.65,0.9395
1406,213,30308,448.19,125.49,432.79,356.81,0.4582
1407,213,16551,450.99,124.14,422.97,361.8,0.4137
1408,213,16262,47.76,119.15,294.62,283.6,0.3878
1409,214,1900,139.86,240.88,199.75,127.16,0.9012
1410,214,33208,587.43,802.29,209.03,202.84,0.8969
1411,214,16551,563.8,54.52,287.08,470.38,0.8015
1412,214,22347,587.43,802.29,209.03,202.84,0.6512
1413,215,1900,156.45,251.71,202.71,124.86,0.9637
1414,215,16551,589.62,60.42,303.53,482.51,0.7811
1415,215,22347,615.97,834.09,210.45,198.57,0.7207
1416,215,33208,615.41,833.33,210.82,198.75,0.7171
1417,217,2483,592.64,78.77,245.28,467.93,0.9252
1418,217,12778,132.75,136.69,267.51,523.95,0.646
1419,217,3743,114.1,789.47,328.13,318.45,0.6049
1420,217,27926,134.62,138.24,266.23,517.95,0.5836
1421,219,2483,92.43,668.76,248.69,462.1,0.8979
1422,219,12778,541.68,550.46,260.34,522.58,0.5286
1423,219,22362,115.17,119.11,219.42,417.06,0.5046
1424,219,29345,541.14,549.65,261.36,519.63,0.4754
1425,222,3351,404.84,204.28,185.94,183.5,0.9986
1426,222,41768,598.72,739.14,277.93,304.79,0.9722
1427,222,16262,171.67,767.03,243.64,238.58,0.9563
1428,222,18147,591.26,742.45,303.49,303.34,0.2998
1429,224,3483,602.1,843.17,281.78,189.0,0.9783
1430,224,25469,79.71,830.84,346.03,299.68,0.967
1431,224,29667,618.51,170.73,228.38,216.8,0.7908
1432,224,30308,96.78,83.7,360.31,483.97,0.4253
1433,225,25469,570.79,185.43,332.14,289.39,0.9641
1434,225,3483,127.64,273.01,270.45,187.27,0.9511
1435,225,29667,141.01,872.41,229.15,225.16,0.8932
1436,225,16688,528.67,667.16,373.49,511.31,0.6313
1437,226,3483,600.71,867.06,260.85,231.02,0.9864
1438,226,19861,124.42,866.23,223.59,169.78,0.9525
1439,226,20238,642.58,188.67,229.71,216.85,0.8727
1440,226,22347,105.08,229.26,210.55,199.73,0.8614
1441,229,2483,45.68,681.03,283.34,452.57,0.9519
1442,229,3743,532.28,154.69,326.04,304.91,0.5524
1443,229,16548,551.64,167.87,303.39,265.87,0.5449
1444,229,20014,533.0,156.85,325.6,302.84,0.4678
1445,23,3483,562.31,810.81,287.31,174.72,0.9458
1446,23,16262,590.88,175.67,240.1,232.68,0.9253
1447,23,25367,17.28,97.46,412.43,426.86,0.9076
1448,23,19552,15.19,94.57,412.58,433.25,0.491
1449,231,2483,586.82,127.75,291.81,425.21,0.9511
1450,231,20014,70.15,811.07,333.47,331.38,0.618
1451,231,19552,50.94,157.09,388.0,419.84,0.5742
1452,231,3743,70.23,811.27,334.49,328.97,0.5039
1453,232,3483,600.21,799.57,275.55,204.29,0.9687
1454,232,29667,680.32,189.42,225.56,214.38,0.8394
1455,232,22347,125.45,232.9,208.07,199.22,0.8059
1456,232,27733,113.43,779.87,316.38,267.56,0.7492
1457,234,3483,569.6,765.3,281.39,204.39,0.969
1458,234,27733,79.41,732.25,326.06,269.57,0.8723
1459,234,22347,108.86,223.41,203.27,194.08,0.8577
1460,234,29667,648.66,183.37,222.35,215.83,0.7854
1461,236,3483,133.74,294.87,275.3,165.02,0.9445
1462,236,28763,619.1,838.1,215.25,207.33,0.9223
1463,236,35206,106.39,683.72,199.6,421.48,0.7842
1464,236,21771,682.56,257.51,206.94,194.39,0.6939
1465,237,35206,646.58,143.6,201.03,398.74,0.955
1466,237,3483,560.34,808.94,292.53,176.78,0.9517
1467,237,28763,144.4,220.75,208.55,203.42,0.9375
1468,237,25469,138.0,217.75,219.35,209.82,0.4701
1469,238,3351,401.67,835.35,189.47,188.02,0.9948
1470,238,16262,627.47,240.34,241.37,236.03,0.9403
1471,238,18357,65.55,260.85,306.73,300.63,0.8605
1472,238,16262,66.63,261.28,304.09,300.52,0.3074
1473,24,3483,592.15,846.42,282.92,168.2,0.9616
1474,24,16262,624.28,180.37,243.28,232.63,0.9583
1475,24,25367,28.49,110.09,427.85,437.63,0.8347
1476,24,34597,27.06,111.07,435.06,436.73,0.615
1477,241,3351,410.57,913.39,189.35,191.73,0.976
1478,241,18147,513.99,259.35,312.12,383.13,0.96
1479,241,20238,128.78,326.2,224.92,219.64,0.7853
1480,241,3351,128.83,327.5,225.92,218.84,0.4715
1481,243,3351,377.21,184.64,186.59,185.82,0.9965
1482,243,18147,141.4,649.27,315.39,405.0,0.9753
1483,243,20238,621.86,767.74,229.68,225.03,0.947
1484,243,41768,142.71,645.3,317.71,406.4,0.3327
1485,244,3544,124.89,168.47,211.11,203.65,0.8798
1486,244,16551,576.29,3.81,288.09,483.52,0.8111
1487,244,13900,193.68,717.1,214.96,359.37,0.5208
1488,244,3351,650.23,883.91,135.81,131.47,0.4564
1489,247,2483,630.79,112.46,194.46,451.18,0.9378
1490,247,22362,608.21,744.63,270.32,408.78,0.8376
1491,247,19552,51.98,158.88,334.97,476.66,0.6107
1492,247,3743,118.42,840.79,331.65,327.89,0.4263
1493,248,2483,634.36,68.85,208.35,475.69,0.9406
1494,248,22362,599.07,741.52,262.36,400.42,0.8378
1495,248,12778,50.91,119.26,333.22,484.81,0.5022
1496,248,20014,118.92,832.87,327.06,320.21,0.48
1497,249,2483,86.82,665.34,217.34,473.6,0.8562
1498,249,22362,82.69,127.61,255.65,380.54,0.8325
1499,249,20014,488.19,128.31,317.66,302.35,0.5429
1500,249,12778,555.85,602.69,335.63,487.49,0.4001
1501,250,18357,540.78,231.45,247.62,351.84,0.9851
1502,250,3351,378.51,849.32,189.06,190.98,0.9847
1503,250,29667,131.65,208.48,222.16,224.05,0.8912
1504,250,13395,540.69,231.43,246.87,350.28,0.2356
1505,251,3351,369.02,179.07,183.56,185.86,0.9981
1506,251,18357,140.6,595.1,249.53,372.03,0.968
1507,251,29667,589.49,794.64,232.14,230.6,0.9103
1508,251,13395,140.73,595.18,249.77,371.05,0.2786
1509,252,3351,409.73,238.96,184.82,182.43,0.9979
1510,252,18357,183.21,692.32,247.86,367.93,0.9775
1511,252,29667,627.28,882.97,227.84,224.08,0.847
1512,252,12778,183.21,692.32,247.86,367.93,0.2191
1513,253,3351,445.56,848.8,188.63,190.87,0.9976
1514,253,33880,453.17,254.49,431.64,293.31,0.9704
1515,253,35206,63.51,257.58,412.02,218.17,0.6963
1516,253,36637,64.29,257.59,410.83,217.5,0.2799
1517,256,25438,542.22,180.43,253.0,249.77,0.9073
1518,256,2483,67.62,667.33,199.43,476.43,0.8985
1519,256,12778,506.9,666.86,297.77,486.05,0.6103
1520,256,19552,508.31,666.99,295.2,484.96,0.6078
1521,259,3351,384.35,894.51,189.62,192.79,0.984
1522,259,41768,110.56,286.55,271.51,283.16,0.9726
1523,259,20238,607.81,275.61,220.88,217.65,0.7645
1524,259,18147,107.57,277.36,264.61,303.28,0.2484
1525,262,3483,559.46,808.71,292.84,178.22,0.971
1526,262,29667,605.26,175.68,216.85,216.88,0.7313
1527,262,19552,80.31,35.0,327.85,499.79,0.5459
1528,262,30308,69.22,38.49,328.98,493.84,0.5346
1529,264,3483,133.59,294.91,278.7,166.46,0.9485
1530,264,29667,127.99,861.77,227.47,230.41,0.8949
1531,264,16688,551.32,682.8,369.53,516.73,0.6021
1532,264,29345,565.64,682.98,354.32,511.29,0.5902
1533,265,16232,140.96,846.66,198.27,192.84,0.9614
1534,265,3483,132.69,292.98,276.41,169.52,0.9462
1535,265,25367,600.04,678.52,375.96,475.65,0.6812
1536,265,12778,600.92,670.45,375.08,489.93,0.6097
1537,266,3483,592.37,845.06,281.91,171.16,0.9868
1538,266,16232,646.13,230.13,193.49,185.03,0.8707
1539,266,25367,7.93,111.64,383.05,474.67,0.8045
1540,266,30308,12.6,112.43,381.08,467.02,0.5659
1541,27,2483,602.34,94.57,197.96,454.99,0.9184
1542,27,25438,121.72,824.33,265.08,263.21,0.9123
1543,27,19552,78.31,132.7,289.98,479.43,0.6658
1544,27,13395,602.15,717.74,228.14,504.03,0.4883
1545,271,3483,622.32,715.14,213.34,271.27,0.9786
1546,271,22347,102.11,188.74,203.07,193.87,0.9155
1547,271,20877,82.69,724.25,337.49,241.04,0.9073
1548,271,35206,629.58,160.68,217.9,399.43,0.8958
1549,273,3483,141.84,292.26,211.22,255.59,0.9644
1550,273,35206,97.88,671.26,238.03,413.14,0.9577
1551,273,22347,665.82,876.85,213.76,204.71,0.8978
1552,273,20877,542.51,291.95,333.35,237.48,0.8208
1553,274,21325,205.77,327.97,148.09,233.01,0.9937
1554,274,20014,572.74,257.54,345.3,320.18,0.9785
1555,274,3351,418.49,889.54,192.08,194.34,0.9131
1556,274,16262,576.28,258.22,338.37,317.67,0.2229
1557,275,3351,327.96,150.1,185.16,189.21,0.9972
1558,275,21325,579.9,663.81,154.77,244.32,0.9908
1559,275,20014,0,650.15,351.72,339.78,0.9829
1560,275,19552,3.73,636.22,355.67,358.15,0.3303
1561,277,19861,124.79,864.79,222.03,170.22,0.9684
1562,277,3483,598.07,865.96,262.76,231.65,0.9669
1563,277,30308,69.18,100.72,400.76,399.78,0.7609
1564,277,25367,73.91,95.78,394.4,402.54,0.6843
1565,278,3483,150.3,217.42,250.37,224.66,0.9864
1566,278,19861,638.82,275.95,222.1,173.82,0.9449
1567,278,3832,521.64,742.95,404.56,416.84,0.7928
1568,278,27993,93.54,906.59,274.95,164.21,0.6013
1569,28,3483,566.54,811.9,265.4,221.02,0.9907
1570,28,27777,177.75,812.06,176.79,205.63,0.967
1571,28,35206,616.66,142.64,221.21,401.52,0.9629
1572,28,25367,14.88,70.76,412.61,450.41,0.8241
1573,280,3832,432.1,274.4,386.91,351.31,0.9599
1574,280,16232,135.91,287.43,186.17,193.69,0.8748
1575,280,3351,408.37,864.85,191.57,196.75,0.8254
1576,280,30308,436.0,274.61,387.54,350.43,0.5307
1577,286,3483,536.93,777.3,270.82,228.5,0.987
1578,286,27777,143.88,776.78,179.23,205.84,0.9678
1579,286,16262,575.12,187.11,237.16,231.22,0.9186
1580,286,30308,25.28,118.37,378.16,401.31,0.7919
1581,287,3483,173.6,274.33,261.79,219.38,0.9891
1582,287,27777,635.55,293.03,177.0,196.02,0.9529
1583,287,16262,136.72,834.05,249.35,245.78,0.9068
1584,287,16688,571.63,705.56,392.68,420.73,0.5967
1585,288,3483,565.46,813.77,267.5,221.01,0.9788
1586,288,27777,176.88,813.93,177.21,204.29,0.9729
1587,288,16262,602.82,194.76,243.27,229.64,0.9062
1588,288,30308,29.8,134.18,392.61,416.84,0.6487
1589,289,25438,141.56,846.72,259.1,252.37,0.9424
1590,289,2483,603.29,84.01,249.12,474.64,0.9364
1591,289,22362,583.79,750.22,256.94,404.58,0.8626
1592,289,12778,96.57,56.46,268.03,529.22,0.5232
1593,29,3483,537.16,774.6,267.83,228.58,0.9938
1594,29,27777,144.12,775.54,178.66,207.1,0.9703
1595,29,35206,584.07,133.96,221.65,396.91,0.8956
1596,29,25367,9.44,61.52,395.68,441.4,0.8026
1597,291,25438,534.37,176.04,254.45,250.59,0.9169
1598,291,2483,78.54,657.24,255.42,470.24,0.8927
1599,291,22362,105.65,117.24,245.4,381.32,0.8627
1600,291,16688,576.89,623.26,263.72,525.23,0.4205
1601,292,25438,545.48,177.63,254.06,248.46,0.9197
1602,292,2483,72.28,663.01,193.19,477.25,0.7459
1603,292,22362,121.53,96.0,217.88,458.63,0.5731
1604,292,13395,123.04,96.54,215.1,458.82,0.438
1605,295,20014,125.18,192.96,340.24,316.25,0.9723
1606,295,3351,411.78,864.94,191.25,189.94,0.9513
1607,295,16232,644.13,295.08,192.51,192.03,0.9
1608,295,19552,122.05,178.19,348.62,341.62,0.3194
1609,298,1900,686.22,880.61,204.46,128.75,0.9648
1610,298,16548,160.06,779.76,240.66,234.23,0.7792
1611,298,33208,159.84,236.65,202.38,194.7,0.764
1612,298,27926,571.22,176.24,253.47,421.32,0.6589
1613,299,1900,88.93,257.9,198.14,127.13,0.9663
1614,299,33208,609.71,847.23,209.08,203.62,0.7945
1615,299,22347,612.72,842.04,207.41,208.35,0.6873
1616,299,16548,557.12,242.26,234.44,227.58,0.6358
1617,3,1900,140.77,243.79,196.91,125.64,0.9647
1618,3,27926,562.4,628.85,271.79,486.1,0.7247
1619,3,28763,139.17,705.93,199.28,291.22,0.545
1620,3,2483,139.23,707.18,204.3,291.04,0.5271
1621,302,3351,309.83,160.58,184.28,187.47,0.9985
1622,302,36637,572.08,712.08,234.95,229.49,0.9405
1623,302,19232,93.15,634.58,285.65,329.31,0.8653
1624,302,32310,90.78,635.51,286.79,330.29,0.5189
1625,304,2483,620.38,87.92,193.86,448.14,0.8409
1626,304,3743,128.76,810.6,332.48,333.29,0.7056
1627,304,19552,117.57,167.59,284.11,461.65,0.6133
1628,304,3832,585.49,712.0,240.99,449.45,0.4927
1629,308,3351,288.63,205.99,184.22,187.02,0.9972
1630,308,41768,555.16,605.51,280.34,297.74,0.9757
1631,308,36637,118.94,709.2,191.13,264.83,0.934
1632,308,18147,554.22,597.94,284.78,305.43,0.2917
1633,31,3544,108.56,239.32,211.76,202.58,0.9119
1634,31,16551,584.85,47.19,298.94,485.87,0.7713
1635,31,13900,194.98,717.44,212.71,356.63,0.6272
1636,31,35206,591.42,51.37,286.36,480.04,0.4955
1637,310,12247,617.59,321.33,174.82,184.34,0.8794
1638,310,16551,102.86,144.87,315.47,455.81,0.8173
1639,310,4543,139.07,865.63,212.39,212.03,0.8158
1640,310,3544,654.4,889.43,215.29,212.14,0.7695
1641,313,3483,621.07,720.03,212.32,269.19,0.9839
1642,313,29667,594.91,177.45,222.55,221.78,0.8564
1643,313,20877,35.54,758.97,327.52,248.45,0.7564
1644,313,25367,14.25,33.61,439.71,404.84,0.6093
1645,315,3483,144.69,286.14,210.46,257.21,0.9589
1646,315,29667,133.59,855.26,230.04,230.5,0.92
1647,315,20877,591.99,256.89,327.68,246.44,0.7979
1648,315,34597,507.56,778.14,468.44,424.97,0.561
1649,316,3544,124.44,233.97,209.54,203.98,0.9595
1650,316,16548,165.77,790.5,241.59,228.52,0.8633
1651,316,33009,559.72,809.25,371.78,209.34,0.6825
1652,316,16262,633.83,196.82,228.23,220.76,0.5979
1653,317,3544,658.49,833.49,215.52,207.98,0.8485
1654,317,16262,128.35,843.04,225.78,225.45,0.6297
1655,317,16548,588.43,281.05,237.57,225.89,0.5979
1656,317,16548,81.84,267.01,357.1,225.54,0.5213
1657,32,3544,672.09,826.35,216.36,211.05,0.9255
1658,32,16551,107.16,705.35,293.21,495.24,0.8041
1659,32,38162,583.02,231.35,212.11,339.07,0.6831
1660,32,30308,107.61,704.57,292.45,496.33,0.4581
1661,320,3483,623.1,715.19,211.4,269.46,0.9798
1662,320,28763,135.42,197.28,205.31,195.94,0.9461
1663,320,35206,633.97,164.34,212.76,391.4,0.9441
1664,320,20877,84.09,724.02,335.99,242.62,0.9069
1665,323,3483,133.59,294.77,274.56,165.68,0.9305
1666,323,36637,144.02,801.86,203.89,258.24,0.8372
1667,323,22347,656.23,875.4,213.28,208.28,0.6713
1668,323,21771,681.85,257.24,208.76,192.86,0.6241
1669,324,3483,594.23,846.09,279.26,168.43,0.9737
1670,324,22347,126.76,195.51,210.46,196.72,0.944
1671,324,36637,641.58,207.09,193.79,250.47,0.8227
1672,324,28763,98.85,854.13,219.18,202.55,0.5389
1673,325,3483,175.0,274.81,260.73,218.08,0.9916
1674,325,27777,635.18,292.38,177.5,197.94,0.9423
1675,325,16262,136.32,834.65,249.61,244.94,0.9266
1676,325,31885,504.53,699.44,415.41,533.54,0.5208
1677,327,3483,565.91,813.59,265.5,219.55,0.9773
1678,327,27777,177.67,813.64,176.16,204.8,0.9687
1679,327,16262,602.06,191.52,244.48,232.04,0.9052
1680,327,31885,92.77,15.4,396.59,524.51,0.6397
1681,328,3483,125.2,305.74,271.63,202.4,0.9619
1682,328,27733,558.55,252.75,303.61,267.84,0.8614
1683,328,27993,99.63,880.07,270.12,177.68,0.7888
1684,328,36637,95.74,880.37,273.5,179.73,0.5278
1685,332,16551,561.23,538.48,294.32,490.69,0.8151
1686,332,3544,123.06,139.38,203.58,202.03,0.8099
1687,332,35206,562.65,540.53,298.96,485.84,0.6382
1688,332,4543,587.96,169.39,200.75,197.42,0.5797
1689,334,3483,622.3,714.3,216.86,269.94,0.9771
1690,334,16232,624.13,220.74,189.57,185.52,0.9322
1691,334,20877,82.54,724.04,334.86,241.66,0.9005
1692,334,22347,146.34,221.82,205.15,197.49,0.7104
1693,335,3483,140.8,291.9,214.21,257.27,0.9684
1694,335,16232,131.83,848.14,199.73,191.83,0.9541
1695,335,20877,541.7,292.37,334.06,237.26,0.8619
1696,335,22347,621.43,840.61,213.05,204.54,0.8505
1697,336,3483,651.71,748.56,210.93,268.1,0.9718
1698,336,16232,654.17,229.9,194.34,182.28,0.93
1699,336,20877,117.62,769.13,332.61,229.46,0.8988
1700,336,22347,162.88,232.29,207.3,198.66,0.7645
1701,337,3483,126.65,272.45,272.36,188.0,0.9366
1702,337,25469,568.18,182.14,332.31,289.66,0.9259
1703,337,22347,640.72,838.02,213.49,203.84,0.7775
1704,337,36637,122.96,827.73,192.89,264.77,0.5915
1705,338,22347,123.35,224.9,204.31,196.79,0.961
1706,338,3483,574.17,810.59,284.17,193.7,0.9532
1707,338,25469,39.37,787.55,352.7,301.21,0.9497
1708,338,36637,642.47,169.75,175.82,249.05,0.7713
1709,339,3483,602.43,844.23,276.51,188.71,0.9645
1710,339,25469,82.29,831.25,342.15,303.22,0.9615
1711,339,22347,142.94,235.17,206.07,197.95,0.9513
1712,339,36637,672.25,172.86,181.25,255.09,0.7313
1713,340,3483,540.01,776.99,266.92,225.52,0.9854
1714,340,27777,144.82,777.36,177.71,207.04,0.9524
1715,340,20238,576.65,189.57,223.68,215.09,0.8745
1716,340,16688,32.66,96.21,404.47,463.32,0.721
1717,341,3483,567.52,812.9,265.6,221.74,0.9833
1718,341,27777,177.62,813.65,177.12,205.86,0.9061
1719,341,20238,604.57,196.58,226.58,216.73,0.6891
1720,341,25367,49.79,121.7,403.4,458.76,0.5481
1721,344,3483,565.79,813.23,264.64,221.39,0.9839
1722,344,28763,154.45,195.87,210.75,198.93,0.9556
1723,344,27777,176.7,813.77,178.15,204.21,0.951
1724,344,16262,604.11,195.87,240.17,227.89,0.9163
1725,345,3483,538.14,778.05,267.71,224.45,0.9928
1726,345,27777,143.46,776.8,179.5,206.93,0.9678
1727,345,28763,137.59,186.1,207.73,198.83,0.9463
1728,345,16262,576.7,185.88,237.45,230.64,0.908
1729,346,3483,567.04,811.39,265.1,221.0,0.993
1730,346,27777,178.89,812.71,176.68,205.22,0.9643
1731,346,16232,640.4,253.02,188.99,181.6,0.8945
1732,346,34597,144.15,49.13,328.3,504.44,0.6016
1733,347,3483,539.54,774.89,266.5,225.44,0.9888
1734,347,16232,612.41,237.36,186.99,184.0,0.9776
1735,347,27777,144.41,776.0,179.71,206.37,0.9751
1736,347,19552,133.24,43.52,315.41,493.84,0.6273
1737,349,3483,569.03,811.93,263.13,219.95,0.9927
1738,349,35206,617.27,141.7,222.58,402.54,0.9645
1739,349,27777,178.95,811.96,177.1,205.71,0.9592
1740,349,25367,0,136.85,442.0,424.7,0.7254
1741,352,2483,640.43,131.59,199.41,451.15,0.9159
1742,352,19552,120.69,199.02,301.56,464.96,0.6568
1743,352,22362,619.03,787.62,254.98,410.34,0.6518
1744,352,3743,135.96,859.5,282.16,283.85,0.4711
1745,355,2483,57.75,701.52,242.36,476.48,0.7991
1746,355,22362,74.68,134.28,221.77,421.97,0.7614
1747,355,16548,549.29,194.04,273.21,267.33,0.4623
1748,355,12778,551.24,600.28,289.73,492.04,0.4127
1749,356,2483,637.05,37.86,233.88,475.16,0.9713
1750,356,16548,104.11,803.72,276.06,268.07,0.6211
1751,356,22362,637.72,696.4,234.8,441.24,0.5472
1752,356,12081,637.72,696.4,234.8,441.24,0.4366
1753,359,3483,562.73,812.53,266.92,220.38,0.9903
1754,359,27777,176.13,811.82,177.39,204.08,0.9342
1755,359,29667,633.73,164.28,222.1,214.25,0.7244
1756,359,31885,86.5,31.66,358.96,545.76,0.6824
1757,361,3351,428.66,880.44,190.31,192.19,0.9925
1758,361,18147,213.82,170.72,208.76,410.62,0.9653
1759,361,16262,642.63,290.23,242.71,236.61,0.938
1760,361,41768,221.28,169.73,204.27,405.0,0.2056
1761,364,35206,99.76,256.5,348.28,326.51,0.9709
1762,364,32310,584.59,166.73,242.77,342.38,0.9705
1763,364,3351,407.18,855.69,192.02,192.04,0.9613
1764,364,21325,586.57,167.33,239.06,336.91,0.2692
1765,372,3483,602.76,845.03,280.93,186.91,0.9745
1766,372,25469,46.69,856.54,379.82,218.69,0.9529
1767,372,16262,575.84,193.62,241.65,233.26,0.9116
1768,372,25367,12.06,145.58,450.76,415.41,0.5453
1769,374,3483,644.81,755.18,214.27,265.37,0.9591
1770,374,20877,69.7,801.22,329.22,247.1,0.8863
1771,374,29667,625.86,185.27,227.56,216.84,0.8277
1772,374,25367,87.76,36.8,406.64,462.8,0.7854
1773,379,31863,136.81,314.59,206.22,206.59,0.9856
1774,379,16688,444.21,161.17,498.48,464.88,0.9458
1775,379,3351,465.38,857.66,190.17,194.66,0.7859
1776,379,2483,447.44,155.23,493.82,469.46,0.6197
1777,38,3483,622.46,714.94,214.21,270.89,0.98
1778,38,35206,627.69,161.2,213.4,397.55,0.9533
1779,38,20877,83.25,723.93,334.09,243.94,0.8674
1780,38,31885,113.06,22.67,394.31,517.03,0.5321
1781,380,3351,284.54,179.14,186.84,189.98,0.9972
1782,380,16688,0,558.39,493.01,504.9,0.9592
1783,380,31863,595.55,715.26,210.13,211.57,0.8513
1784,380,36637,593.98,713.69,213.92,215.9,0.486
1785,382,2483,588.75,126.62,290.1,428.19,0.9562
1786,382,19552,90.42,149.81,368.3,436.2,0.7476
1787,382,20014,68.97,809.96,333.02,332.45,0.5336
1788,382,30308,92.91,148.98,370.06,437.71,0.394
1789,384,2483,602.17,78.31,289.51,459.51,0.9498
1790,384,20014,65.35,804.65,331.88,319.17,0.4511
1791,384,19552,88.34,102.05,369.6,445.0,0.4335
1792,384,12778,87.13,101.16,373.83,446.22,0.4033
1793,387,3483,132.75,294.43,275.88,166.92,0.9464
1794,387,31885,499.98,653.96,421.55,518.44,0.7213
1795,387,22347,131.24,869.96,232.43,225.1,0.7171
1796,387,30308,499.8,655.53,419.14,514.06,0.6557
1797,389,3483,623.25,713.5,215.65,274.17,0.9785
1798,389,16262,600.57,183.68,241.67,232.08,0.923
1799,389,20877,82.75,722.01,338.71,245.96,0.852
1800,389,25367,28.83,132.23,435.6,426.24,0.6174
1801,390,3483,652.13,749.87,209.16,266.69,0.9681
1802,390,16262,628.06,193.51,245.58,233.06,0.9447
1803,390,20877,112.61,770.17,336.73,230.93,0.8093
1804,390,25367,32.01,162.35,453.93,414.13,0.6727
1805,392,1900,188.26,272.55,201.18,136.77,0.892
1806,392,33208,658.85,897.69,218.81,213.46,0.8221
1807,392,16551,111.95,699.24,293.2,495.31,0.7447
1808,392,25438,656.04,896.83,221.89,216.11,0.5984
1809,393,1900,582.79,865.94,205.37,144.79,0.9171
1810,393,33208,110.38,162.12,201.82,193.44,0.8455
1811,393,16551,556.71,49.19,287.18,470.02,0.7712
1812,393,22347,110.38,162.12,201.82,193.44,0.6691
1813,394,28763,608.91,859.05,216.35,209.36,0.9385
1814,394,3483,123.34,271.42,273.17,189.17,0.8936
1815,394,25469,570.73,229.97,367.65,221.13,0.8812
1816,394,20238,137.42,849.21,233.71,227.0,0.8474
1817,395,3483,602.85,844.61,279.97,187.49,0.9483
1818,395,28763,170.53,207.57,211.55,202.91,0.9395
1819,395,25469,45.79,856.6,380.28,217.89,0.9168
1820,395,20238,618.55,194.61,227.89,216.05,0.7958
1821,396,28763,153.8,201.36,207.56,196.97,0.9802
1822,396,3483,574.99,809.94,284.99,193.86,0.9395
1823,396,20238,589.43,190.85,220.24,212.79,0.9185
1824,396,25469,12.43,811.41,379.93,220.61,0.9141
1825,4,1900,684.3,807.39,131.2,206.18,0.9865
1826,4,29345,114.83,152.49,270.09,415.59,0.8188
1827,4,16551,124.79,648.97,295.83,493.1,0.6366
1828,4,27993,600.28,254.1,291.84,162.58,0.4788
1829,40,3483,159.42,213.31,248.06,222.48,0.9872
1830,40,19861,647.58,278.91,218.9,172.03,0.9646
1831,40,29667,121.96,834.55,227.46,229.47,0.8565
1832,40,3544,121.02,839.35,225.78,221.52,0.3746
1833,400,1900,131.99,244.48,196.77,158.55,0.9426
1834,400,33208,614.25,771.57,207.97,204.17,0.8311
1835,400,16548,602.36,123.14,233.73,225.88,0.7993
1836,400,22347,614.72,770.83,210.14,205.54,0.6646
1837,401,1900,643.0,858.29,206.22,165.67,0.9566
1838,401,16548,110.08,899.26,244.49,239.12,0.8162
1839,401,16548,590.5,243.64,350.8,233.84,0.778
1840,401,33208,154.12,296.7,204.19,194.96,0.64
1841,404,3351,357.62,145.58,183.97,188.2,0.9974
1842,404,18147,15.41,586.68,285.0,419.4,0.9893
1843,404,35206,437.42,701.22,415.38,234.13,0.9547
1844,404,16688,14.44,580.57,292.04,433.35,0.2024
1845,409,1900,133.67,242.05,190.7,168.73,0.9762
1846,409,33009,513.63,790.96,387.51,207.22,0.5622
1847,409,34597,534.84,125.77,383.77,288.81,0.3717
1848,409,25469,535.59,124.34,383.06,290.13,0.3478
1849,41,3483,593.7,876.69,257.28,227.16,0.9814
1850,41,19861,116.87,864.41,223.62,169.6,0.9766
1851,41,29667,641.1,205.89,223.08,217.9,0.8627
1852,41,19552,57.73,86.53,315.31,542.04,0.5943
1853,411,1900,644.04,851.09,204.92,178.05,0.9763
1854,411,16548,89.77,258.44,362.08,206.36,0.6341
1855,411,30308,493.71,198.1,454.83,318.86,0.3934
1856,411,25469,29.53,828.28,391.01,302.39,0.3049
1857,412,2483,624.29,87.21,226.06,451.66,0.8851
1858,412,19552,119.21,210.66,300.28,476.81,0.7083
1859,412,18147,626.11,87.72,226.12,447.78,0.4265
1860,412,22362,647.01,700.57,243.77,449.28,0.4139
1861,413,2483,631.48,38.18,239.7,473.55,0.9606
1862,413,16548,105.76,804.89,273.31,266.92,0.7035
1863,413,19552,120.05,169.7,289.44,488.66,0.6366
1864,413,22362,638.28,696.58,234.34,440.89,0.4357
1865,414,2483,57.8,699.84,244.71,476.03,0.8569
1866,414,19552,521.89,556.03,293.01,489.75,0.5619
1867,414,22362,75.6,134.82,218.67,420.87,0.5494
1868,414,12778,522.58,558.5,291.94,487.03,0.5474
1869,415,3483,601.44,867.35,260.37,231.56,0.985
1870,415,19861,125.04,865.22,222.2,169.46,0.9785
1871,415,16262,638.13,179.67,243.19,229.08,0.9593
1872,415,19552,103.9,87.76,328.77,541.05,0.5217
1873,416,3483,574.78,835.12,255.41,234.01,0.9807
1874,416,19861,89.9,826.45,228.73,177.27,0.9547
1875,416,16262,610.21,171.9,238.3,228.62,0.9008
1876,416,19552,84.49,56.1,307.67,542.95,0.4648
1877,417,3483,152.56,216.83,247.63,226.99,0.9835
1878,417,19861,639.33,277.28,221.59,172.46,0.9636
1879,417,16262,99.08,850.38,248.51,244.18,0.9567
1880,417,16688,500.69,613.57,406.74,562.48,0.408
1881,419,3483,126.26,306.63,268.49,200.31,0.9627
1882,419,27733,562.98,258.59,304.05,268.39,0.938
1883,419,25367,546.31,729.34,429.69,447.03,0.794
1884,419,20238,111.4,853.0,235.28,228.14,0.766
1885,42,3483,566.49,839.13,254.9,236.71,0.9901
1886,42,19861,82.56,826.45,228.51,177.37,0.916
1887,42,29667,609.47,199.33,222.48,219.3,0.681
1888,42,30308,34.32,64.03,309.44,544.51,0.5018
1889,420,3483,578.24,756.54,278.97,213.64,0.9821
1890,420,27733,86.99,725.73,316.46,280.91,0.8571
1891,420,20238,614.1,185.32,223.84,213.6,0.7868
1892,420,25367,3.74,84.02,423.62,411.11,0.7808
1893,422,3483,154.24,215.49,246.14,224.66,0.977
1894,422,19861,639.61,276.65,222.36,172.94,0.9655
1895,422,27993,94.48,905.26,273.14,164.84,0.6709
1896,422,1900,94.36,904.83,273.98,164.79,0.5586
1897,423,3483,572.17,833.78,259.9,236.67,0.9872
1898,423,19861,88.06,826.19,228.16,176.31,0.9211
1899,423,36637,588.46,195.32,262.5,152.93,0.6509
1900,423,19552,83.11,20.74,322.16,491.15,0.6394
1901,429,3483,607.26,792.27,273.64,204.68,0.979
1902,429,29667,669.03,179.32,225.4,216.85,0.8062
1903,429,27733,129.57,779.08,311.44,279.35,0.7932
1904,429,25367,75.68,153.26,480.14,357.2,0.5401
1905,430,3544,178.71,197.87,205.62,200.09,0.8587
1906,430,4543,609.38,155.6,202.22,198.03,0.8501
1907,430,3832,67.91,609.55,403.35,414.95,0.686
1908,430,16551,63.12,609.21,412.31,416.53,0.6761
1909,431,3544,198.27,206.74,211.62,202.39,0.873
1910,431,4543,639.96,155.54,209.54,199.72,0.8581
1911,431,30308,104.15,658.76,399.51,403.02,0.695
1912,431,3483,645.46,828.51,179.39,216.08,0.6551
1913,432,3544,584.03,858.29,214.96,211.78,0.9267
1914,432,4543,132.77,903.47,214.3,212.77,0.8346
1915,432,16551,488.93,224.33,395.56,396.69,0.7369
1916,432,30308,488.93,224.33,395.56,396.69,0.6761
1917,433,3483,577.76,757.32,277.7,212.95,0.9877
1918,433,16232,616.53,178.52,189.63,184.7,0.9501
1919,433,27733,83.79,727.2,318.19,281.64,0.7908
1920,433,29345,82.36,108.03,353.39,419.84,0.5232
1921,434,3483,127.22,305.11,268.28,203.08,0.9659
1922,434,16232,139.1,892.27,200.34,194.61,0.9339
1923,434,27733,562.82,259.59,306.17,266.25,0.905
1924,434,25367,531.42,695.14,375.07,449.54,0.5644
1925,435,3483,605.42,789.91,274.44,208.89,0.979
1926,435,16232,646.09,185.34,192.41,181.25,0.9085
1927,435,27733,121.65,773.11,309.71,278.04,0.7587
1928,435,29345,98.66,119.73,359.77,441.56,0.6431
1929,436,3483,603.64,844.22,276.96,188.7,0.9684
1930,436,25469,46.02,857.95,379.04,219.28,0.9576
1931,436,20238,616.36,195.81,229.41,214.1,0.7909
1932,436,31885,41.03,125.84,439.88,494.13,0.7083
1933,44,3351,370.3,154.34,183.57,188.39,0.9975
1934,44,13900,579.16,669.14,178.51,270.23,0.9737
1935,44,29667,95.36,721.14,231.02,233.22,0.9215
1936,44,36637,93.26,721.93,234.17,232.37,0.1958
1937,443,25438,566.67,188.74,252.42,248.46,0.9202
1938,443,2483,80.15,674.91,251.81,466.54,0.911
1939,443,12778,537.31,693.13,320.57,461.29,0.6951
1940,443,19552,537.6,693.27,321.05,461.0,0.6182
1941,444,2483,590.51,116.89,258.56,442.87,0.8955
1942,444,25438,105.99,843.0,268.8,262.15,0.876
1943,444,19552,84.25,103.94,315.2,447.91,0.6749
1944,444,30308,84.25,103.94,315.2,447.91,0.4084
1945,449,16262,622.81,182.46,242.35,230.93,0.9665
1946,449,3483,595.59,847.13,280.49,167.77,0.9527
1947,449,28763,95.54,852.34,221.32,202.58,0.5569
1948,449,21771,95.45,854.85,218.41,201.52,0.5376
1949,452,1900,641.34,843.35,190.48,192.13,0.9703
1950,452,16551,134.6,639.83,313.42,479.96,0.6988
1951,452,3483,173.9,236.0,196.28,259.23,0.5204
1952,452,29451,509.44,243.48,407.46,216.33,0.4906
1953,454,2483,109.3,705.48,218.27,478.62,0.8982
1954,454,16548,563.81,198.39,269.31,264.98,0.6025
1955,454,22362,129.18,96.02,224.78,460.16,0.5568
1956,454,13395,129.78,99.22,223.7,456.5,0.4487
1957,455,2483,608.31,27.4,213.47,477.21,0.9011
1958,455,12778,146.95,99.67,286.76,509.91,0.7788
1959,455,16548,90.61,800.08,275.46,269.15,0.6302
1960,455,19552,148.33,101.72,285.72,506.25,0.5191
1961,456,2483,594.13,79.38,208.85,449.77,0.8688
1962,456,19552,149.34,133.9,282.57,501.77,0.6101
1963,456,3832,581.79,687.39,252.66,493.6,0.5788
1964,456,12778,148.52,134.36,283.67,502.79,0.544
1965,457,2483,637.29,71.75,215.01,478.42,0.9077
1966,457,12778,119.47,164.33,265.04,518.82,0.5822
1967,457,16548,131.17,839.55,278.42,270.5,0.531
1968,457,13395,625.75,682.17,235.37,489.95,0.4508
1969,458,2483,624.28,116.36,222.44,449.71,0.906
1970,458,19552,116.46,204.77,270.1,507.07,0.4932
1971,458,12778,116.46,204.77,270.1,507.07,0.4568
1972,458,3743,132.48,846.98,284.28,279.2,0.4548
1973,459,2483,80.39,662.8,217.23,474.08,0.7371
1974,459,16548,522.89,165.16,268.43,264.44,0.6229
1975,459,3743,522.7,167.44,268.38,262.86,0.4879
1976,459,27926,553.83,526.12,258.87,512.29,0.4379
1977,46,2483,594.71,78.26,241.99,469.71,0.9418
1978,46,3743,114.7,790.7,329.25,318.23,0.6241
1979,46,20014,117.54,788.59,326.11,321.79,0.5451
1980,46,12081,600.93,713.25,229.64,445.88,0.4468
1981,460,22362,82.71,126.21,256.61,381.75,0.9137
1982,460,2483,91.25,664.47,206.38,476.11,0.8422
1983,460,20014,488.4,130.28,317.93,301.66,0.6564
1984,460,16548,492.48,145.52,306.15,276.93,0.4614
1985,462,2483,632.13,115.91,197.23,449.16,0.9522
1986,462,22362,607.8,742.21,270.2,409.07,0.8112
1987,462,19552,142.17,168.84,282.64,483.45,0.5578
1988,462,12778,142.17,168.84,282.64,483.45,0.4623
1989,463,28763,626.66,877.7,217.48,207.18,0.9559
1990,463,3483,129.93,294.63,278.99,167.57,0.946
1991,463,22347,131.05,868.14,231.89,227.12,0.6328
1992,463,22347,678.52,256.26,208.83,195.63,0.583
1993,464,28763,135.77,182.63,208.75,202.86,0.9523
1994,464,3483,562.15,808.76,291.53,177.36,0.9439
1995,464,22347,593.71,172.27,217.64,213.97,0.6093
1996,464,20238,595.34,172.36,219.23,214.81,0.6022
1997,465,28763,155.06,192.51,209.98,200.93,0.9578
1998,465,3483,595.72,844.76,280.77,172.6,0.9441
1999,465,22347,622.76,174.79,229.35,220.1,0.65
2000,465,20238,96.36,853.18,221.49,204.61,0.4651
2001,468,2483,600.38,123.9,205.01,457.02,0.9279
2002,468,25438,149.01,870.81,271.61,269.15,0.9205
2003,468,22362,600.92,754.95,269.96,410.53,0.8387
2004,468,12778,118.72,143.18,292.05,475.95,0.557
2005,469,3483,605.94,790.85,274.9,207.31,0.9632
2006,469,28763,149.93,220.72,211.41,201.16,0.863
2007,469,35206,601.69,123.51,253.46,394.93,0.7986
2008,469,27733,122.14,770.4,310.31,279.56,0.7647
2009,47,2483,95.33,666.35,250.13,468.27,0.9034
2010,47,22362,113.62,118.96,221.35,417.98,0.6152
2011,47,3743,487.6,168.8,321.03,301.17,0.5506
2012,47,16548,487.27,168.24,320.32,301.11,0.4524
2013,472,3544,146.34,188.96,211.8,204.11,0.9251
2014,472,16548,628.17,145.0,236.98,231.38,0.908
2015,472,13900,191.02,712.49,210.61,355.17,0.7473
2016,472,19232,188.7,713.31,216.1,358.74,0.3165
2017,474,3544,632.45,873.41,218.67,212.24,0.8986
2018,474,16548,114.57,879.77,245.19,239.62,0.7847
2019,474,38162,588.92,237.96,213.39,336.79,0.5133
2020,474,27926,589.37,238.21,213.0,337.5,0.492
2021,475,25438,123.48,820.59,265.46,266.65,0.9284
2022,475,2483,596.62,94.29,206.81,454.46,0.906
2023,475,19552,95.28,162.57,303.24,468.55,0.7059
2024,475,16688,95.28,162.57,303.24,468.55,0.3904
2025,477,2483,603.58,51.86,214.21,480.16,0.9008
2026,477,25438,123.94,809.1,258.53,259.5,0.892
2027,477,19552,90.53,117.18,303.96,480.97,0.7008
2028,477,13395,587.17,721.04,238.21,487.96,0.4975
2029,479,3483,537.58,775.07,269.15,227.11,0.9907
2030,479,27777,144.63,775.39,178.37,206.65,0.9345
2031,479,36637,634.34,178.38,182.41,242.82,0.8038
2032,479,3351,146.11,777.57,177.72,203.89,0.7713
2033,481,2483,624.49,116.06,222.03,450.74,0.8534
2034,481,19552,80.09,137.09,295.81,462.99,0.5619
2035,481,13395,633.45,681.55,249.36,500.25,0.4418
2036,481,16688,79.63,135.06,297.38,464.16,0.4101
2037,482,2483,82.23,661.63,210.59,475.92,0.7204
2038,482,19552,565.53,644.02,289.09,478.63,0.6298
2039,482,12778,565.53,644.02,289.09,478.63,0.5246
2040,482,16548,525.05,167.77,265.16,257.11,0.5223
2041,484,3351,419.79,894.58,191.18,192.37,0.9872
2042,484,32310,23.67,325.6,294.57,329.83,0.96
2043,484,16688,478.95,117.5,416.8,531.43,0.8964
2044,484,2483,477.17,115.92,417.47,532.25,0.4263
2045,485,3351,326.66,146.52,186.55,189.09,0.9986
2046,485,32310,621.0,532.89,293.93,342.98,0.9813
2047,485,16688,39.04,523.96,420.31,570.4,0.8445
2048,485,21325,621.99,531.71,294.0,343.9,0.2354
2049,486,3351,369.45,205.09,184.09,183.14,0.9991
2050,486,32310,660.75,628.39,296.03,347.34,0.9812
2051,486,16688,78.98,609.65,422.97,590.69,0.9137
2052,486,2483,80.97,614.66,421.68,583.92,0.3456
2053,487,3483,606.32,789.51,271.25,210.2,0.9814
2054,487,16232,645.87,185.35,192.95,181.46,0.8965
2055,487,27733,121.76,773.65,309.27,275.73,0.805
2056,487,31885,95.24,39.03,399.95,520.77,0.622
2057,493,19607,684.86,901.22,163.43,158.6,0.947
2058,493,1900,187.69,289.52,196.46,157.73,0.9166
2059,493,16548,122.53,888.69,243.8,240.0,0.8663
2060,493,21771,683.07,901.78,165.1,158.74,0.468
2061,494,16548,590.95,138.62,233.46,222.3,0.9522
2062,494,1900,589.48,826.05,201.55,164.47,0.9007
2063,494,19607,134.19,212.13,154.44,151.3,0.895
2064,494,16232,126.94,208.63,168.87,162.62,0.3854
2065,496,3351,390.99,870.48,192.91,193.9,0.9802
2066,496,36637,162.01,289.78,189.02,252.41,0.9621
2067,496,3832,497.17,180.63,369.78,363.86,0.908
2068,496,21325,162.21,294.07,189.13,248.85,0.6474
2069,497,3351,353.31,159.36,183.28,184.54,0.9984
2070,497,36637,585.71,667.76,197.41,258.14,0.9616
2071,497,3832,47.76,655.35,385.71,376.0,0.9507
2072,497,35206,51.87,654.15,383.67,375.78,0.4262
2073,499,3483,124.21,273.6,274.85,186.32,0.9407
2074,499,25469,570.17,230.94,368.22,218.89,0.9381
2075,499,16262,165.54,832.42,250.08,246.14,0.9351
2076,499,25367,525.49,725.21,433.05,460.31,0.7887
2077,5,1900,181.03,267.31,130.45,199.93,0.9913
2078,5,29345,608.9,717.02,285.8,440.8,0.8969
2079,5,16551,565.91,115.48,290.63,474.51,0.7428
2080,5,24850,94.6,893.93,302.68,162.05,0.7102
2081,500,3483,575.18,809.78,284.68,194.95,0.9725
2082,500,25469,12.71,811.87,377.79,221.09,0.9376
2083,500,16262,540.9,185.28,243.26,235.1,0.9196
2084,500,25367,23.93,69.74,414.66,430.38,0.8229
2085,501,3483,603.6,844.1,280.39,188.41,0.9572
2086,501,25469,45.45,855.86,379.51,221.65,0.9381
2087,501,16262,574.85,193.4,242.78,231.93,0.8795
2088,501,25367,33.0,83.1,426.65,437.41,0.7951
2089,502,3483,125.35,272.4,272.48,188.85,0.9289
2090,502,25469,573.3,229.37,364.14,218.33,0.8582
2091,502,20238,137.23,848.32,234.4,231.07,0.8523
2092,502,30308,545.41,732.12,413.18,407.33,0.7522
2093,503,3483,576.1,808.27,284.42,196.97,0.9579
2094,503,25469,12.03,810.87,380.6,225.24,0.9097
2095,503,20238,590.33,190.25,219.3,212.51,0.8529
2096,503,30308,28.21,104.55,391.08,394.9,0.8025
2097,506,3351,350.91,139.3,184.61,190.68,0.9984
2098,506,38162,535.05,630.35,195.59,305.7,0.9746
2099,506,31863,80.57,700.52,209.77,209.25,0.9581
2100,506,25438,78.35,697.51,214.92,215.8,0.2948
2101,507,3351,391.68,196.7,185.62,184.86,0.9931
2102,507,38162,574.81,724.3,194.57,300.6,0.9676
2103,507,31863,122.4,785.89,208.24,203.97,0.9462
2104,507,22074,127.04,784.35,205.34,207.04,0.2921
2105,508,22074,165.63,263.31,187.24,189.42,0.954
2106,508,18147,537.0,240.86,339.6,350.44,0.9518
2107,508,3351,420.39,871.04,190.0,193.66,0.6499
2108,508,3351,169.53,263.22,182.37,186.01,0.556
2109,509,3351,328.15,168.78,186.09,186.95,0.9974
2110,509,18147,41.16,605.96,353.21,384.16,0.9484
2111,509,22074,586.79,780.21,192.03,193.48,0.9189
2112,509,31863,590.02,780.55,189.82,191.83,0.4355
2113,511,3483,152.39,216.16,248.58,225.83,0.9904
2114,511,19861,639.7,278.16,222.14,172.55,0.9688
2115,511,25367,577.82,740.89,387.29,495.81,0.7335
2116,511,27993,93.78,906.48,274.1,164.6,0.6525
2117,515,3483,569.85,812.27,264.47,218.19,0.9686
2118,515,27777,178.99,811.96,176.62,205.2,0.9664
2119,515,30308,81.18,186.16,436.71,370.69,0.8917
2120,515,35206,616.27,144.07,226.12,400.6,0.8735
2121,516,3483,175.01,278.97,258.9,217.42,0.9907
2122,516,27777,635.41,293.27,176.85,196.85,0.9682
2123,516,35206,139.59,701.75,240.25,421.08,0.9661
2124,516,30308,476.31,698.79,439.02,374.46,0.6157
2125,517,3483,593.81,848.7,279.85,168.09,0.9772
2126,517,36637,639.88,209.55,194.51,248.07,0.9039
2127,517,31885,28.66,8.44,373.34,536.35,0.6529
2128,517,19552,28.66,8.44,373.34,536.35,0.5657
2129,518,3483,561.54,809.83,290.36,178.17,0.9394
2130,518,36637,612.89,200.78,188.41,246.39,0.8662
2131,518,31885,18.17,0.05,361.32,521.86,0.6317
2132,518,30308,18.17,0.05,361.32,521.86,0.5949
2133,519,3483,133.79,293.81,276.99,168.02,0.95
2134,519,21771,682.76,257.66,206.85,193.09,0.7008
2135,519,36637,143.56,802.46,204.42,256.94,0.6512
2136,519,22347,682.76,257.66,206.85,193.09,0.6291
2137,520,3483,176.02,276.38,262.15,216.96,0.9754
2138,520,28763,617.87,907.61,214.48,210.18,0.9317
2139,520,27777,637.69,293.94,175.51,196.6,0.9305
2140,520,29667,127.79,877.48,227.68,231.06,0.8321
2141,521,3483,536.16,776.1,266.67,226.79,0.9919
2142,521,27777,143.19,775.99,177.71,204.98,0.9648
2143,521,28763,144.87,156.76,206.71,193.99,0.8649
2144,521,29667,600.25,157.75,220.06,216.8,0.775
2145,522,3483,564.19,812.95,267.74,219.71,0.9712
2146,522,27777,177.01,811.75,177.4,204.58,0.9464
2147,522,28763,163.06,159.62,212.51,199.51,0.9429
2148,522,29667,633.6,163.7,225.29,214.08,0.8041
2149,525,28763,639.27,865.56,214.77,211.84,0.9557
2150,525,3483,125.12,307.33,268.94,198.5,0.932
2151,525,16232,139.06,892.97,200.49,193.65,0.9279
2152,525,27733,562.3,258.79,305.48,265.89,0.9197
2153,526,3483,149.44,218.42,250.71,224.68,0.9816
2154,526,19861,638.0,276.66,223.03,173.53,0.9662
2155,526,16262,99.57,850.82,246.89,242.67,0.9406
2156,526,30308,551.19,705.57,311.56,479.26,0.5715
2157,527,3483,601.81,867.7,257.43,230.78,0.9918
2158,527,19861,126.17,865.29,221.54,170.1,0.9697
2159,527,16262,639.6,177.82,244.83,230.41,0.9331
2160,527,16551,135.17,74.76,307.55,464.18,0.6283
2161,528,3483,573.7,833.94,258.63,234.84,0.979
2162,528,16262,609.81,171.69,238.9,229.27,0.9302
2163,528,19861,90.24,826.81,228.5,176.25,0.9095
2164,528,30308,120.08,59.15,288.82,455.87,0.7485
2165,529,3483,602.87,843.17,280.55,188.56,0.956
2166,529,25469,45.54,856.22,376.17,220.1,0.9395
2167,529,22347,104.04,242.06,208.66,197.99,0.8211
2168,529,20238,618.62,197.23,226.98,212.09,0.7407
2169,53,2483,650.28,118.66,210.69,449.85,0.9434
2170,53,25438,130.69,854.94,267.64,261.62,0.8222
2171,53,19552,99.96,129.05,351.94,459.89,0.6812
2172,53,16688,99.78,113.11,383.88,488.0,0.3688
2173,530,25469,571.56,231.68,366.92,219.02,0.885
2174,530,3483,125.79,272.37,271.54,189.22,0.8501
2175,530,22347,680.91,831.75,211.14,203.83,0.8221
2176,530,20238,135.95,851.52,234.24,227.78,0.6481
2177,531,20238,590.89,190.57,219.09,213.33,0.9448
2178,531,25469,11.92,810.94,382.67,225.94,0.9364
2179,531,3483,574.44,808.99,286.51,194.55,0.9291
2180,531,22347,86.63,228.82,202.39,197.22,0.7837
2181,532,2483,587.96,127.37,291.01,426.74,0.9594
2182,532,19552,122.55,133.89,365.1,411.2,0.5485
2183,532,13395,614.62,699.83,235.72,496.73,0.4753
2184,532,3743,71.56,810.84,331.38,331.01,0.4494
2185,533,2483,600.34,79.51,291.65,456.82,0.9552
2186,533,19552,112.95,87.11,376.81,422.4,0.7945
2187,533,25367,120.64,89.98,370.8,417.66,0.4201
2188,533,27926,601.51,702.04,238.88,487.14,0.3597
2189,534,2483,45.58,682.41,283.86,451.24,0.9502
2190,534,19552,446.93,705.39,381.34,424.16,0.7527
2191,534,3743,532.19,153.97,324.91,306.23,0.4861
2192,534,16548,552.19,167.43,303.0,265.12,0.3937
2193,535,3483,601.45,844.72,281.49,186.53,0.9819
2194,535,25469,82.71,829.69,346.28,303.4,0.9749
2195,535,36637,673.74,172.37,180.12,255.12,0.7875
2196,535,31885,82.58,127.83,398.68,518.82,0.5797
2197,536,3483,573.62,809.87,285.34,194.76,0.9706
2198,536,25469,38.57,788.19,355.64,301.57,0.9673
2199,536,36637,643.77,171.26,173.47,247.41,0.8094
2200,536,31885,68.04,111.62,392.15,509.52,0.5227
2201,537,25469,569.26,181.02,331.78,292.16,0.9691
2202,537,3483,126.02,271.81,273.78,189.61,0.9451
2203,537,36637,125.55,828.63,188.74,262.89,0.5986
2204,537,31885,514.86,591.37,414.07,532.69,0.5004
2205,539,3351,321.0,131.63,186.9,189.23,0.9985
2206,539,38162,591.38,705.1,198.95,311.65,0.9879
2207,539,20014,6.61,671.02,351.82,344.03,0.9543
2208,539,25367,9.97,669.25,358.01,340.32,0.2772
2209,54,25438,545.49,178.31,254.46,248.12,0.9194
2210,54,2483,70.33,664.02,196.67,477.6,0.8974
2211,54,19552,478.11,649.23,354.63,473.05,0.5975
2212,54,12778,483.05,648.48,358.0,470.6,0.4324
2213,540,3351,361.68,190.8,184.56,182.06,0.9993
2214,540,20014,44.38,755.84,355.83,338.48,0.9823
2215,540,38162,635.29,804.61,190.28,294.96,0.9579
2216,540,25367,49.79,753.07,364.17,343.03,0.2434
2217,541,3483,147.5,216.81,253.03,226.86,0.9879
2218,541,16232,144.97,899.1,195.19,191.07,0.9666
2219,541,19861,637.97,276.85,222.95,172.83,0.9618
2220,541,31885,550.09,643.59,370.09,574.24,0.4703
2221,542,3483,572.9,840.14,258.31,231.92,0.9902
2222,542,19861,89.91,827.56,229.79,174.46,0.9297
2223,542,16232,615.5,173.69,186.34,181.49,0.8455
2224,542,19552,78.12,28.76,296.11,541.95,0.5963
2225,543,3483,600.17,867.82,261.11,232.38,0.9971
2226,543,19861,125.37,866.1,222.04,169.39,0.9706
2227,543,16232,645.04,175.93,190.78,187.01,0.8534
2228,543,31885,99.57,54.1,294.49,538.61,0.6335
2229,545,3483,177.74,275.55,260.48,220.34,0.9828
2230,545,27777,636.65,294.26,176.96,197.17,0.9033
2231,545,29667,128.02,878.25,227.49,228.76,0.8484
2232,545,22347,662.62,863.71,216.96,208.04,0.6875
2233,546,3483,536.52,777.0,266.57,226.38,0.9791
2234,546,27777,142.53,774.8,179.45,205.59,0.9378
2235,546,22347,105.13,200.52,202.82,194.45,0.8762
2236,546,29667,602.54,159.12,219.06,216.85,0.7576
2237,547,3483,649.93,751.37,211.69,266.41,0.9637
2238,547,22347,118.35,243.35,207.29,197.42,0.9208
2239,547,20877,113.66,769.95,332.34,229.79,0.8594
2240,547,36637,630.55,209.84,190.28,251.82,0.7552
2241,548,22347,664.18,830.04,213.55,204.53,0.9479
2242,548,3483,141.78,289.52,213.07,257.13,0.9298
2243,548,20877,542.34,291.99,333.17,235.8,0.8774
2244,548,36637,162.77,796.65,195.9,258.83,0.6351
2245,55,3351,422.23,847.46,190.78,190.86,0.9966
2246,55,20014,45.53,284.67,345.41,321.48,0.9653
2247,55,16688,431.66,162.46,507.01,458.57,0.7331
2248,55,2483,429.94,159.36,510.89,460.15,0.3667
2249,551,3483,132.36,295.51,275.09,166.88,0.8989
2250,551,16688,536.7,683.38,392.0,444.43,0.6934
2251,551,22347,680.29,256.48,206.79,197.07,0.6745
2252,551,22347,135.59,871.2,228.38,223.18,0.6589
2253,552,3483,595.25,846.93,279.55,166.89,0.9517
2254,552,22347,621.34,177.35,224.82,214.3,0.8256
2255,552,30308,67.84,145.2,378.22,420.24,0.708
2256,552,16551,71.36,143.26,381.16,425.74,0.5675
2257,553,3483,574.94,810.21,287.31,192.51,0.9634
2258,553,25469,11.9,811.4,382.09,223.04,0.9523
2259,553,16232,601.56,213.28,183.58,185.38,0.9294
2260,553,25367,9.09,78.08,422.24,450.9,0.7778
2261,555,3483,603.51,842.3,278.32,188.85,0.9848
2262,555,25469,44.55,855.81,381.55,221.15,0.9481
2263,555,16232,630.07,219.78,189.28,188.97,0.9137
2264,555,16688,19.42,107.15,425.58,446.03,0.5735
2265,56,3351,323.62,192.0,187.46,189.92,0.9979
2266,56,20014,542.82,620.15,354.84,343.68,0.9876
2267,56,16688,0,558.55,511.37,494.12,0.8428
2268,56,2483,0,555.17,512.39,494.38,0.2981
2269,560,3483,602.23,866.09,258.79,232.12,0.99
2270,560,19861,125.41,865.56,222.37,169.41,0.9735
2271,560,35206,585.79,98.39,279.36,380.39,0.7035
2272,560,30308,110.14,72.05,275.69,479.59,0.5432
2273,564,1900,150.36,253.08,195.6,166.77,0.9523
2274,564,21771,159.9,806.56,191.66,184.17,0.8575
2275,564,16551,586.93,105.06,304.23,480.42,0.7243
2276,564,33009,544.29,833.78,377.48,199.46,0.7101
2277,565,2483,623.6,88.38,224.22,446.67,0.8857
2278,565,3743,106.06,809.51,282.19,286.06,0.6029
2279,565,30308,26.58,178.99,394.6,416.28,0.5651
2280,565,19552,22.5,181.66,398.14,413.55,0.5321
2281,569,2483,93.74,669.57,247.95,462.91,0.9436
2282,569,12778,549.91,581.96,268.02,512.84,0.5843
2283,569,22362,112.75,119.11,222.69,417.43,0.4742
2284,569,3743,490.7,169.31,319.09,300.76,0.405
2285,571,1900,581.27,866.41,206.13,144.25,0.9283
2286,571,16551,532.78,52.77,312.65,460.13,0.8932
2287,571,38162,121.99,137.59,192.2,282.86,0.4753
2288,571,35206,533.04,56.66,315.23,455.65,0.4701
2289,572,1900,189.26,274.49,199.54,135.12,0.9456
2290,572,16551,94.65,708.49,327.67,483.49,0.8047
2291,572,30308,91.54,708.38,332.44,481.83,0.6066
2292,572,31885,102.94,708.39,322.99,476.12,0.5092
2293,573,1900,609.68,901.81,203.33,134.65,0.9249
2294,573,16551,563.37,66.12,313.1,466.63,0.8937
2295,573,35206,565.55,59.15,308.53,471.7,0.5104
2296,573,3351,122.83,866.47,181.07,176.69,0.4924
2297,574,2483,672.69,82.35,198.73,477.91,0.9349
2298,574,3743,112.02,833.63,326.67,319.39,0.6676
2299,574,16548,111.21,834.26,327.95,319.3,0.4531
2300,574,20014,111.39,834.2,326.77,320.35,0.4454
2301,575,2483,61.36,652.86,198.8,474.09,0.8865
2302,575,20014,493.33,127.29,317.08,303.54,0.5146
2303,575,19552,539.53,555.15,298.73,475.77,0.4849
2304,575,27926,88.13,92.85,224.08,469.12,0.4802
2305,576,2483,662.63,128.0,206.73,455.47,0.9573
2306,576,19552,112.77,224.89,284.02,459.94,0.5913
2307,576,3743,113.36,842.79,332.02,326.9,0.587
2308,576,13395,631.36,684.31,248.72,497.28,0.468
2309,577,19607,137.99,789.24,159.32,156.44,0.9467
2310,577,1900,132.6,245.83,195.92,158.43,0.9391
2311,577,16551,535.41,68.83,356.92,430.11,0.6991
2312,577,3832,537.21,68.57,350.6,429.37,0.6398
2313,578,19607,661.08,334.51,155.99,150.39,0.9812
2314,578,1900,642.9,857.41,207.9,165.74,0.9374
2315,578,16548,88.75,257.82,363.79,206.59,0.7753
2316,578,16551,49.72,727.14,375.85,446.04,0.6016
2317,579,1900,149.62,254.55,197.5,160.42,0.962
2318,579,19607,170.99,825.32,155.94,151.11,0.9535
2319,579,33009,546.49,832.82,372.58,200.67,0.7015
2320,579,3832,563.87,80.34,365.55,440.06,0.6255
2321,58,3483,572.94,835.42,257.0,235.7,0.9905
2322,58,19861,89.89,826.31,228.25,176.99,0.9164
2323,58,35206,557.1,94.78,275.59,368.63,0.8814
2324,58,16688,35.1,56.55,402.29,471.55,0.6831
2325,581,1900,643.71,851.9,206.5,174.18,0.9837
2326,581,16548,84.89,254.82,367.68,208.3,0.8774
2327,581,16548,99.7,904.15,248.29,240.89,0.5437
2328,581,38162,641.82,208.07,183.02,272.9,0.4933
2329,583,2483,63.64,695.78,256.68,460.33,0.9842
2330,583,19552,470.65,645.2,321.98,473.82,0.7126
2331,583,12778,467.98,645.51,323.81,473.27,0.6445
2332,583,16548,547.2,190.35,273.84,263.51,0.615
2333,584,2483,598.85,102.29,262.08,444.25,0.9278
2334,584,19552,157.29,143.78,309.71,455.04,0.7276
2335,584,3832,591.21,688.63,256.74,493.17,0.5931
2336,584,16548,108.86,818.51,282.55,275.43,0.4985
2337,586,3483,573.63,809.94,286.94,195.46,0.9671
2338,586,28763,144.87,199.81,206.63,196.37,0.9662
2339,586,25469,46.97,784.72,348.48,299.88,0.9373
2340,586,36637,643.36,170.41,176.46,247.82,0.8411
2341,587,28763,617.86,861.34,214.41,209.87,0.963
2342,587,25469,571.01,179.72,330.52,292.22,0.9381
2343,587,3483,127.02,272.0,271.3,186.85,0.9206
2344,587,36637,125.02,828.15,190.8,262.46,0.6395
2345,588,3483,603.52,843.27,278.57,188.48,0.9758
2346,588,25469,82.74,831.29,342.9,302.09,0.9648
2347,588,28763,163.08,206.69,211.88,202.01,0.9613
2348,588,36637,673.21,172.11,179.19,256.25,0.7863
2349,589,3483,600.47,867.1,260.19,232.38,0.9959
2350,589,19861,125.43,865.77,222.1,169.81,0.9683
2351,589,16262,638.69,176.67,245.11,231.17,0.935
2352,589,19552,31.12,110.46,329.87,492.81,0.6385
2353,591,3483,149.56,216.81,250.82,226.73,0.9831
2354,591,19861,638.64,276.39,222.32,174.05,0.9508
2355,591,16262,97.23,852.12,248.59,241.21,0.9467
2356,591,12778,635.45,638.89,338.94,512.35,0.5451
2357,592,3483,152.67,215.36,249.2,225.28,0.9749
2358,592,19861,640.17,275.45,220.96,174.06,0.9449
2359,592,28763,650.46,904.6,219.81,212.47,0.9318
2360,592,29667,119.73,841.21,227.05,228.79,0.8934
2361,593,3483,572.24,836.27,256.84,233.66,0.9725
2362,593,28763,113.34,158.98,208.16,196.8,0.9722
2363,593,19861,87.28,825.9,230.08,176.89,0.8741
2364,593,29667,611.49,193.15,219.88,217.69,0.6039
2365,594,3483,598.99,866.99,261.01,232.88,0.9841
2366,594,28763,127.99,161.92,214.13,203.61,0.967
2367,594,19861,123.14,864.11,222.28,171.3,0.9447
2368,594,29667,641.58,199.09,223.5,216.48,0.7324
2369,595,32310,107.99,215.8,252.14,344.58,0.9896
2370,595,3351,397.43,867.8,192.11,189.63,0.9861
2371,595,16232,648.63,289.67,191.68,190.26,0.7616
2372,595,21325,108.67,214.71,252.51,344.12,0.3206
2373,596,3351,349.93,163.28,182.95,184.87,0.998
2374,596,32310,572.18,617.72,270.53,367.36,0.979
2375,596,16232,78.76,735.69,199.23,196.99,0.9622
2376,596,18357,576.61,617.63,262.78,366.39,0.2939
2377,598,3351,401.88,874.79,190.22,191.23,0.9928
2378,598,36637,173.53,334.54,182.06,251.58,0.929
2379,598,33880,551.32,191.74,301.61,423.21,0.9004
2380,598,21325,168.75,336.06,185.79,250.5,0.6879
2381,60,3483,149.78,217.62,252.08,226.38,0.9932
2382,60,35206,110.05,771.0,300.86,397.72,0.9623
2383,60,19861,638.47,276.89,222.42,173.44,0.9412
2384,60,25367,541.3,697.81,417.82,480.8,0.4968
2385,600,3351,385.55,225.75,185.45,181.91,0.9961
2386,600,36637,626.7,719.42,182.4,262.27,0.9337
2387,600,33880,111.3,683.63,312.11,436.54,0.7647
2388,600,21325,623.19,722.55,183.16,258.22,0.6895
2389,601,3483,126.13,306.72,269.46,200.8,0.9725
2390,601,27733,562.77,259.87,305.11,266.31,0.9474
2391,601,16262,150.85,805.87,245.97,239.19,0.9043
2392,601,31885,499.8,634.38,461.73,486.27,0.4506
2393,602,3483,578.01,756.97,280.92,213.32,0.9799
2394,602,16262,565.48,217.92,234.92,228.99,0.8926
2395,602,27733,84.25,728.25,318.27,278.59,0.8275
2396,602,31885,37.97,105.66,435.21,478.52,0.5775
2397,603,3483,606.51,790.57,271.67,209.24,0.9776
2398,603,16262,588.77,224.89,249.57,230.56,0.9364
2399,603,27733,120.59,775.73,309.67,275.76,0.8275
2400,603,31885,49.05,135.54,452.24,481.08,0.6078
2401,605,3483,594.64,846.66,281.37,167.95,0.9623
2402,605,28763,145.6,247.6,216.62,204.82,0.94
2403,605,36637,642.23,208.93,191.88,247.57,0.8946
2404,605,38162,141.48,242.04,222.59,220.2,0.5144
2405,608,3351,338.21,191.71,186.27,188.97,0.9977
2406,608,33880,45.56,608.04,317.32,440.23,0.9588
2407,608,29667,588.85,723.65,233.94,231.52,0.9295
2408,608,16688,28.83,584.72,354.67,489.26,0.276
2409,610,3483,561.16,811.36,289.06,175.63,0.9668
2410,610,16232,617.71,221.47,188.24,185.48,0.9409
2411,610,16688,0,104.04,402.0,467.41,0.6955
2412,610,25367,0,121.73,398.05,434.13,0.6653
2413,611,3483,132.01,294.07,277.73,168.02,0.9531
2414,611,16232,141.21,846.3,197.83,192.56,0.9474
2415,611,21771,683.33,256.51,206.82,194.3,0.6599
2416,611,16688,576.8,659.41,399.2,471.31,0.6553
2417,612,3483,592.04,848.24,281.45,169.37,0.9841
2418,612,16232,645.5,230.78,192.4,183.95,0.8984
2419,612,25367,0,142.29,411.12,443.02,0.6614
2420,612,30308,0,141.7,412.38,440.11,0.6245
2421,614,3351,345.8,154.75,183.5,185.76,0.9984
2422,614,22074,632.6,729.4,190.57,190.39,0.9545
2423,614,19232,162.23,654.66,247.3,355.51,0.8879
2424,614,32310,160.71,652.82,244.71,356.99,0.4389
2425,615,3351,388.36,214.37,183.56,179.83,0.9995
2426,615,22074,670.08,822.36,189.4,186.58,0.9268
2427,615,19232,205.79,753.14,242.75,355.31,0.9175
2428,615,32310,204.86,753.05,243.81,355.8,0.4134
2429,616,3483,149.62,217.01,251.29,224.03,0.977
2430,616,28763,633.5,889.36,216.77,210.58,0.9515
2431,616,16232,144.03,898.39,195.85,191.77,0.9486
2432,616,19861,638.78,277.23,221.08,171.89,0.9313
2433,617,3483,601.44,867.63,260.62,231.67,0.9833
2434,617,28763,146.33,177.1,213.49,204.03,0.9641
2435,617,19861,125.62,866.27,221.86,169.51,0.9579
2436,617,16232,644.23,175.21,191.27,186.63,0.9013
2437,618,3483,573.8,833.18,255.35,237.47,0.9784
2438,618,28763,130.37,171.86,206.21,196.78,0.9553
2439,618,16232,613.27,172.84,189.49,183.23,0.9284
2440,618,19861,90.34,826.12,227.58,176.73,0.917
2441,62,3351,325.06,155.23,185.89,190.38,0.9956
2442,62,18147,86.58,546.1,293.47,424.59,0.988
2443,62,36637,539.91,648.28,209.11,257.68,0.9512
2444,62,21325,539.41,650.94,207.56,251.99,0.328
2445,620,2483,87.76,647.45,191.6,478.22,0.8674
2446,620,22362,83.94,86.17,248.31,381.06,0.7636
2447,620,16548,521.6,153.34,267.49,264.14,0.7385
2448,620,3743,521.04,155.19,268.07,263.38,0.6098
2449,621,2483,653.93,81.43,194.26,484.93,0.8912
2450,621,22362,610.3,787.58,249.9,402.25,0.8461
2451,621,12778,102.87,67.96,281.39,494.17,0.6021
2452,621,16548,134.11,852.23,278.03,268.76,0.5511
2453,622,3351,394.69,890.91,191.73,192.01,0.98
2454,622,41768,126.49,292.09,263.74,293.0,0.9686
2455,622,22074,610.43,288.97,187.11,191.38,0.7213
2456,622,16232,613.79,288.46,184.18,190.97,0.5459
2457,623,3351,350.14,148.66,184.98,189.17,0.9879
2458,623,41768,551.17,629.45,271.57,309.93,0.9849
2459,623,22074,123.14,746.4,192.5,195.2,0.5991
2460,623,16232,123.56,746.38,192.18,195.09,0.5961
2461,624,41768,590.51,717.44,267.32,313.77,0.9767
2462,624,3351,392.0,209.3,185.71,182.16,0.9763
2463,624,16232,166.2,839.05,188.37,186.22,0.7429
2464,624,22074,166.2,839.05,188.37,186.22,0.7305
2465,625,3483,126.53,305.66,267.82,201.39,0.9683
2466,625,16262,148.71,806.96,247.91,238.62,0.9245
2467,625,27733,562.97,258.36,305.67,269.17,0.9006
2468,625,30308,493.87,697.08,425.95,402.89,0.6527
2469,627,3483,577.02,756.73,280.74,212.26,0.9739
2470,627,16262,564.13,217.01,235.51,228.13,0.8752
2471,627,27733,86.9,726.89,315.96,279.3,0.8098
2472,627,30308,63.2,149.9,407.2,376.78,0.7164
2473,628,3483,124.87,304.05,268.74,203.23,0.9669
2474,628,22347,677.89,852.53,212.4,205.41,0.9467
2475,628,16232,139.05,892.3,200.22,193.6,0.9459
2476,628,27733,563.39,259.57,303.46,267.32,0.8693
2477,632,25438,548.2,183.11,255.8,250.08,0.924
2478,632,2483,66.5,665.1,202.98,477.26,0.7777
2479,632,13395,122.8,98.28,223.27,460.02,0.4388
2480,632,27926,122.29,98.79,225.11,458.19,0.3973
2481,633,2483,650.61,114.8,206.16,450.42,0.9317
2482,633,25438,128.61,847.06,265.88,266.29,0.8569
2483,633,19552,146.51,149.68,281.29,479.83,0.5501
2484,633,12778,146.51,149.68,281.29,479.83,0.4844
2485,635,16548,68.59,753.83,243.1,230.67,0.9237
2486,635,4543,610.37,155.07,202.02,197.47,0.8544
2487,635,3544,178.9,195.19,207.04,202.01,0.8303
2488,635,28763,616.1,795.48,207.01,215.94,0.5849
2489,636,3544,583.85,858.78,214.85,211.31,0.9074
2490,636,16548,649.88,275.07,236.6,227.44,0.7799
2491,636,4543,131.07,906.94,213.6,209.68,0.6867
2492,636,27777,196.35,254.11,156.11,217.52,0.5338
2493,637,2483,587.16,127.53,292.71,425.71,0.9595
2494,637,20014,69.63,811.82,332.62,330.82,0.4774
2495,637,3483,587.16,127.53,292.71,425.71,0.3786
2496,637,35206,617.31,704.03,233.35,482.97,0.3759
2497,638,2483,604.59,79.27,285.29,458.24,0.9277
2498,638,38162,599.03,703.93,244.37,483.7,0.428
2499,638,25469,53.41,162.8,468.75,347.64,0.4082
2500,638,13395,598.34,703.3,245.34,484.8,0.3852
2501,64,3351,395.62,888.08,191.01,190.2,0.985
2502,64,20014,586.45,270.76,347.61,313.18,0.9769
2503,64,29667,153.5,276.99,228.52,226.27,0.881
2504,64,36637,153.5,276.99,228.52,226.27,0.3442
2505,640,3351,403.76,918.5,193.36,192.99,0.9913
2506,640,3832,485.94,287.81,395.63,339.69,0.8631
2507,640,20238,94.84,298.8,229.93,222.62,0.6986
2508,640,35206,491.96,285.58,390.35,335.87,0.6157
2509,641,3351,341.33,124.61,184.01,187.55,0.9987
2510,641,20238,616.51,705.5,235.34,231.98,0.9421
2511,641,3832,34.43,577.53,410.24,349.05,0.8164
2512,641,35206,44.36,575.2,405.43,348.48,0.3624
2513,644,2483,57.21,651.73,205.97,474.34,0.868
2514,644,12778,508.79,617.72,266.46,521.47,0.5018
2515,644,3743,481.02,122.26,320.82,304.51,0.4543
2516,644,20014,483.08,121.55,318.93,303.37,0.4537
2517,646,3483,174.74,276.65,262.18,218.03,0.9899
2518,646,27777,635.67,293.29,175.38,196.67,0.9393
2519,646,36637,124.88,829.5,200.14,254.74,0.7029
2520,646,34597,395.59,633.44,469.28,438.87,0.5694
2521,647,3483,565.91,811.39,267.57,219.99,0.9874
2522,647,27777,178.47,811.92,176.18,204.78,0.9626
2523,647,36637,659.75,181.26,195.5,248.05,0.7323
2524,647,25367,144.55,192.88,448.32,410.47,0.663
2525,648,3483,539.54,775.11,264.1,227.1,0.9926
2526,648,27777,144.8,775.01,178.91,207.76,0.9653
2527,648,36637,633.98,179.36,184.64,242.61,0.775
2528,648,16688,126.68,162.88,446.89,425.71,0.7392
2529,65,3351,349.98,153.94,185.32,187.74,0.9966
2530,65,20014,0,636.84,340.01,341.0,0.9714
2531,65,29667,560.85,730.02,226.98,231.76,0.8896
2532,65,19552,0,623.64,346.49,364.34,0.2453
2533,650,3351,367.14,175.78,183.36,184.92,0.9983
2534,650,32310,0,706.79,308.05,316.81,0.9909
2535,650,36637,562.97,821.87,273.68,166.06,0.7845
2536,650,29345,0,675.02,330.74,368.05,0.2886
2537,652,1900,124.2,257.55,199.0,150.8,0.9273
2538,652,16551,563.36,61.84,284.99,469.54,0.7626
2539,652,16688,585.99,698.45,268.73,450.52,0.4959
2540,652,29345,586.54,698.75,268.22,448.93,0.4923
2541,653,1900,647.09,858.04,208.53,154.97,0.9685
2542,653,16551,89.44,694.95,311.19,486.0,0.5961
2543,653,16548,545.53,266.58,293.12,164.77,0.4958
2544,653,30308,89.46,692.66,309.71,487.17,0.4602
2545,654,1900,141.6,270.48,201.78,146.41,0.9891
2546,654,16551,588.07,72.43,297.65,474.03,0.7001
2547,654,27926,616.96,735.3,261.5,443.21,0.5714
2548,654,29345,616.72,735.39,262.03,445.31,0.4988
2549,656,3544,146.73,189.01,212.46,204.15,0.802
2550,656,13900,191.19,710.47,211.21,356.95,0.6425
2551,656,19232,190.37,712.12,213.12,357.17,0.4728
2552,656,3832,536.4,183.35,405.1,390.22,0.3865
2553,658,1900,163.78,247.93,185.04,182.67,0.9843
2554,658,29451,494.51,823.76,400.37,265.07,0.751
2555,658,16551,628.57,9.62,289.92,486.67,0.7138
2556,658,22362,628.37,12.08,291.7,482.13,0.4008
2557,659,1900,145.89,240.79,182.07,181.2,0.9871
2558,659,29451,463.27,782.87,404.32,272.68,0.7521
2559,659,16551,601.92,8.05,281.15,471.57,0.6185
2560,659,22362,603.65,7.85,279.09,471.3,0.3546
2561,66,3351,391.14,211.6,184.99,183.77,0.9965
2562,66,20014,28.72,719.64,350.13,339.84,0.9883
2563,66,29667,598.28,823.99,227.65,220.15,0.8952
2564,66,36637,598.05,820.36,228.75,222.73,0.2601
2565,660,1900,641.99,844.37,189.11,190.82,0.9682
2566,660,29451,112.63,214.24,394.31,263.31,0.8022
2567,660,16551,66.11,742.55,290.42,499.1,0.5015
2568,660,30308,66.07,743.76,291.58,500.18,0.3516
2569,661,3351,378.01,876.4,190.18,193.59,0.9092
2570,661,3351,178.96,302.35,206.46,205.82,0.8153
2571,661,16232,689.61,291.9,188.37,189.14,0.7981
2572,661,31863,178.1,302.24,206.41,206.1,0.5664
2573,662,3351,369.12,161.81,184.62,187.95,0.9956
2574,662,16232,40.44,746.44,198.37,190.27,0.9723
2575,662,31863,555.34,726.92,207.82,210.52,0.9664
2576,662,36637,556.37,725.73,211.79,214.4,0.5062
2577,664,28763,630.79,878.02,219.87,205.31,0.9775
2578,664,3483,142.48,290.93,211.59,258.42,0.9603
2579,664,20877,540.42,290.88,334.49,239.26,0.8251
2580,664,36637,162.11,798.0,198.99,259.83,0.5122
2581,665,3483,623.98,713.56,210.83,270.27,0.9809
2582,665,28763,129.49,182.14,212.36,201.69,0.9468
2583,665,20877,84.96,723.3,333.5,242.91,0.8069
2584,665,36637,602.0,201.98,183.83,248.25,0.736
2585,667,2483,566.9,118.43,304.66,447.43,0.9559
2586,667,25438,120.44,819.6,259.21,255.61,0.9013
2587,667,12081,643.09,706.42,239.55,445.05,0.534
2588,667,16548,25.48,151.44,469.6,271.89,0.4744
2589,668,25438,553.64,198.61,252.66,246.57,0.9004
2590,668,2483,59.44,654.56,304.82,443.02,0.8821
2591,668,22362,66.33,124.56,223.73,418.8,0.5254
2592,668,12081,66.19,122.61,224.69,419.49,0.4509
2593,670,35206,136.05,726.89,246.14,412.23,0.9758
2594,670,3483,124.23,271.74,273.17,188.27,0.9486
2595,670,25469,569.28,181.97,330.21,291.12,0.9457
2596,670,22347,680.92,849.44,214.33,204.55,0.8542
2597,672,35206,614.55,117.1,229.14,402.4,0.9826
2598,672,3483,603.72,844.35,280.02,187.11,0.9671
2599,672,25469,82.62,830.27,345.92,303.02,0.9566
2600,672,22347,102.45,225.96,210.48,198.13,0.9374
2601,674,1900,633.83,894.24,208.3,133.56,0.9769
2602,674,16548,149.41,887.74,243.63,244.26,0.7852
2603,674,27926,603.81,158.75,254.97,450.26,0.5684
2604,674,3483,138.61,295.44,277.17,146.84,0.5433
2605,675,1900,136.6,240.88,200.35,126.97,0.9518
2606,675,3483,551.88,835.61,290.69,147.96,0.8635
2607,675,16548,568.37,133.02,227.94,225.61,0.779
2608,675,27926,91.4,614.66,268.71,481.65,0.6581
2609,677,1900,139.73,243.49,197.59,124.48,0.9363
2610,677,27926,560.58,629.25,266.46,485.43,0.7813
2611,677,16551,613.51,14.32,298.66,455.32,0.7595
2612,677,35206,614.15,14.95,297.04,454.25,0.5356
2613,679,2483,608.18,106.39,213.71,446.21,0.7976
2614,679,19552,139.22,181.19,321.25,448.78,0.7627
2615,679,16548,103.99,813.95,284.68,278.84,0.4162
2616,679,30308,140.09,179.88,320.31,450.94,0.3552
2617,68,3483,173.7,276.72,260.69,218.74,0.9872
2618,68,27777,634.74,293.12,176.7,196.69,0.9463
2619,68,16232,149.42,828.7,194.96,194.74,0.9411
2620,68,3832,504.16,761.45,449.62,377.23,0.5998
2621,680,2483,91.59,678.79,223.55,470.02,0.9114
2622,680,16548,550.46,194.33,272.64,265.27,0.6339
2623,680,12778,476.06,613.04,324.09,462.97,0.6022
2624,680,19552,477.39,613.4,322.98,461.82,0.5905
2625,681,2483,616.04,60.78,220.95,474.55,0.9047
2626,681,13395,581.47,705.99,221.78,442.85,0.5978
2627,681,27926,582.03,707.02,222.15,441.92,0.4839
2628,681,19552,131.71,144.0,328.19,452.65,0.473
2629,684,1900,180.68,267.11,131.29,200.38,0.987
2630,684,29345,573.48,721.48,321.82,420.91,0.8601
2631,684,16551,523.67,90.45,367.96,434.77,0.8016
2632,684,3832,535.49,88.18,353.26,428.89,0.3549
2633,685,2483,568.33,120.23,302.66,449.11,0.9459
2634,685,25438,114.32,818.86,263.03,255.83,0.937
2635,685,12778,94.38,24.02,291.26,511.75,0.5952
2636,685,12081,639.12,709.2,240.37,443.22,0.5681
2637,688,3483,578.5,756.77,276.34,213.36,0.9689
2638,688,27733,84.04,727.16,319.82,278.97,0.8917
2639,688,20238,614.54,184.87,223.48,212.47,0.8137
2640,688,25367,102.95,189.7,460.63,404.83,0.6429
2641,692,3483,134.08,294.17,276.6,168.5,0.9375
2642,692,22347,682.63,258.92,205.94,192.45,0.6908
2643,692,22347,660.65,834.18,210.98,206.99,0.6548
2644,692,21771,683.46,256.69,206.92,194.98,0.5965
2645,694,3351,401.67,850.52,190.63,190.57,0.9937
2646,694,35206,151.77,275.06,258.47,395.62,0.9843
2647,694,19232,502.16,240.3,326.72,255.5,0.6961
2648,694,33009,504.2,239.6,326.41,256.0,0.3981
2649,697,38162,139.98,259.25,227.39,269.83,0.9753
2650,697,3351,400.44,855.6,195.21,190.99,0.9635
2651,697,18357,598.76,203.0,241.72,342.44,0.7413
2652,697,19232,605.07,202.34,237.15,344.18,0.2644
2653,698,3351,345.07,174.17,182.03,184.34,0.9985
2654,698,38162,571.21,676.96,243.49,283.1,0.9765
2655,698,18357,75.12,626.59,258.91,377.46,0.9602
2656,698,32310,72.77,627.99,261.63,378.23,0.2674
2657,70,1900,631.92,900.39,209.79,154.51,0.9373
2658,70,16551,46.8,706.62,301.36,496.39,0.701
2659,70,29451,44.45,236.14,405.41,217.95,0.6224
2660,70,2483,642.7,258.05,192.79,269.24,0.5601
2661,700,3483,572.79,834.74,258.31,232.73,0.9785
2662,700,19861,89.94,826.78,228.76,175.08,0.9357
2663,700,16232,615.39,172.16,187.77,184.75,0.8626
2664,700,30308,64.1,133.15,385.42,394.58,0.7127
2665,701,3483,600.43,866.69,260.29,231.18,0.9936
2666,701,19861,125.37,866.6,222.32,168.38,0.976
2667,701,16232,645.35,176.01,189.07,187.07,0.8374
2668,701,30308,79.7,151.16,395.43,401.46,0.734
2669,702,3483,148.25,217.81,252.64,225.25,0.9827
2670,702,16232,144.0,898.32,196.29,191.65,0.9571
2671,702,19861,639.45,277.24,220.79,172.52,0.9273
2672,702,3832,508.49,695.58,411.22,417.03,0.6331
2673,705,3483,594.12,873.09,257.09,230.09,0.9809
2674,705,19861,116.25,863.76,224.51,171.26,0.9785
2675,705,29667,640.52,204.44,223.72,217.71,0.8102
2676,705,21771,123.22,200.7,207.92,196.03,0.6075
2677,706,2483,598.61,101.03,262.3,443.36,0.9304
2678,706,19552,67.79,145.06,335.62,460.69,0.6267
2679,706,16548,107.98,817.75,283.78,276.65,0.503
2680,706,3832,589.4,687.06,258.2,495.36,0.5024
2681,707,2483,64.88,696.83,253.8,460.48,0.9691
2682,707,16548,548.39,190.71,270.7,263.65,0.675
2683,707,22362,117.77,93.73,225.23,458.38,0.4962
2684,707,13395,119.34,97.04,221.75,457.55,0.4896
2685,708,2483,611.01,54.51,254.73,467.9,0.9226
2686,708,12778,65.84,98.3,334.74,472.7,0.8351
2687,708,16548,103.63,809.38,280.77,275.44,0.6544
2688,708,3483,611.42,54.26,255.68,471.35,0.4784
2689,710,3483,580.42,757.41,271.0,214.08,0.9799
2690,710,28763,157.14,232.68,207.63,200.82,0.897
2691,710,16262,564.67,217.49,235.25,227.9,0.8688
2692,710,27733,86.84,725.63,316.04,281.4,0.8598
2693,712,2483,624.24,117.23,221.91,448.42,0.8932
2694,712,3743,135.25,844.55,280.66,280.55,0.4408
2695,712,19552,121.08,140.7,273.63,499.4,0.4343
2696,712,3832,623.82,114.05,222.57,450.74,0.4146
2697,713,2483,81.18,661.64,216.03,478.08,0.843
2698,713,16548,526.73,167.46,263.34,258.77,0.6362
2699,713,3743,524.32,167.48,266.72,262.97,0.6241
2700,713,3544,536.59,187.14,247.76,224.77,0.3945
2701,714,2483,634.78,73.95,219.51,474.95,0.9456
2702,714,12778,114.54,98.14,269.89,511.24,0.7601
2703,714,16548,131.79,839.61,276.83,269.97,0.5989
2704,714,13395,627.21,681.25,233.8,489.47,0.441
2705,716,2483,587.23,118.22,233.69,452.59,0.9223
2706,716,19552,109.87,163.27,299.44,462.96,0.7571
2707,716,3743,116.77,798.73,328.94,323.36,0.4313
2708,716,29345,110.09,162.55,299.07,460.15,0.3985
2709,717,2483,95.8,669.34,247.06,463.68,0.911
2710,717,12778,527.54,614.96,309.29,481.77,0.6853
2711,717,22362,114.27,118.44,221.65,418.1,0.6011
2712,717,19552,526.14,613.3,311.02,483.74,0.5907
2713,719,1900,122.07,259.26,199.0,150.01,0.9417
2714,719,16548,551.6,179.75,235.15,227.63,0.8187
2715,719,21771,91.2,811.43,196.35,187.23,0.7422
2716,719,29345,591.08,687.79,269.19,456.56,0.7261
2717,72,1900,155.22,225.21,205.72,153.4,0.9562
2718,72,16551,638.39,46.78,293.46,483.08,0.7702
2719,72,29451,548.67,843.57,410.77,219.47,0.6403
2720,72,22362,638.39,46.78,293.46,483.08,0.3981
2721,720,1900,648.88,857.72,208.25,152.23,0.9795
2722,720,16548,163.85,841.42,243.68,237.85,0.9114
2723,720,21771,674.56,287.19,189.19,180.62,0.8942
2724,720,29345,120.48,134.43,250.77,417.33,0.4746
2725,721,3483,578.08,757.54,277.54,210.09,0.9889
2726,721,27733,88.33,724.82,315.63,280.64,0.8641
2727,721,30308,64.87,155.11,448.18,471.02,0.5244
2728,721,31885,64.79,153.02,449.51,474.54,0.5031
2729,724,16548,107.06,736.66,235.83,232.55,0.9317
2730,724,29345,569.3,674.96,270.62,452.78,0.7343
2731,724,16262,581.17,165.17,216.98,214.64,0.625
2732,724,16232,131.97,176.0,204.39,202.43,0.5622
2733,725,16548,618.55,303.07,231.38,224.73,0.8925
2734,725,3544,635.17,884.72,216.44,208.52,0.8632
2735,725,16262,152.57,874.33,229.8,225.0,0.5199
2736,725,27926,142.13,147.74,262.31,419.79,0.5092
2737,726,3544,145.57,181.22,211.64,205.84,0.9077
2738,726,16548,138.96,774.21,237.23,229.28,0.8809
2739,726,29345,592.91,714.4,265.9,444.24,0.6814
2740,726,16262,606.62,168.8,226.38,216.12,0.4885
2741,727,3483,574.22,808.91,285.1,195.68,0.9639
2742,727,25469,13.73,812.45,378.26,219.13,0.9595
2743,727,16232,601.82,214.32,183.39,184.81,0.9215
2744,727,25367,34.65,162.31,411.38,442.39,0.8464
2745,728,3483,603.75,844.18,280.54,187.82,0.9781
2746,728,25469,45.55,856.62,382.24,218.75,0.9519
2747,728,16232,629.38,220.22,190.34,188.62,0.911
2748,728,25367,51.28,183.99,415.43,441.68,0.7812
2749,73,1900,594.35,853.01,206.13,124.73,0.9282
2750,73,16551,519.19,72.16,354.27,428.6,0.8841
2751,73,3544,69.26,198.87,203.99,201.87,0.7124
2752,73,16232,70.81,198.09,206.46,201.18,0.6129
2753,731,16548,119.33,766.8,240.8,230.94,0.8992
2754,731,3544,98.98,158.97,206.31,200.88,0.8406
2755,731,4543,612.13,141.1,200.49,199.1,0.7704
2756,731,36637,601.38,770.06,206.45,221.77,0.4305
2757,732,3544,666.19,897.15,218.31,212.19,0.8335
2758,732,16548,605.21,266.34,232.45,222.72,0.8155
2759,732,4543,133.45,918.52,212.07,208.26,0.6476
2760,732,27733,164.91,275.61,208.68,217.68,0.5238
2761,738,1900,90.74,257.35,195.17,128.77,0.9756
2762,738,16551,584.85,91.15,285.15,462.93,0.8532
2763,738,29345,129.51,647.04,269.11,448.53,0.56
2764,738,16688,130.37,645.91,266.72,452.46,0.5276
2765,740,19607,658.67,273.16,154.29,149.1,0.9463
2766,740,1900,641.58,826.29,173.03,204.3,0.9025
2767,740,16548,121.95,802.91,242.61,238.42,0.8676
2768,740,27926,136.05,129.58,248.01,420.24,0.6025
2769,742,2483,80.76,675.05,250.79,466.09,0.9314
2770,742,25438,567.32,189.57,255.49,248.09,0.9165
2771,742,12778,572.85,548.24,270.72,517.89,0.5589
2772,742,16688,571.02,547.82,272.83,517.6,0.4764
2773,743,2483,604.89,68.39,251.29,472.05,0.8865
2774,743,25438,106.85,833.37,260.44,250.11,0.8644
2775,743,12778,98.61,146.4,268.08,516.91,0.6939
2776,743,13395,642.67,712.98,219.98,443.55,0.4919
2777,745,3351,350.66,891.89,193.59,193.46,0.9764
2778,745,16262,662.69,268.81,236.95,233.78,0.9558
2779,745,32310,116.63,180.95,230.78,354.79,0.9342
2780,745,18357,112.24,170.51,237.79,375.49,0.356
2781,747,3351,436.47,192.98,184.28,183.58,0.9955
2782,747,16262,60.38,801.44,245.11,237.97,0.9729
2783,747,32310,632.19,737.81,238.86,385.89,0.9273
2784,747,18357,632.52,735.73,239.62,390.25,0.3696
2785,75,3544,84.03,208.28,211.43,203.17,0.9285
2786,75,1900,621.44,880.72,206.59,125.95,0.7614
2787,75,16551,549.55,85.32,361.89,430.05,0.6472
2788,75,3832,553.04,79.41,361.05,436.93,0.5471
2789,750,1900,687.14,806.87,130.36,205.05,0.9879
2790,750,16548,143.07,789.43,249.15,238.19,0.9242
2791,750,29345,579.71,130.66,280.89,409.59,0.9059
2792,750,27926,586.27,128.97,271.96,409.69,0.4425
2793,752,3544,90.14,195.7,203.46,200.44,0.8945
2794,752,16548,559.29,136.42,231.39,224.93,0.8703
2795,752,27733,547.11,778.28,310.71,241.46,0.8181
2796,752,27926,160.67,676.64,221.78,359.83,0.5039
2797,754,3351,370.24,198.3,187.07,182.02,0.9967
2798,754,3832,83.52,655.83,371.6,379.37,0.9929
2799,754,29667,627.44,759.34,228.04,227.25,0.9012
2800,754,30308,92.64,653.47,365.66,383.44,0.2865
2801,756,3351,413.56,889.47,194.27,193.43,0.9986
2802,756,3832,513.98,256.43,365.14,377.08,0.948
2803,756,29667,127.01,319.35,222.08,227.18,0.8324
2804,756,31863,127.41,318.38,222.56,226.9,0.4093
2805,758,3483,153.31,215.78,247.46,227.66,0.9871
2806,758,19861,640.2,276.58,222.62,174.5,0.9784
2807,758,27993,93.94,904.92,275.38,166.2,0.7195
2808,758,36637,94.45,904.9,275.77,166.5,0.6799
2809,759,3483,572.41,836.04,254.67,234.11,0.9881
2810,759,19861,88.53,826.71,227.87,175.79,0.9304
2811,759,36637,589.77,195.4,261.7,151.62,0.6799
2812,759,31885,85.31,25.9,316.9,532.12,0.5624
2813,760,1900,156.75,258.53,128.85,200.51,0.9733
2814,760,29345,83.61,708.33,287.52,442.35,0.9275
2815,760,16548,580.49,201.82,233.48,224.88,0.8788
2816,760,33208,655.64,804.58,207.04,204.32,0.8055
2817,761,1900,177.84,268.74,130.77,200.24,0.986
2818,761,29345,124.05,749.31,282.8,439.03,0.8935
2819,761,16548,607.99,214.73,240.19,223.7,0.8711
2820,761,33208,682.37,837.62,206.42,197.01,0.8086
2821,763,3483,126.59,306.13,268.6,200.83,0.9608
2822,763,27733,563.05,258.94,304.65,267.66,0.9501
2823,763,20238,113.3,852.34,231.23,228.5,0.8057
2824,763,31885,495.89,638.94,463.3,491.22,0.4348
2825,764,3483,607.3,792.39,269.88,206.98,0.9741
2826,764,27733,122.93,774.14,309.85,276.05,0.8048
2827,764,20238,644.26,190.92,226.73,212.63,0.7457
2828,764,31885,50.65,123.98,451.24,481.48,0.5727
2829,766,3483,142.83,290.79,210.92,254.54,0.9706
2830,766,20877,541.59,292.85,334.23,236.56,0.8575
2831,766,36637,164.22,797.71,195.24,257.42,0.7789
2832,766,30308,574.68,730.09,401.32,480.24,0.5282
2833,768,3483,622.16,714.89,215.95,272.02,0.9868
2834,768,20877,83.53,724.12,333.45,241.67,0.8736
2835,768,36637,601.79,201.63,182.42,249.81,0.8135
2836,768,16688,0.28,20.1,408.81,472.92,0.6857
2837,772,1900,106.03,270.35,202.45,124.65,0.937
2838,772,33208,638.33,880.39,206.72,197.94,0.7893
2839,772,16551,554.86,79.74,288.76,480.03,0.7643
2840,772,29345,159.48,685.77,266.56,445.87,0.6987
2841,773,1900,88.61,259.49,198.12,125.84,0.9664
2842,773,33208,611.39,841.39,211.14,210.39,0.6909
2843,773,16551,522.76,72.78,283.84,465.68,0.6726
2844,773,22347,611.48,842.01,210.26,209.88,0.6292
2845,778,3483,604.19,842.58,277.98,188.58,0.9793
2846,778,25469,46.03,856.63,378.12,219.02,0.9263
2847,778,16232,629.04,219.83,190.63,188.28,0.9031
2848,778,30308,77.59,166.3,407.85,404.66,0.8146
2849,779,16232,163.19,857.27,192.76,187.27,0.9725
2850,779,3483,124.55,273.29,274.78,190.49,0.9268
2851,779,25469,573.54,229.75,364.19,219.31,0.9031
2852,779,30308,508.63,684.13,410.7,405.79,0.798
2853,780,3483,574.84,808.76,285.42,195.61,0.9524
2854,780,25469,11.37,811.63,381.21,221.67,0.9461
2855,780,16232,602.45,214.0,183.47,183.43,0.9356
2856,780,30308,61.04,151.97,391.13,392.82,0.8815
2857,782,3351,338.14,182.47,184.37,191.57,0.9971
2858,782,20014,1.12,626.78,353.31,342.81,0.9839
2859,782,22074,583.43,729.11,191.33,196.42,0.9568
2860,782,21325,585.22,727.7,187.99,195.98,0.3004
2861,785,3483,132.11,295.08,277.18,165.86,0.9631
2862,785,35206,107.55,685.78,199.92,417.16,0.8987
2863,785,25367,534.74,695.41,403.39,484.24,0.7677
2864,785,21771,683.59,256.59,206.37,194.97,0.6733
2865,787,3483,148.39,217.02,251.0,226.92,0.974
2866,787,19861,638.53,277.25,222.2,172.96,0.9592
2867,787,20238,112.71,853.84,230.39,228.5,0.8948
2868,787,16688,539.15,653.86,352.28,519.53,0.6877
2869,788,3483,574.76,834.19,253.4,234.37,0.9709
2870,788,19861,89.63,826.82,229.68,175.43,0.9017
2871,788,20238,613.93,187.62,222.98,208.31,0.8803
2872,788,16688,85.82,66.95,362.05,491.29,0.5994
2873,79,3351,386.33,845.19,189.02,192.52,0.9964
2874,79,16262,130.71,298.78,242.35,233.75,0.9445
2875,79,19232,499.43,241.83,328.57,253.81,0.6955
2876,79,18357,502.58,240.54,325.03,254.89,0.3762
2877,797,3544,143.89,189.25,204.48,201.73,0.9449
2878,797,4543,601.39,188.51,204.17,200.52,0.9229
2879,797,16551,35.24,529.73,316.12,476.37,0.8612
2880,797,27993,499.57,853.9,332.92,164.65,0.8025
2881,798,3544,160.35,198.36,210.28,203.14,0.936
2882,798,16551,69.76,579.77,308.82,467.94,0.8782
2883,798,4543,630.0,192.57,206.0,200.31,0.8764
2884,798,27993,524.27,893.81,331.52,153.18,0.8324
2885,799,3483,600.98,867.32,259.96,233.23,0.9863
2886,799,19861,125.57,865.82,222.07,170.04,0.9626
2887,799,28763,168.41,180.09,213.02,201.38,0.9495
2888,799,20238,645.73,188.69,225.27,216.0,0.7892
2889,8,3483,595.11,847.61,281.88,166.16,0.9641
2890,8,22347,128.14,220.29,209.63,199.11,0.8429
2891,8,20238,622.13,176.14,225.85,217.71,0.7517
2892,8,22347,622.88,174.77,226.2,219.98,0.4787
2893,80,3351,358.9,193.91,184.98,190.48,0.9979
2894,80,19232,90.45,697.92,343.63,267.94,0.9614
2895,80,16262,570.05,696.43,248.71,245.72,0.9601
2896,80,32310,93.33,695.19,343.41,270.01,0.2846
2897,807,3483,158.73,215.07,248.98,221.99,0.9814
2898,807,19861,646.73,275.67,220.96,176.33,0.9043
2899,807,29667,121.32,836.15,227.57,228.86,0.7937
2900,807,19552,629.84,700.39,298.92,532.18,0.6516
2901,808,3544,105.71,206.21,211.97,205.16,0.8994
2902,808,16551,609.6,47.15,336.5,459.25,0.833
2903,808,13900,191.61,709.64,215.26,356.38,0.6547
2904,808,16232,632.73,825.04,175.47,241.21,0.4789
2905,810,3544,91.42,198.9,203.77,199.48,0.9324
2906,810,16551,585.04,43.4,330.19,449.7,0.7216
2907,810,35206,585.82,48.65,334.63,447.28,0.5043
2908,810,27926,155.2,671.12,226.58,358.24,0.4307
2909,815,3351,361.64,169.15,182.05,185.7,0.9987
2910,815,32310,517.65,612.82,277.63,355.98,0.9828
2911,815,20238,98.33,709.78,234.38,231.34,0.8604
2912,815,21325,519.05,611.2,277.61,358.12,0.408
2913,817,3483,593.26,845.74,281.77,170.05,0.9768
2914,817,16232,646.47,230.03,191.84,184.31,0.8959
2915,817,30308,92.73,152.67,382.84,425.18,0.8742
2916,817,16551,90.19,152.29,382.43,426.26,0.619
2917,818,16232,140.85,846.63,199.35,192.89,0.9561
2918,818,3483,133.41,293.86,276.69,168.16,0.9322
2919,818,16688,520.71,677.02,390.31,437.45,0.7422
2920,818,21771,683.26,257.07,206.27,195.19,0.6474
2921,819,16232,616.7,222.41,188.93,185.13,0.9486
2922,819,3483,559.59,810.32,292.88,176.21,0.924
2923,819,30308,73.71,139.47,369.12,409.91,0.8578
2924,819,16551,79.75,135.72,363.65,414.41,0.6645
2925,82,2483,632.14,114.98,194.96,450.08,0.9495
2926,82,22362,607.52,743.56,272.62,406.06,0.8336
2927,82,19552,124.63,171.72,297.88,467.16,0.7485
2928,82,30308,124.45,172.94,298.78,466.86,0.5041
2929,820,2483,99.94,698.5,199.19,473.94,0.869
2930,820,19552,485.53,653.35,324.35,471.59,0.6889
2931,820,22362,135.41,122.0,216.12,417.58,0.6053
2932,820,12778,484.52,653.55,325.89,471.24,0.5494
2933,822,2483,620.78,85.92,193.16,449.23,0.9301
2934,822,19552,133.35,137.49,317.63,452.34,0.6732
2935,822,3832,585.38,712.18,243.27,450.66,0.5413
2936,822,3743,129.13,811.24,330.97,332.06,0.495
2937,826,3351,407.43,861.8,190.0,192.06,0.9818
2938,826,18147,538.0,319.07,298.57,386.82,0.9744
2939,826,38162,179.28,205.07,249.52,259.76,0.9687
2940,826,2483,540.45,318.69,294.75,383.32,0.1653
2941,828,3351,380.84,238.41,186.29,180.62,0.9959
2942,828,38162,549.01,864.2,251.42,253.87,0.9864
2943,828,18147,124.58,572.46,314.19,412.98,0.9744
2944,828,16688,127.77,571.26,308.39,423.77,0.1922
2945,829,3483,539.93,777.05,265.16,223.43,0.9845
2946,829,27777,144.47,775.17,178.53,207.44,0.9464
2947,829,28763,97.5,169.59,206.78,199.17,0.8278
2948,829,36637,633.76,177.25,182.77,243.22,0.8103
2949,83,22362,82.47,127.83,256.04,380.35,0.8884
2950,83,2483,94.03,662.12,207.28,478.44,0.8645
2951,83,12778,511.57,606.26,304.17,477.4,0.6415
2952,83,20014,487.38,129.49,318.23,300.0,0.4805
2953,830,3483,176.12,276.2,260.77,218.74,0.9821
2954,830,28763,669.81,893.04,214.05,208.78,0.9596
2955,830,27777,636.15,292.34,175.41,196.76,0.9509
2956,830,36637,123.99,829.63,203.5,256.25,0.5076
2957,831,3483,567.11,810.67,265.42,222.61,0.9829
2958,831,27777,177.55,813.17,178.28,203.99,0.9763
2959,831,28763,114.52,170.99,212.41,204.87,0.9064
2960,831,36637,662.64,181.27,191.97,249.47,0.7952
2961,832,1900,621.62,889.43,205.69,141.48,0.9514
2962,832,16548,606.1,162.71,238.46,224.76,0.9268
2963,832,20014,55.77,126.73,306.53,293.51,0.4499
2964,832,3351,137.64,868.74,182.34,176.89,0.4176
2965,838,1900,138.88,241.79,201.58,126.17,0.9127
2966,838,33208,587.49,802.65,208.58,202.45,0.9002
2967,838,16548,593.64,159.73,229.52,225.92,0.8006
2968,838,22347,587.49,802.65,208.58,202.45,0.7133
2969,842,3483,125.64,306.87,268.77,201.95,0.971
2970,842,27733,563.87,258.79,303.95,267.65,0.9465
2971,842,16262,152.4,805.16,245.86,239.49,0.8853
2972,842,16688,469.25,666.31,462.25,453.07,0.5788
2973,85,1900,160.35,257.48,126.35,199.25,0.9843
2974,85,29345,579.92,676.86,287.63,444.45,0.8885
2975,85,16548,572.44,250.75,231.45,225.74,0.8878
2976,85,21771,146.58,849.8,197.6,190.04,0.806
2977,851,2483,632.17,116.08,195.11,448.03,0.9582
2978,851,22362,608.25,744.1,271.47,406.27,0.8108
2979,851,19552,120.63,179.41,290.94,460.77,0.6204
2980,851,20014,118.43,840.45,330.8,327.0,0.4711
2981,855,2483,618.82,85.56,201.86,449.41,0.8794
2982,855,3743,128.47,810.54,331.57,334.38,0.6922
2983,855,19552,97.44,164.79,277.65,490.53,0.6075
2984,855,3832,586.88,710.99,237.82,451.2,0.5989
2985,857,3351,337.19,132.9,183.58,186.89,0.9991
2986,857,16262,91.87,680.37,247.55,241.66,0.9803
2987,857,31863,571.25,747.95,211.58,210.69,0.9389
2988,857,25438,571.03,745.72,213.15,216.26,0.4487
2989,858,3351,379.21,190.23,185.26,183.47,0.9991
2990,858,31863,610.61,835.95,208.55,204.49,0.9732
2991,858,16262,134.16,767.09,248.4,242.64,0.9706
2992,858,3351,611.32,835.81,208.2,203.61,0.2795
2993,86,1900,685.13,807.99,130.14,205.51,0.9855
2994,86,29345,116.28,152.92,268.9,417.0,0.8799
2995,86,21771,617.18,250.88,190.06,181.29,0.845
2996,86,16548,149.85,768.69,243.07,235.74,0.6958
2997,861,25438,118.72,836.4,268.49,262.2,0.941
2998,861,2483,562.23,160.07,301.84,425.65,0.805
2999,861,19552,75.56,120.14,330.83,443.36,0.6957
3000,861,33208,120.19,834.3,266.71,261.15,0.4045
3001,862,3483,602.46,843.94,280.45,187.89,0.9809
3002,862,25469,81.96,829.9,344.61,304.16,0.9685
3003,862,36637,671.04,174.33,180.71,253.61,0.7278
3004,862,25367,78.38,132.54,448.5,423.54,0.623
3005,864,3483,574.01,810.03,284.3,193.1,0.9647
3006,864,25469,40.53,786.62,352.66,303.88,0.9562
3007,864,36637,640.07,171.59,176.07,248.02,0.7866
3008,864,25367,60.4,110.15,443.1,422.55,0.5264
3009,866,3351,305.01,173.08,185.4,188.27,0.999
3010,866,3832,477.82,556.13,392.16,377.3,0.9061
3011,866,16688,34.17,523.96,431.12,566.29,0.8025
3012,866,35206,482.86,553.62,388.71,372.42,0.2427
3013,867,3351,347.61,233.43,183.64,183.85,0.9977
3014,867,3832,518.88,655.8,387.94,368.14,0.946
3015,867,16688,71.19,619.86,432.4,578.25,0.908
3016,867,2483,73.78,622.86,432.87,564.75,0.4579
3017,868,3483,593.52,847.44,279.85,168.3,0.9833
3018,868,16232,646.42,230.49,192.88,184.49,0.9256
3019,868,31885,28.16,51.38,404.37,522.5,0.7517
3020,868,16551,27.81,54.85,401.4,518.29,0.6946
3021,869,16232,617.67,221.24,189.16,186.27,0.9554
3022,869,3483,561.58,809.16,290.06,177.51,0.9374
3023,869,31885,18.7,39.23,393.32,505.49,0.6966
3024,869,16551,19.28,40.67,390.13,505.71,0.5919
3025,870,3483,133.0,292.6,277.22,168.11,0.9559
3026,870,16232,141.29,846.23,197.88,193.13,0.9539
3027,870,31885,563.63,673.59,412.37,524.39,0.6876
3028,870,22347,681.64,258.8,205.69,193.43,0.6443
3029,873,3351,342.5,225.49,184.62,182.89,0.998
3030,873,18147,615.08,672.66,290.47,418.41,0.9848
3031,873,16688,69.12,622.16,434.33,576.63,0.8661
3032,873,25367,64.21,617.44,441.45,575.85,0.2398
3033,874,3483,622.74,713.99,214.13,271.6,0.9834
3034,874,16232,623.1,221.96,190.78,185.33,0.9365
3035,874,20877,87.33,724.08,332.27,241.89,0.9286
3036,874,31885,144.01,147.22,434.3,480.72,0.5886
3037,875,3483,652.28,744.75,210.62,271.29,0.9677
3038,875,16232,653.17,231.41,193.88,181.41,0.9521
3039,875,20877,114.52,771.47,333.1,228.55,0.912
3040,875,31885,160.94,174.27,441.38,487.22,0.5869
3041,878,3483,594.94,846.05,279.6,167.95,0.9816
3042,878,36637,640.88,207.81,194.86,250.2,0.8516
3043,878,21771,95.2,854.18,218.54,205.29,0.5819
3044,878,30308,68.24,125.25,337.61,494.41,0.5517
3045,879,3483,561.45,809.68,290.02,176.53,0.9464
3046,879,36637,610.42,198.36,189.76,248.7,0.8281
3047,879,31885,57.54,101.66,323.3,495.46,0.558
3048,879,12778,53.46,99.11,325.25,497.35,0.5179
3049,88,1900,131.15,230.69,202.42,138.54,0.9791
3050,88,16551,609.2,49.6,287.09,482.07,0.6356
3051,88,29345,608.86,733.74,265.3,445.83,0.5826
3052,88,27926,609.62,734.7,264.86,444.02,0.47
3053,880,2483,74.68,669.72,219.27,475.21,0.7931
3054,880,16548,510.05,163.45,269.82,264.51,0.5106
3055,880,3743,509.24,165.35,270.43,264.11,0.4999
3056,880,25438,510.36,163.03,271.05,265.19,0.4658
3057,882,2483,633.62,68.47,225.94,472.73,0.9673
3058,882,16548,144.39,842.86,277.55,268.48,0.6088
3059,882,12778,132.38,105.95,291.56,487.55,0.4623
3060,882,13395,631.51,675.59,243.64,488.64,0.4421
3061,883,3483,603.67,843.53,279.26,188.71,0.9731
3062,883,28763,142.36,229.61,209.01,203.52,0.9726
3063,883,25469,46.62,856.58,377.35,219.3,0.9547
3064,883,16232,629.3,220.01,191.64,188.6,0.913
3065,886,31863,162.9,285.6,205.2,205.27,0.9725
3066,886,35206,540.91,262.05,270.17,385.63,0.9479
3067,886,3351,408.31,892.68,190.7,190.77,0.9161
3068,886,29667,155.85,285.0,217.54,205.35,0.3874
3069,888,3351,378.53,206.13,186.27,183.31,0.9932
3070,888,35206,157.25,642.7,270.85,401.47,0.9866
3071,888,31863,607.55,836.04,207.92,203.28,0.9694
3072,888,25438,606.1,834.27,212.92,210.93,0.2909
3073,889,28763,713.12,890.41,214.97,207.48,0.9734
3074,889,3483,140.76,291.15,213.03,259.11,0.9621
3075,889,16232,131.69,847.86,199.73,192.21,0.8926
3076,889,20877,542.93,293.16,332.87,234.39,0.8254
3077,89,1900,114.67,224.88,199.3,138.11,0.9625
3078,89,16551,578.34,42.12,276.24,471.31,0.5002
3079,89,29345,582.14,697.89,265.41,449.39,0.4965
3080,89,16688,581.76,697.49,266.66,450.68,0.4004
3081,891,3483,622.39,714.97,215.28,270.65,0.9735
3082,891,28763,55.98,173.28,207.85,198.06,0.9475
3083,891,16232,623.73,220.83,190.63,185.6,0.92
3084,891,20877,83.64,723.88,333.07,240.95,0.8598
3085,894,3483,621.67,717.43,212.75,271.66,0.9755
3086,894,20877,83.72,723.19,332.68,241.23,0.8834
3087,894,25367,25.26,41.08,412.2,433.88,0.8085
3088,894,36637,601.87,201.76,183.27,250.22,0.7626
3089,895,16551,530.83,40.88,298.73,457.5,0.9245
3090,895,16262,588.2,775.87,224.69,219.43,0.6956
3091,895,3544,90.82,221.11,204.13,201.02,0.6351
3092,895,22362,530.63,40.05,299.63,458.95,0.5505
3093,896,3544,105.26,231.53,213.57,203.11,0.8937
3094,896,16551,559.41,45.78,303.54,473.68,0.8791
3095,896,3832,561.18,44.01,300.21,475.46,0.6437
3096,896,22362,534.74,36.63,357.49,490.29,0.5542
3097,897,3544,675.63,835.2,216.36,210.33,0.925
3098,897,16262,169.72,274.64,217.88,212.97,0.7296
3099,897,16551,114.32,719.78,312.59,485.92,0.6928
3100,897,3832,115.86,721.43,310.02,485.66,0.4658
3101,898,3544,118.06,171.82,202.67,199.05,0.922
3102,898,16548,71.84,779.4,242.26,234.35,0.8988
3103,898,12247,617.73,205.02,174.15,188.64,0.8556
3104,898,27926,562.73,583.48,261.97,485.45,0.6665
3105,9,3483,561.25,810.74,291.75,176.96,0.9374
3106,9,22347,110.95,210.93,204.35,195.63,0.9262
3107,9,20238,593.02,173.61,224.55,214.07,0.8094
3108,9,22347,591.78,174.17,225.07,213.37,0.5152
3109,90,1900,657.2,904.63,209.04,146.57,0.9873
3110,90,16551,89.17,707.33,288.34,492.79,0.67
3111,90,27926,134.55,129.45,250.34,418.92,0.4394
3112,90,31885,93.4,702.82,287.17,494.22,0.3949
3113,900,3544,132.09,178.02,210.65,202.59,0.9498
3114,900,12247,646.01,206.3,179.17,191.1,0.928
3115,900,16548,106.78,820.33,242.06,230.42,0.8557
3116,900,27926,589.28,626.28,258.21,481.89,0.6584
3117,904,3483,606.45,790.32,274.06,210.6,0.97
3118,904,27733,122.15,774.43,308.77,274.38,0.8087
3119,904,20238,646.38,192.31,224.73,209.67,0.7861
3120,904,27926,156.15,53.05,285.34,474.71,0.5426
3121,906,3483,125.98,305.31,268.83,202.39,0.9559
3122,906,27733,561.73,261.86,305.83,265.32,0.8495
3123,906,20238,112.1,852.95,234.29,228.45,0.8358
3124,906,29345,556.95,720.5,284.85,483.23,0.6795
3125,908,3351,303.08,194.58,185.89,187.73,0.9984
3126,908,31863,570.37,747.67,212.89,211.18,0.9403
3127,908,20238,116.77,715.02,226.82,228.87,0.8078
3128,908,25438,570.52,746.23,212.97,215.58,0.4679
3129,91,1900,632.28,893.29,208.44,134.75,0.9731
3130,91,19607,690.44,298.76,157.95,150.28,0.9639
3131,91,27926,150.33,145.43,257.94,452.16,0.7497
3132,91,16548,120.86,864.15,243.52,241.01,0.7122
3133,910,3483,175.74,274.68,263.63,219.99,0.99
3134,910,27777,636.77,293.93,176.6,196.85,0.9354
3135,910,29667,128.09,877.97,228.4,229.7,0.8809
3136,910,25367,512.45,701.23,450.38,440.35,0.7695
3137,912,3483,537.19,775.5,263.8,227.77,0.9817
3138,912,27777,142.55,775.3,178.19,205.66,0.9649
3139,912,25367,36.54,113.56,420.0,416.74,0.8319
3140,912,29667,602.84,158.13,217.16,217.01,0.7637
3141,914,3351,367.8,122.47,183.73,189.06,0.996
3142,914,13900,550.28,706.48,208.96,250.11,0.9692
3143,914,35206,39.12,612.83,348.52,359.06,0.9625
3144,914,3832,40.02,611.6,350.22,362.0,0.2568
3145,915,3351,409.87,179.18,186.29,183.86,0.9966
3146,915,13900,592.2,794.89,200.53,247.29,0.9798
3147,915,35206,82.48,707.15,342.18,355.73,0.9006
3148,915,3832,82.37,706.94,347.03,354.84,0.3321
3149,916,3483,125.84,306.07,269.98,201.94,0.9745
3150,916,16232,138.87,892.9,201.24,193.43,0.9357
3151,916,27733,563.11,260.16,304.88,266.37,0.9195
3152,916,25367,501.37,677.48,464.73,427.89,0.818
3153,919,3483,124.38,307.23,268.6,202.52,0.9741
3154,919,27733,563.01,259.24,303.72,268.62,0.9084
3155,919,27993,101.4,882.78,267.75,176.81,0.7406
3156,919,16688,485.4,665.69,384.89,470.31,0.6108
3157,920,3483,580.45,756.79,276.04,211.14,0.9771
3158,920,27733,85.71,725.76,318.71,282.73,0.7888
3159,920,36637,588.82,202.63,255.51,171.24,0.6596
3160,920,30308,121.53,126.24,362.01,418.02,0.5968
3161,923,3483,141.86,290.2,213.14,257.13,0.9755
3162,923,16262,110.8,835.4,244.38,242.71,0.9147
3163,923,20877,540.41,293.52,334.03,234.3,0.8645
3164,923,25367,541.24,706.24,433.53,454.19,0.8099
3165,925,3483,149.9,216.94,250.0,225.74,0.9793
3166,925,16232,144.87,898.4,195.1,192.17,0.9568
3167,925,19861,638.75,276.87,221.99,173.67,0.9439
3168,925,16688,485.38,625.76,441.29,467.24,0.8137
3169,927,3483,573.03,832.61,260.04,236.11,0.992
3170,927,19861,89.85,826.91,227.21,175.47,0.9052
3171,927,16232,615.82,173.48,185.93,182.39,0.8447
3172,927,16688,63.29,137.68,427.5,461.17,0.799
3173,929,3483,575.98,810.1,285.99,192.91,0.9607
3174,929,25469,11.9,810.98,381.81,222.79,0.9381
3175,929,16232,602.74,213.76,182.3,183.96,0.9327
3176,929,31885,26.36,36.8,411.29,498.32,0.6264
3177,930,16232,162.85,856.52,193.5,187.68,0.982
3178,930,25469,573.12,229.18,365.33,219.66,0.9432
3179,930,3483,124.49,271.08,273.86,190.65,0.927
3180,930,31885,541.15,682.21,429.74,526.23,0.5451
3181,931,1900,179.16,269.11,128.83,199.72,0.9855
3182,931,29345,572.21,720.35,322.21,421.17,0.9243
3183,931,19607,164.92,917.61,158.6,155.61,0.8402
3184,931,18147,570.77,721.12,322.62,420.0,0.4151
3185,932,1900,158.09,259.9,127.97,199.16,0.97
3186,932,29345,541.83,679.14,332.05,430.37,0.9191
3187,932,19607,130.24,885.68,162.15,158.36,0.9017
3188,932,18147,541.85,679.44,330.61,429.2,0.4199
3189,933,1900,687.76,805.83,129.74,205.28,0.9795
3190,933,19607,666.57,255.12,156.86,148.81,0.9198
3191,933,29345,113.36,165.86,309.14,403.32,0.8869
3192,933,19232,115.99,165.74,305.73,401.74,0.3588
3193,936,25438,107.85,843.0,264.62,263.45,0.914
3194,936,2483,588.25,117.36,260.26,441.43,0.8719
3195,936,19552,124.88,212.37,292.79,472.44,0.6859
3196,936,30308,125.25,210.73,293.94,475.96,0.4129
3197,937,2483,620.98,87.74,193.02,446.99,0.8818
3198,937,19552,134.63,127.09,278.46,495.33,0.6536
3199,937,3832,585.96,710.03,238.92,452.64,0.5562
3200,937,3743,130.11,810.81,330.76,334.54,0.5504
3201,938,2483,630.47,34.92,202.16,477.94,0.9497
3202,938,12778,133.06,84.53,276.25,509.95,0.6962
3203,938,13395,580.34,707.03,228.08,442.87,0.5438
3204,938,3743,124.91,804.94,329.95,320.65,0.5345
3205,940,18147,208.09,228.9,212.49,411.96,0.98
3206,940,3351,420.73,898.01,192.13,191.78,0.9476
3207,940,16232,642.88,321.31,191.34,193.76,0.9446
3208,940,2483,208.42,230.81,215.35,410.19,0.2049
3209,941,3351,325.66,142.04,186.11,189.74,0.9976
3210,941,18147,515.15,549.75,217.92,445.86,0.969
3211,941,16232,90.47,711.42,192.69,193.21,0.951
3212,941,22074,86.09,707.1,201.31,196.74,0.2185
3213,942,3351,366.56,199.14,185.01,184.88,0.9973
3214,942,16232,130.92,801.24,192.2,188.69,0.9698
3215,942,18147,557.36,641.7,214.69,448.53,0.9671
3216,942,35206,556.91,638.63,212.33,443.18,0.2415
3217,945,3483,149.93,217.38,251.11,228.8,0.9849
3218,945,19861,637.28,276.1,223.51,174.63,0.9375
3219,945,20238,114.09,853.78,229.25,229.2,0.8503
3220,945,12778,649.17,640.13,291.47,521.65,0.558
3221,947,16232,140.71,846.09,197.94,192.98,0.9638
3222,947,3483,133.93,292.85,275.41,169.92,0.914
3223,947,28763,596.28,889.4,215.45,209.58,0.8995
3224,947,21771,681.72,255.64,210.29,195.36,0.5559
3225,948,3483,592.13,848.48,282.78,166.23,0.9582
3226,948,16232,644.86,230.62,194.31,184.04,0.9358
3227,948,28763,182.44,176.22,213.57,203.85,0.8694
3228,948,38162,180.41,169.97,221.4,219.0,0.625
3229,949,3483,142.04,289.54,212.93,259.93,0.9766
3230,949,16262,108.43,838.23,247.1,241.55,0.921
3231,949,20877,541.87,290.66,334.71,238.36,0.8532
3232,949,16688,495.97,720.06,428.58,409.65,0.5881
3233,95,3351,336.98,182.99,183.35,185.18,0.9948
3234,95,32310,494.93,717.7,385.69,239.98,0.9475
3235,95,29667,59.58,742.98,230.97,230.44,0.9356
3236,95,31863,64.0,743.77,224.83,230.99,0.6812
3237,950,3483,622.7,714.46,214.48,270.52,0.9722
3238,950,16262,601.63,183.5,238.23,231.27,0.8979
3239,950,30308,62.73,118.57,401.73,386.08,0.8006
3240,950,20877,82.75,723.21,334.68,244.74,0.78
3241,951,3483,651.71,750.03,208.56,266.48,0.9505
3242,951,16262,628.68,193.43,243.62,230.31,0.9002
3243,951,20877,113.99,771.72,332.72,228.54,0.8889
3244,951,30308,79.73,134.32,413.17,398.12,0.7094
3245,952,16262,163.6,833.56,252.08,244.55,0.9467
3246,952,3483,127.02,271.93,271.19,188.35,0.9369
3247,952,25469,570.49,230.67,367.71,219.62,0.8548
3248,952,30308,559.66,643.31,384.37,434.57,0.5647
3249,953,3483,572.97,807.67,289.39,197.09,0.9555
3250,953,16262,544.54,188.6,238.23,228.71,0.8911
3251,953,25469,11.13,814.51,380.26,216.69,0.8859
3252,953,30308,39.29,160.73,366.02,414.98,0.7216
3253,954,3483,603.73,844.32,279.62,185.42,0.9689
3254,954,25469,44.95,854.78,379.27,222.12,0.9347
3255,954,16262,573.94,193.12,244.52,234.65,0.8312
3256,954,30308,52.69,182.25,386.59,421.6,0.7098
3257,956,1900,158.22,251.23,204.45,126.53,0.9461
3258,956,19607,140.75,864.43,159.49,153.64,0.8951
3259,956,16551,595.96,0,308.67,445.46,0.8686
3260,956,27926,592.43,674.38,254.01,478.94,0.7446
3261,957,1900,631.74,893.86,208.18,134.38,0.9751
3262,957,19607,689.26,298.45,158.4,150.61,0.9426
3263,957,16551,78.71,788.46,309.87,485.47,0.8303
3264,957,27926,149.76,144.18,257.12,453.63,0.6886
3265,962,1900,146.63,241.39,180.09,181.9,0.9749
3266,962,19607,141.67,848.61,162.07,157.29,0.9586
3267,962,16551,622.26,111.01,283.2,471.79,0.7934
3268,962,29451,472.05,780.77,401.11,271.56,0.7693
3269,966,1900,657.43,904.47,208.23,145.83,0.9796
3270,966,16548,126.98,851.75,245.9,239.32,0.9388
3271,966,27926,134.97,130.25,249.0,417.29,0.5678
3272,966,29345,140.74,128.23,239.45,417.8,0.3252
3273,967,3351,406.07,887.11,189.46,192.79,0.9872
3274,967,29667,589.21,303.57,226.74,221.85,0.961
3275,967,41768,130.05,301.43,256.74,297.8,0.9557
3276,967,31863,589.4,308.39,222.04,220.58,0.3364
3277,968,3351,340.24,154.04,184.21,188.17,0.9989
3278,968,41768,553.42,621.48,274.66,308.08,0.972
3279,968,29667,110.04,696.21,232.25,231.55,0.9401
3280,968,18147,554.16,620.06,271.66,312.65,0.3643
3281,97,1900,687.62,806.64,128.98,204.88,0.9832
3282,97,19607,665.86,253.59,157.92,150.86,0.9167
3283,97,29345,114.47,166.2,307.08,404.86,0.8885
3284,97,16548,96.11,819.75,247.26,238.7,0.799
3285,972,1900,139.65,242.59,199.71,126.41,0.9516
3286,972,21771,125.11,774.38,193.08,189.76,0.9314
3287,972,27926,565.08,629.0,264.97,488.25,0.7425
3288,972,16551,568.15,14.36,331.7,439.4,0.6992
3289,973,1900,181.27,267.11,129.55,200.35,0.9855
3290,973,16551,569.44,83.4,306.28,470.47,0.9127
3291,973,29345,610.19,717.86,283.83,441.08,0.8861
3292,973,21771,180.68,883.26,195.06,187.64,0.7371
3293,974,1900,160.0,255.94,128.09,201.05,0.9689
3294,974,29345,581.33,677.3,288.18,443.54,0.8792
3295,974,16551,537.67,71.38,303.34,462.75,0.8745
3296,974,21771,143.75,849.31,203.63,190.85,0.7071
3297,975,1900,685.62,808.0,129.7,205.51,0.9809
3298,975,21771,617.74,251.75,189.56,180.32,0.8384
3299,975,29345,116.32,153.09,268.61,415.15,0.8336
3300,975,16551,101.54,687.43,316.65,485.11,0.74
3301,979,3351,390.7,157.64,184.65,186.71,0.9952
3302,979,22074,582.55,709.55,190.18,194.44,0.981
3303,979,18357,65.64,547.34,299.24,343.28,0.963
3304,979,25469,65.64,547.34,299.24,343.28,0.2787
3305,980,3351,353.37,873.06,188.72,191.53,0.9735
3306,980,22074,167.15,313.87,189.24,189.78,0.9539
3307,980,18357,572.43,306.61,283.66,322.46,0.9426
3308,980,3351,171.13,313.42,186.12,187.56,0.5018
3309,982,2483,663.83,126.5,205.45,456.76,0.9572
3310,982,20014,116.14,842.04,328.75,325.71,0.4668
3311,982,19552,115.85,141.14,284.1,477.98,0.4578
3312,982,3832,631.36,684.05,246.17,498.98,0.4359
3313,983,2483,673.48,82.42,200.53,477.31,0.9395
3314,983,3743,112.39,834.33,327.35,318.67,0.6198
3315,983,12778,113.3,94.91,283.49,493.43,0.5026
3316,983,16548,111.61,834.75,328.6,318.83,0.4787
3317,984,2483,59.38,651.04,199.88,478.62,0.8232
3318,984,13395,86.72,100.07,222.34,462.88,0.5477
3319,984,20014,490.78,130.05,318.86,302.52,0.5418
3320,984,3743,490.92,129.55,319.57,302.58,0.4978
3321,985,1900,137.62,216.79,203.58,153.91,0.9144
3322,985,16548,574.38,182.74,235.06,228.21,0.8368
3323,985,29451,517.71,805.69,424.58,224.54,0.7943
3324,985,33009,516.64,807.43,422.41,224.99,0.322
3325,986,1900,632.14,899.04,208.65,156.63,0.9029
3326,986,29451,44.61,236.23,403.68,219.23,0.7006
3327,986,16548,140.18,837.47,245.18,239.84,0.6818
3328,986,28763,652.31,257.63,183.35,269.62,0.5797
3329,988,3483,598.66,870.6,259.81,228.23,0.973
3330,988,19861,122.87,864.42,222.99,171.4,0.9613
3331,988,22347,156.76,183.18,207.68,198.24,0.9324
3332,988,36637,617.44,199.95,268.32,150.21,0.6721
3333,989,3483,572.9,836.74,256.88,232.35,0.9833
3334,989,19861,88.39,826.22,228.23,176.52,0.923
3335,989,22347,140.88,176.99,200.89,194.52,0.8631
3336,989,36637,589.94,194.97,261.42,151.07,0.6139
3337,990,3483,153.94,216.07,247.93,224.84,0.9777
3338,990,19861,640.32,277.32,221.42,171.71,0.9562
3339,990,22347,624.76,884.42,217.1,209.4,0.8287
3340,990,27993,92.43,906.08,274.63,164.09,0.7547
3341,991,16548,572.93,221.71,230.76,224.06,0.9269
3342,991,3544,90.28,220.11,205.22,201.69,0.9056
3343,991,16262,586.45,774.95,225.61,220.48,0.6588
3344,991,16232,92.63,220.47,208.38,200.03,0.4554
3345,993,16548,600.45,232.02,240.18,225.11,0.9413
3346,993,3544,105.18,230.81,215.55,203.65,0.9332
3347,993,16262,611.57,811.95,224.61,212.12,0.5757
3348,993,19607,135.92,860.86,179.09,166.11,0.4193
3349,994,16262,115.29,848.61,250.69,241.47,0.954
3350,994,3483,132.95,295.36,277.32,167.68,0.923
3351,994,16688,503.7,751.77,393.76,432.01,0.8838
3352,994,22347,681.79,258.58,206.17,194.36,0.681
3353,996,16262,624.26,180.94,243.67,231.05,0.9592
3354,996,3483,591.99,846.16,282.26,167.38,0.9343
3355,996,30308,102.49,75.51,384.27,421.72,0.7631
3356,996,16551,109.28,74.37,386.33,422.92,0.6321
3357,997,1900,145.59,240.29,181.81,182.17,0.9802
3358,997,16551,586.82,62.47,280.3,473.32,0.7598
3359,997,29451,455.32,810.23,426.98,219.86,0.7361
3360,997,21771,121.09,807.23,197.08,188.91,0.5846
3361,998,1900,163.67,247.93,183.97,184.96,0.9639
3362,998,16551,613.54,71.0,291.27,481.6,0.7793
3363,998,21771,158.16,839.84,189.54,184.71,0.7249
3364,998,29451,487.77,850.57,420.28,212.54,0.5435
3365,999,1900,642.08,844.13,189.52,190.09,0.9419
3366,999,21771,643.63,290.46,190.42,184.9,0.7015
3367,999,29451,99.84,238.58,411.04,212.19,0.623
3368,999,16551,78.63,686.66,294.21,491.77,0.5279
